text,label,generator,char_length,length_bracket,domain,id,text_fst,pred_pure,prob_pure,pred_pure_fst_input,prob_pure_fst_input,pred_fst,prob_fst
"Жақсы қолданба,2016дан бері қолданып жүрмін,бәрі жақсы👍🏼",0,human,56,short,consumer_reviews,0,"Жақ -сы қолданба,2016 -дан бер -і қолданып жүрмін,бәр -і жақсы👍🏼",0,0.0009027639753185213,0,0.0003382544091437012,0,0.0008212982211261988
Маған қызыма керек каспи сол үшін бастырдым маған ұнайды,0,human,56,short,consumer_reviews,1,Маған қызыма керек каспи сол үшін бастырды -м маған ұна -йды,0,0.00018714391626417637,0,0.00013065662642475218,0,0.00015540604363195598
30 минут күтіп тұрмын код жібермейді,0,human,36,short,consumer_reviews,2,30 минут күтіп тұр -мын код жіберме -йді,0,0.0030843697022646666,0,0.0005259877652861178,0,0.00020519109966699034
жаксы унады,0,human,11,short,consumer_reviews,3,жак -сы уна -ды,0,0.00028393426327966154,0,0.00030923241865821183,0,0.00010039125481853262
күшті қызық видиолар көп шығады,0,human,31,short,consumer_reviews,4,күш -ті қызық видио -лар көп шығ -ады,0,0.007852618582546711,0,0.0026671141386032104,0,0.00020029018924105912
Өте жоғары сапада,0,human,17,short,consumer_reviews,5,Өте жоғар -ы сапа -да,0,0.00013000504986848682,0,0.00012544213677756488,0,0.00013205267896410078
маған өте қатты үнады керемет 👍🏻👍🏻👍🏻,0,human,36,short,consumer_reviews,6,маған өте қат -ты үна -ды керемет 👍🏻👍🏻👍🏻,0,0.00020374184532556683,0,0.00011873157200170681,0,0.0002513947547413409
барлық адамға керек шығар💋💋,0,human,27,short,consumer_reviews,7,барлық ада -м -ға керек шығар💋💋,0,0.0006828623590990901,0,0.0006599000771529973,0,0.00014338026812765747
Негізі қолданып көруге болады. Маған ұнады керемет ❤,0,human,52,short,consumer_reviews,8,Негіз -і қолданып көру -ге болады. Маған ұна -ды керемет ❤,0,0.00012149890244472772,0,0.00015770777827128768,0,0.0003015751426573843
жаксы корем,0,human,11,short,consumer_reviews,9,жак -сы коре -м,0,0.001712008030153811,0,0.0006525270291604102,0,0.00010548437421675771
өте тамаша,0,human,10,short,consumer_reviews,10,өте тамаша,0,0.0003530772519297898,0,0.0003530772519297898,0,0.00027823992422781885
Неге обновить етілмейд,0,human,22,short,consumer_reviews,11,Неге обновить етілмейд,0,0.00010090337309520692,0,0.00010090337309520692,0,0.0007527002017013729
керемет бірақ жаңартуды көп қажет ететіні жаман.,0,human,48,short,consumer_reviews,12,керемет бірақ жаңарту -ды көп қажет етет -і -ні жаман.,1,0.9977093935012817,0,0.00339649454690516,0,0.0002464928838890046
жаксы корем,0,human,11,short,consumer_reviews,13,жак -сы коре -м,0,0.001712008030153811,0,0.0006525270291604102,0,0.00010548437421675771
Каспи деген кайф қоее,0,human,21,short,consumer_reviews,14,Каспи деген кайф қоее,0,0.00028690058388747275,0,0.00028690058388747275,0,0.00014948591706342995
Оте кереметттт,0,human,14,short,consumer_reviews,15,Оте кереметттт,0,0.00011400121729820967,0,0.00011400121729820967,0,0.00032781579648144543
"шын ба,әлде адам саны керек пе тиркелген?",0,human,41,short,consumer_reviews,16,"шын ба,әл -де ада -м сан -ы керек пе тиркелген?",1,0.6795300841331482,0,0.008897298946976662,0,0.00029298209119588137
каспи ашыл,0,human,10,short,consumer_reviews,17,каспи ашыл,0,0.0007986964774318039,0,0.0007986957207322121,0,0.00025692631606943905
барлық адамға керек шығар💋💋,0,human,27,short,consumer_reviews,18,барлық ада -м -ға керек шығар💋💋,0,0.0006828623590990901,0,0.0006599000771529973,0,0.00014338026812765747
ЗАЙБАЛ СЕТ ЫСТАМАЙ СІКТІҒОЙ,0,human,27,short,consumer_reviews,19,ЗАЙБАЛ СЕТ ЫСТАМАЙ СІКТІҒОЙ,0,0.0002532761136535555,0,0.0002532761136535555,0,0.00021923769963905215
Өте жоғары сапада,0,human,17,short,consumer_reviews,20,Өте жоғар -ы сапа -да,0,0.00013000504986848682,0,0.00012544213677756488,0,0.00013205267896410078
керемет қолданба,0,human,16,short,consumer_reviews,21,керемет қолданба,1,0.7565017938613892,1,0.756502091884613,0,0.0003786635061260313
Турысова Айжан дегенистаграма кргим келеді,0,human,42,short,consumer_reviews,22,Турысова Айжан дегенистаграма крги -м кел -еді,0,0.0004339685256127268,0,0.00026265945052728057,0,0.0001701105065876618
неге қазақша жоқ,0,human,16,short,consumer_reviews,23,неге қазақша жоқ,0,0.00019764639728236943,0,0.0001976462226593867,0,0.00043360504787415266
Ренжымегейсын,0,human,13,short,consumer_reviews,24,Ренжымегей -сын,0,0.0001264100574189797,0,0.00012988584057893604,0,0.00016662497364450246
30 минут күтіп тұрмын код жібермейді,0,human,36,short,consumer_reviews,25,30 минут күтіп тұр -мын код жіберме -йді,0,0.0030843697022646666,0,0.0005259877652861178,0,0.00020519109966699034
өте керемет кушты маған унады💘💞🫠,0,human,32,short,consumer_reviews,26,өте керемет куш -ты маған унады💘💞🫠,0,0.0003079368034377694,0,0.0001597535883774981,0,0.00017082180420402437
Өте керемет маған ұнады,0,human,23,short,consumer_reviews,27,Өте керемет маған ұна -ды,0,0.00011166500917170197,0,8.975154196377844e-05,0,0.00013714707165490836
Өте жоғары сапада,0,human,17,short,consumer_reviews,28,Өте жоғар -ы сапа -да,0,0.00013000504986848682,0,0.00012544213677756488,0,0.00013205267896410078
өте керемет,0,human,11,short,consumer_reviews,29,өте керемет,0,0.00031301393755711615,0,0.00031301393755711615,0,0.0002514978405088186
каспи ашыл,0,human,10,short,consumer_reviews,30,каспи ашыл,0,0.0007986964774318039,0,0.0007986957207322121,0,0.00025692631606943905
жаксы унады,0,human,11,short,consumer_reviews,31,жак -сы уна -ды,0,0.00028393426327966154,0,0.00030923241865821183,0,0.00010039125481853262
Маған ватсап ашылмаиды 3 нөмір ба ашпаидв,0,human,41,short,consumer_reviews,32,Маған ватсап ашылмаи -ды 3 нөмір ба ашпаидв,0,0.0001608338934602216,0,0.000142881297506392,0,0.0002777141344267875
Өте керемет,0,human,11,short,consumer_reviews,33,Өте керемет,0,0.00014263462799135596,0,0.000142634758958593,0,0.0002381092926952988
неге қазақша жоқ,0,human,16,short,consumer_reviews,34,неге қазақша жоқ,0,0.00019764639728236943,0,0.0001976462226593867,0,0.00043360504787415266
Күшті керемет екен,0,human,18,short,consumer_reviews,35,Күш -ті керемет екен,0,0.00027655891608446836,0,0.0006546354852616787,0,0.00018922347226180136
Өте жақсы 👍,0,human,11,short,consumer_reviews,36,Өте жақ -сы 👍,0,0.00014157177065499127,0,9.805638546822593e-05,0,0.0001469228882342577
Өте керемет маған ұнады,0,human,23,short,consumer_reviews,37,Өте керемет маған ұна -ды,0,0.00011166500917170197,0,8.975154196377844e-05,0,0.00013714707165490836
өте керемет еш қандай кемшілік жоқ,0,human,34,short,consumer_reviews,38,өте керемет еш қандай кемшілік жоқ,0,0.00015157012967392802,0,0.00015156998415477574,0,0.00021542336617130786
өте жақсы қолданба маған ұнады барлығы бір қолданбада🤩,0,human,54,short,consumer_reviews,39,өте жақ -сы қолданба маған ұна -ды барлығ -ы бір қолданбада🤩,0,0.00024345071869902313,0,0.00018598302267491817,0,0.0001378134184051305
Өте жоғары сапада,0,human,17,short,consumer_reviews,40,Өте жоғар -ы сапа -да,0,0.00013000504986848682,0,0.00012544213677756488,0,0.00013205267896410078
Өте керемет ғой бұл деген,0,human,25,short,consumer_reviews,41,Өте керемет ғой бұл деген,0,0.00010872924030991271,0,0.00010872924030991271,0,0.00020336182205937803
керемет бірақ жаңартуды көп қажет ететіні жаман.,0,human,48,short,consumer_reviews,42,керемет бірақ жаңарту -ды көп қажет етет -і -ні жаман.,1,0.9977093935012817,0,0.00339649454690516,0,0.0002464928838890046
маған өте қатты үнады керемет 👍🏻👍🏻👍🏻,0,human,36,short,consumer_reviews,43,маған өте қат -ты үна -ды керемет 👍🏻👍🏻👍🏻,0,0.00020374184532556683,0,0.00011873157200170681,0,0.0002513947547413409
күштііі ❤️,0,human,10,short,consumer_reviews,44,күштіі -і ❤️,0,0.0018513756804168224,0,0.0020934639032930136,0,0.000146445250720717
Өте керемет,0,human,11,short,consumer_reviews,45,Өте керемет,0,0.00014263462799135596,0,0.000142634758958593,0,0.0002381092926952988
барлық адамға керек шығар💋💋,0,human,27,short,consumer_reviews,46,барлық ада -м -ға керек шығар💋💋,0,0.0006828623590990901,0,0.0006599000771529973,0,0.00014338026812765747
рекламаларын урайн,0,human,18,short,consumer_reviews,47,рекламаларын урайн,0,0.0007987889694049954,0,0.0007987893768586218,0,0.00030949877691455185
керемет бірақ жаңартуды көп қажет ететіні жаман.,0,human,48,short,consumer_reviews,48,керемет бірақ жаңарту -ды көп қажет етет -і -ні жаман.,1,0.9977093935012817,0,0.00339649454690516,0,0.0002464928838890046
жаксы корем,0,human,11,short,consumer_reviews,49,жак -сы коре -м,0,0.001712008030153811,0,0.0006525270291604102,0,0.00010548437421675771
өте керемет,0,human,11,short,consumer_reviews,50,өте керемет,0,0.00031301393755711615,0,0.00031301393755711615,0,0.0002514978405088186
ыңғайлы. топ қой қай жағынан карасакта,0,human,38,short,consumer_reviews,51,ыңғайлы. топ қой қай жағ -ы -нан карасак -та,0,0.0006020204164087772,0,0.00038219988346099854,0,0.00010902637586696073
неге қазақша жоқ,0,human,16,short,consumer_reviews,52,неге қазақша жоқ,0,0.00019764639728236943,0,0.0001976462226593867,0,0.00043360504787415266
күшті қызық видиолар көп шығады,0,human,31,short,consumer_reviews,53,күш -ті қызық видио -лар көп шығ -ады,0,0.007852618582546711,0,0.0026671141386032104,0,0.00020029018924105912
Өте керемет,0,human,11,short,consumer_reviews,54,Өте керемет,0,0.00014263462799135596,0,0.000142634758958593,0,0.0002381092926952988
Күшті екен кім шығард отбасысы аман болсын,0,human,42,short,consumer_reviews,55,Күш -ті екен кім шығард отбасы -сы аман бол -сын,0,0.0003120982728432864,0,0.00039626818033866584,0,0.0001708965573925525
Өте керемет маған ұнады,0,human,23,short,consumer_reviews,56,Өте керемет маған ұна -ды,0,0.00011166500917170197,0,8.975154196377844e-05,0,0.00013714707165490836
ыңғайлы. топ қой қай жағынан карасакта,0,human,38,short,consumer_reviews,57,ыңғайлы. топ қой қай жағ -ы -нан карасак -та,0,0.0006020204164087772,0,0.00038219988346099854,0,0.00010902637586696073
жаксы тек неге видео қуады?,0,human,27,short,consumer_reviews,58,жак -сы тек неге видео қуады?,1,0.989968478679657,1,0.9493945240974426,0,0.00029145838925614953
менде қазірге жақсы,0,human,19,short,consumer_reviews,59,менде қазір -ге жақ -сы,0,0.00017780429334379733,0,0.0001518430799478665,0,0.00012862277799285948
менің аккаунтымды өшіріп тастады...өте нашар жаман,0,human,50,short,consumer_reviews,60,мені -ң аккаунт -ымды өшіріп тастады...ө -те нашар жаман,0,0.07960142195224762,0,0.022476423531770706,0,0.0002105182211380452
өте керемет кушты маған унады💘💞🫠,0,human,32,short,consumer_reviews,61,өте керемет куш -ты маған унады💘💞🫠,0,0.0003079368034377694,0,0.0001597535883774981,0,0.00017082180420402437
ote keremet,0,human,11,short,consumer_reviews,62,ote keremet,0,0.0005028174491599202,0,0.0005028179148212075,0,0.00044968159636482596
Күшті екен кім шығард отбасысы аман болсын,0,human,42,short,consumer_reviews,63,Күш -ті екен кім шығард отбасы -сы аман бол -сын,0,0.0003120982728432864,0,0.00039626818033866584,0,0.0001708965573925525
өте керемет еш қандай кемшілік жоқ,0,human,34,short,consumer_reviews,64,өте керемет еш қандай кемшілік жоқ,0,0.00015157012967392802,0,0.00015156998415477574,0,0.00021542336617130786
30 минут күтіп тұрмын код жібермейді,0,human,36,short,consumer_reviews,65,30 минут күтіп тұр -мын код жіберме -йді,0,0.0030843697022646666,0,0.0005259877652861178,0,0.00020519109966699034
очень классное приложение,0,human,25,short,consumer_reviews,66,очень классное приложение,0,0.0015328440349549055,0,0.0015328411245718598,0,0.0007779180887155235
Өте керемет,0,human,11,short,consumer_reviews,67,Өте керемет,0,0.00014263462799135596,0,0.000142634758958593,0,0.0002381092926952988
Ақ бола берді,0,human,13,short,consumer_reviews,68,Ақ бола бер -ді,0,0.0001139447049354203,0,0.00018620002083480358,0,0.000161185918841511
керемет бірақ жаңартуды көп қажет ететіні жаман.,0,human,48,short,consumer_reviews,69,керемет бірақ жаңарту -ды көп қажет етет -і -ні жаман.,1,0.9977093935012817,0,0.00339649454690516,0,0.0002464928838890046
жаксы тек неге видео қуады?,0,human,27,short,consumer_reviews,70,жак -сы тек неге видео қуады?,1,0.989968478679657,1,0.9493945240974426,0,0.00029145838925614953
Негізі қолданып көруге болады. Маған ұнады керемет ❤,0,human,52,short,consumer_reviews,71,Негіз -і қолданып көру -ге болады. Маған ұна -ды керемет ❤,0,0.00012149890244472772,0,0.00015770777827128768,0,0.0003015751426573843
Күшті екен кім шығард отбасысы аман болсын,0,human,42,short,consumer_reviews,72,Күш -ті екен кім шығард отбасы -сы аман бол -сын,0,0.0003120982728432864,0,0.00039626818033866584,0,0.0001708965573925525
ЗАЙБАЛ СЕТ ЫСТАМАЙ СІКТІҒОЙ,0,human,27,short,consumer_reviews,73,ЗАЙБАЛ СЕТ ЫСТАМАЙ СІКТІҒОЙ,0,0.0002532761136535555,0,0.0002532761136535555,0,0.00021923769963905215
ыңғайлы. топ қой қай жағынан карасакта,0,human,38,short,consumer_reviews,74,ыңғайлы. топ қой қай жағ -ы -нан карасак -та,0,0.0006020204164087772,0,0.00038219988346099854,0,0.00010902637586696073
жаксы унады,0,human,11,short,consumer_reviews,75,жак -сы уна -ды,0,0.00028393426327966154,0,0.00030923241865821183,0,0.00010039125481853262
өте жақсы приложеня,0,human,19,short,consumer_reviews,76,өте жақ -сы приложеня,0,0.0003039194270968437,0,0.00012681778753176332,0,0.00012329462333582342
рекламаларын урайн,0,human,18,short,consumer_reviews,77,рекламаларын урайн,0,0.0007987889694049954,0,0.0007987893768586218,0,0.00030949877691455185
ЗАЙБАЛ СЕТ ЫСТАМАЙ СІКТІҒОЙ,0,human,27,short,consumer_reviews,78,ЗАЙБАЛ СЕТ ЫСТАМАЙ СІКТІҒОЙ,0,0.0002532761136535555,0,0.0002532761136535555,0,0.00021923769963905215
очень классное приложение,0,human,25,short,consumer_reviews,79,очень классное приложение,0,0.0015328440349549055,0,0.0015328411245718598,0,0.0007779180887155235
100%сенімді,0,human,11,short,consumer_reviews,80,100%сені -м -ді,0,0.000140749616548419,0,0.0003989168908447027,0,0.00015023899322841316
ыңғайлы. топ қой қай жағынан карасакта,0,human,38,short,consumer_reviews,81,ыңғайлы. топ қой қай жағ -ы -нан карасак -та,0,0.0006020204164087772,0,0.00038219988346099854,0,0.00010902637586696073
Ренжымегейсын,0,human,13,short,consumer_reviews,82,Ренжымегей -сын,0,0.0001264100574189797,0,0.00012988584057893604,0,0.00016662497364450246
Турысова Айжан дегенистаграма кргим келеді,0,human,42,short,consumer_reviews,83,Турысова Айжан дегенистаграма крги -м кел -еді,0,0.0004339685256127268,0,0.00026265945052728057,0,0.0001701105065876618
Турысова Айжан дегенистаграма кргим келеді,0,human,42,short,consumer_reviews,84,Турысова Айжан дегенистаграма крги -м кел -еді,0,0.0004339685256127268,0,0.00026265945052728057,0,0.0001701105065876618
өте керемет,0,human,11,short,consumer_reviews,85,өте керемет,0,0.00031301393755711615,0,0.00031301393755711615,0,0.0002514978405088186
Уақыттың соры!,0,human,14,short,consumer_reviews,86,Уақыт -тың соры!,1,0.9994056224822998,1,0.9996510744094849,0,0.00027731485897675157
өте керемет еш қандай кемшілік жоқ,0,human,34,short,consumer_reviews,87,өте керемет еш қандай кемшілік жоқ,0,0.00015157012967392802,0,0.00015156998415477574,0,0.00021542336617130786
менде қазірге жақсы,0,human,19,short,consumer_reviews,88,менде қазір -ге жақ -сы,0,0.00017780429334379733,0,0.0001518430799478665,0,0.00012862277799285948
өте керемет кушты маған унады💘💞🫠,0,human,32,short,consumer_reviews,89,өте керемет куш -ты маған унады💘💞🫠,0,0.0003079368034377694,0,0.0001597535883774981,0,0.00017082180420402437
Күштіііііі,0,human,10,short,consumer_reviews,90,Күштііііі -і,0,0.00011441788956290111,0,0.00013178939116187394,0,0.00011910010653082281
Өте керемет,0,human,11,short,consumer_reviews,91,Өте керемет,0,0.00014263462799135596,0,0.000142634758958593,0,0.0002381092926952988
өте тамаша,0,human,10,short,consumer_reviews,92,өте тамаша,0,0.0003530772519297898,0,0.0003530772519297898,0,0.00027823992422781885
Ренжымегейсын,0,human,13,short,consumer_reviews,93,Ренжымегей -сын,0,0.0001264100574189797,0,0.00012988584057893604,0,0.00016662497364450246
очень классное приложение,0,human,25,short,consumer_reviews,94,очень классное приложение,0,0.0015328440349549055,0,0.0015328411245718598,0,0.0007779180887155235
Өте керемет,0,human,11,short,consumer_reviews,95,Өте керемет,0,0.00014263462799135596,0,0.000142634758958593,0,0.0002381092926952988
Өте жақсы 👍,0,human,11,short,consumer_reviews,96,Өте жақ -сы 👍,0,0.00014157177065499127,0,9.805638546822593e-05,0,0.0001469228882342577
Негізі қолданып көруге болады. Маған ұнады керемет ❤,0,human,52,short,consumer_reviews,97,Негіз -і қолданып көру -ге болады. Маған ұна -ды керемет ❤,0,0.00012149890244472772,0,0.00015770777827128768,0,0.0003015751426573843
очень классное приложение,0,human,25,short,consumer_reviews,98,очень классное приложение,0,0.0015328440349549055,0,0.0015328411245718598,0,0.0007779180887155235
очень классное приложение,0,human,25,short,consumer_reviews,99,очень классное приложение,0,0.0015328440349549055,0,0.0015328411245718598,0,0.0007779180887155235
Ақ бола берді,0,human,13,short,consumer_reviews,100,Ақ бола бер -ді,0,0.0001139447049354203,0,0.00018620002083480358,0,0.000161185918841511
өте керемет кушты маған унады💘💞🫠,0,human,32,short,consumer_reviews,101,өте керемет куш -ты маған унады💘💞🫠,0,0.0003079368034377694,0,0.0001597535883774981,0,0.00017082180420402437
неге қазақша жоқ,0,human,16,short,consumer_reviews,102,неге қазақша жоқ,0,0.00019764639728236943,0,0.0001976462226593867,0,0.00043360504787415266
ыңғайлы. топ қой қай жағынан карасакта,0,human,38,short,consumer_reviews,103,ыңғайлы. топ қой қай жағ -ы -нан карасак -та,0,0.0006020204164087772,0,0.00038219988346099854,0,0.00010902637586696073
Негізі қолданып көруге болады. Маған ұнады керемет ❤,0,human,52,short,consumer_reviews,104,Негіз -і қолданып көру -ге болады. Маған ұна -ды керемет ❤,0,0.00012149890244472772,0,0.00015770777827128768,0,0.0003015751426573843
вацап шыгарып берыныз,0,human,21,short,consumer_reviews,105,вацап шыгарып берыныз,0,0.0004686395695898682,0,0.0004686400352511555,0,0.0003803933796007186
өте керемет еш қандай кемшілік жоқ,0,human,34,short,consumer_reviews,106,өте керемет еш қандай кемшілік жоқ,0,0.00015157012967392802,0,0.00015156998415477574,0,0.00021542336617130786
"шын ба,әлде адам саны керек пе тиркелген?",0,human,41,short,consumer_reviews,107,"шын ба,әл -де ада -м сан -ы керек пе тиркелген?",1,0.6795300841331482,0,0.008897298946976662,0,0.00029298209119588137
өте керемет,0,human,11,short,consumer_reviews,108,өте керемет,0,0.00031301393755711615,0,0.00031301393755711615,0,0.0002514978405088186
Күшті керемет екен,0,human,18,short,consumer_reviews,109,Күш -ті керемет екен,0,0.00027655891608446836,0,0.0006546354852616787,0,0.00018922347226180136
өте жақсы қолданба маған ұнады барлығы бір қолданбада🤩,0,human,54,short,consumer_reviews,110,өте жақ -сы қолданба маған ұна -ды барлығ -ы бір қолданбада🤩,0,0.00024345071869902313,0,0.00018598302267491817,0,0.0001378134184051305
Маған қызыма керек каспи сол үшін бастырдым маған ұнайды,0,human,56,short,consumer_reviews,111,Маған қызыма керек каспи сол үшін бастырды -м маған ұна -йды,0,0.00018714391626417637,0,0.00013065662642475218,0,0.00015540604363195598
Турысова Айжан дегенистаграма кргим келеді,0,human,42,short,consumer_reviews,112,Турысова Айжан дегенистаграма крги -м кел -еді,0,0.0004339685256127268,0,0.00026265945052728057,0,0.0001701105065876618
Күштіііііі,0,human,10,short,consumer_reviews,113,Күштііііі -і,0,0.00011441788956290111,0,0.00013178939116187394,0,0.00011910010653082281
Өте керемет,0,human,11,short,consumer_reviews,114,Өте керемет,0,0.00014263462799135596,0,0.000142634758958593,0,0.0002381092926952988
өте жақсы қолданба маған ұнады барлығы бір қолданбада🤩,0,human,54,short,consumer_reviews,115,өте жақ -сы қолданба маған ұна -ды барлығ -ы бір қолданбада🤩,0,0.00024345071869902313,0,0.00018598302267491817,0,0.0001378134184051305
вацап шыгарып берыныз,0,human,21,short,consumer_reviews,116,вацап шыгарып берыныз,0,0.0004686395695898682,0,0.0004686400352511555,0,0.0003803933796007186
жаксы тек неге видео қуады?,0,human,27,short,consumer_reviews,117,жак -сы тек неге видео қуады?,1,0.989968478679657,1,0.9493945240974426,0,0.00029145838925614953
Өте жоғары сапада,0,human,17,short,consumer_reviews,118,Өте жоғар -ы сапа -да,0,0.00013000504986848682,0,0.00012544213677756488,0,0.00013205267896410078
"Жақсы қолданба,2016дан бері қолданып жүрмін,бәрі жақсы👍🏼",0,human,56,short,consumer_reviews,119,"Жақ -сы қолданба,2016 -дан бер -і қолданып жүрмін,бәр -і жақсы👍🏼",0,0.0009027639753185213,0,0.0003382544091437012,0,0.0008212982211261988
закрытый чатымды білсе бітті😆,0,human,29,short,consumer_reviews,120,закрытый чаты -м -ды білсе бітті😆,0,0.00062272057402879,0,0.00016828264051582664,0,0.0001495519099989906
Өте керемет ғой бұл деген,0,human,25,short,consumer_reviews,121,Өте керемет ғой бұл деген,0,0.00010872924030991271,0,0.00010872924030991271,0,0.00020336182205937803
норым емес,0,human,10,short,consumer_reviews,122,норы -м емес,0,0.0011099940165877342,0,0.00035619657137431204,0,0.00011335429007885978
керемет қолданба,0,human,16,short,consumer_reviews,123,керемет қолданба,1,0.7565017938613892,1,0.756502091884613,0,0.0003786635061260313
норым емес,0,human,10,short,consumer_reviews,124,норы -м емес,0,0.0011099940165877342,0,0.00035619657137431204,0,0.00011335429007885978
Инст КАЙФФ сөзбен айтп жеткізе алмайм,0,human,37,short,consumer_reviews,125,Инст КАЙФФ сөз -бен айтп жеткізе алмай -м,0,0.0002797083870973438,0,0.00028074419242329895,0,0.00015990978863555938
өте жақсы приложеня,0,human,19,short,consumer_reviews,126,өте жақ -сы приложеня,0,0.0003039194270968437,0,0.00012681778753176332,0,0.00012329462333582342
керемееет😘,0,human,10,short,consumer_reviews,127,керемееет😘,0,0.0005267665255814791,0,0.0005267675151117146,0,0.0004885589587502182
рекламаларын урайн,0,human,18,short,consumer_reviews,128,рекламаларын урайн,0,0.0007987889694049954,0,0.0007987897843122482,0,0.00030949877691455185
Маған ватсап ашылмаиды 3 нөмір ба ашпаидв,0,human,41,short,consumer_reviews,129,Маған ватсап ашылмаи -ды 3 нөмір ба ашпаидв,0,0.0001608338934602216,0,0.000142881297506392,0,0.0002777138724923134
неге қазақша жоқ,0,human,16,short,consumer_reviews,130,неге қазақша жоқ,0,0.00019764639728236943,0,0.0001976460189325735,0,0.00043360504787415266
жаксы унады,0,human,11,short,consumer_reviews,131,жак -сы уна -ды,0,0.00028393426327966154,0,0.00030923241865821183,0,0.00010039125481853262
күшті қызық видиолар көп шығады,0,human,31,short,consumer_reviews,132,күш -ті қызық видио -лар көп шығ -ады,0,0.007852618582546711,0,0.0026671166997402906,0,0.00020029018924105912
Өте керемет маған ұнады,0,human,23,short,consumer_reviews,133,Өте керемет маған ұна -ды,0,0.00011166500917170197,0,8.975163655122742e-05,0,0.00013714707165490836
керемееет😘,0,human,10,short,consumer_reviews,134,керемееет😘,0,0.0005267665255814791,0,0.0005267669912427664,0,0.0004885586677119136
100%сенімді,0,human,11,short,consumer_reviews,135,100%сені -м -ді,0,0.000140749616548419,0,0.0003989170945715159,0,0.00015023899322841316
барлық адамға керек шығар💋💋,0,human,27,short,consumer_reviews,136,барлық ада -м -ға керек шығар💋💋,0,0.0006828623590990901,0,0.0006598991458304226,0,0.00014338039909489453
Өте керемет ғой бұл деген,0,human,25,short,consumer_reviews,137,Өте керемет ғой бұл деген,0,0.00010872924030991271,0,0.00010872924030991271,0,0.00020336182205937803
Өте жоғары сапада,0,human,17,short,consumer_reviews,138,Өте жоғар -ы сапа -да,0,0.00013000504986848682,0,0.00012544202036224306,0,0.00013205256254877895
ыңғайлы. топ қой қай жағынан карасакта,0,human,38,short,consumer_reviews,139,ыңғайлы. топ қой қай жағ -ы -нан карасак -та,0,0.0006020204164087772,0,0.00038220008718781173,0,0.00010902637586696073
күшті қызық видиолар көп шығады,0,human,31,short,consumer_reviews,140,күш -ті қызық видио -лар көп шығ -ады,0,0.007852618582546711,0,0.0026671166997402906,0,0.00020029018924105912
норым емес,0,human,10,short,consumer_reviews,141,норы -м емес,0,0.0011099940165877342,0,0.00035619657137431204,0,0.00011335429007885978
Неге обновить етілмейд,0,human,22,short,consumer_reviews,142,Неге обновить етілмейд,0,0.00010090337309520692,0,0.00010090327850775793,0,0.0007526998524554074
вацап шыгарып берыныз,0,human,21,short,consumer_reviews,143,вацап шыгарып берыныз,0,0.0004686395695898682,0,0.0004686395695898682,0,0.0003803933796007186
күшті қызық видиолар көп шығады,0,human,31,short,consumer_reviews,144,күш -ті қызық видио -лар көп шығ -ады,0,0.007852618582546711,0,0.0026671166997402906,0,0.00020029018924105912
жақсы унады,0,human,11,short,consumer_reviews,145,жақ -сы уна -ды,0,0.00029805622762069106,0,0.0003444286994636059,0,0.00010150382877327502
Өте керемет,0,human,11,short,consumer_reviews,146,Өте керемет,0,0.00014263462799135596,0,0.00014263462799135596,0,0.0002381092926952988
ыңғайлы. топ қой қай жағынан карасакта,0,human,38,short,consumer_reviews,147,ыңғайлы. топ қой қай жағ -ы -нан карасак -та,0,0.0006020204164087772,0,0.00038220008718781173,0,0.00010902637586696073
Өте керемет,0,human,11,short,consumer_reviews,148,Өте керемет,0,0.00014263462799135596,0,0.00014263462799135596,0,0.0002381092926952988
"шын ба,әлде адам саны керек пе тиркелген?",0,human,41,short,consumer_reviews,149,"шын ба,әл -де ада -м сан -ы керек пе тиркелген?",1,0.6795300841331482,0,0.008897308260202408,0,0.00029298182926140726
каспи ашыл,0,human,10,short,consumer_reviews,150,каспи ашыл,0,0.0007986964774318039,0,0.0007986953714862466,0,0.00025692631606943905
керемет бірақ жаңартуды көп қажет ететіні жаман.,0,human,48,short,consumer_reviews,151,керемет бірақ жаңарту -ды көп қажет етет -і -ні жаман.,1,0.9977093935012817,0,0.003396491287276149,0,0.0002464928838890046
вацап шыгарып берыныз,0,human,21,short,consumer_reviews,152,вацап шыгарып берыныз,0,0.0004686395695898682,0,0.0004686395695898682,0,0.0003803933796007186
Инст КАЙФФ сөзбен айтп жеткізе алмайм,0,human,37,short,consumer_reviews,153,Инст КАЙФФ сөз -бен айтп жеткізе алмай -м,0,0.0002797083870973438,0,0.00028074419242329895,0,0.00015990993415471166
Маған ватсап ашылмаиды 3 нөмір ба ашпаидв,0,human,41,short,consumer_reviews,154,Маған ватсап ашылмаи -ды 3 нөмір ба ашпаидв,0,0.0001608338934602216,0,0.000142881297506392,0,0.0002777138724923134
100%сенімді,0,human,11,short,consumer_reviews,155,100%сені -м -ді,0,0.000140749616548419,0,0.0003989170945715159,0,0.00015023899322841316
керемет қолданба,0,human,16,short,consumer_reviews,156,керемет қолданба,1,0.7565017938613892,1,0.7565019726753235,0,0.0003786635061260313
жаксы корем,0,human,11,short,consumer_reviews,157,жак -сы коре -м,0,0.001712008030153811,0,0.0006525270291604102,0,0.0001054844688042067
Өте керемет ғой бұл деген,0,human,25,short,consumer_reviews,158,Өте керемет ғой бұл деген,0,0.00010872924030991271,0,0.00010872924030991271,0,0.00020336182205937803
Өте керемет маған ұнады,0,human,23,short,consumer_reviews,159,Өте керемет маған ұна -ды,0,0.00011166500917170197,0,8.975163655122742e-05,0,0.00013714707165490836
вацап шыгарып берыныз,0,human,21,short,consumer_reviews,160,вацап шыгарып берыныз,0,0.0004686395695898682,0,0.0004686395695898682,0,0.0003803933796007186
маған өте қатты үнады керемет 👍🏻👍🏻👍🏻,0,human,36,short,consumer_reviews,161,маған өте қат -ты үна -ды керемет 👍🏻👍🏻👍🏻,0,0.00020374184532556683,0,0.00011873157200170681,0,0.0002513947547413409
өте керемет,0,human,11,short,consumer_reviews,162,өте керемет,0,0.00031301393755711615,0,0.00031301393755711615,0,0.0002514978405088186
өте жақсы қолданба маған ұнады барлығы бір қолданбада🤩,0,human,54,short,consumer_reviews,163,өте жақ -сы қолданба маған ұна -ды барлығ -ы бір қолданбада🤩,0,0.00024345071869902313,0,0.00018598302267491817,0,0.0001378134184051305
100%сенімді,0,human,11,short,consumer_reviews,164,100%сені -м -ді,0,0.000140749616548419,0,0.0003989170945715159,0,0.00015023899322841316
Маған ватсап ашылмаиды 3 нөмір ба ашпаидв,0,human,41,short,consumer_reviews,165,Маған ватсап ашылмаи -ды 3 нөмір ба ашпаидв,0,0.0001608338934602216,0,0.000142881297506392,0,0.0002777138724923134
жақсы унады,0,human,11,short,consumer_reviews,166,жақ -сы уна -ды,0,0.00029805622762069106,0,0.0003444286994636059,0,0.00010150382877327502
Күшті екен кім шығард отбасысы аман болсын,0,human,42,short,consumer_reviews,167,Күш -ті екен кім шығард отбасы -сы аман бол -сын,0,0.0003120982728432864,0,0.00039626777288503945,0,0.0001708965573925525
керемет қолданба,0,human,16,short,consumer_reviews,168,керемет қолданба,1,0.7565017938613892,1,0.7565019726753235,0,0.0003786635061260313
вацап шыгарып берыныз,0,human,21,short,consumer_reviews,169,вацап шыгарып берыныз,0,0.0004686395695898682,0,0.0004686395695898682,0,0.0003803933796007186
Өте керемет,0,human,11,short,consumer_reviews,170,Өте керемет,0,0.00014263462799135596,0,0.00014263462799135596,0,0.0002381092926952988
өте керемет,0,human,11,short,consumer_reviews,171,өте керемет,0,0.00031301393755711615,0,0.00031301393755711615,0,0.0002514978405088186
өте керемет еш қандай кемшілік жоқ,0,human,34,short,consumer_reviews,172,өте керемет еш қандай кемшілік жоқ,0,0.00015157012967392802,0,0.00015157012967392802,0,0.00021542336617130786
өте керемет кушты маған унады💘💞🫠,0,human,32,short,consumer_reviews,173,өте керемет куш -ты маған унады💘💞🫠,0,0.0003079368034377694,0,0.00015975387941580266,0,0.00017082180420402437
100%сенімді,0,human,11,short,consumer_reviews,174,100%сені -м -ді,0,0.000140749616548419,0,0.0003989170945715159,0,0.00015023899322841316
рекламаларын урайн,0,human,18,short,consumer_reviews,175,рекламаларын урайн,0,0.0007987889694049954,0,0.0007987897843122482,0,0.00030949877691455185
Өте керемет,0,human,11,short,consumer_reviews,176,Өте керемет,0,0.00014263462799135596,0,0.00014263462799135596,0,0.0002381092926952988
Турысова Айжан дегенистаграма кргим келеді,0,human,42,short,consumer_reviews,177,Турысова Айжан дегенистаграма крги -м кел -еді,0,0.0004339685256127268,0,0.00026265945052728057,0,0.0001701103465165943
жақсы унады,0,human,11,short,consumer_reviews,178,жақ -сы уна -ды,0,0.00029805622762069106,0,0.0003444286994636059,0,0.00010150382877327502
Оте кереметттт,0,human,14,short,consumer_reviews,179,Оте кереметттт,0,0.00011400121729820967,0,0.00011400121729820967,0,0.00032781611662358046
барлық адамға керек шығар💋💋,0,human,27,short,consumer_reviews,180,барлық ада -м -ға керек шығар💋💋,0,0.0006828623590990901,0,0.0006598991458304226,0,0.00014338039909489453
маған өте қатты үнады керемет 👍🏻👍🏻👍🏻,0,human,36,short,consumer_reviews,181,маған өте қат -ты үна -ды керемет 👍🏻👍🏻👍🏻,0,0.00020374184532556683,0,0.00011873157200170681,0,0.0002513947547413409
ыңғайлы. топ қой қай жағынан карасакта,0,human,38,short,consumer_reviews,182,ыңғайлы. топ қой қай жағ -ы -нан карасак -та,0,0.0006020204164087772,0,0.00038220008718781173,0,0.00010902637586696073
ЗАЙБАЛ СЕТ ЫСТАМАЙ СІКТІҒОЙ,0,human,27,short,consumer_reviews,183,ЗАЙБАЛ СЕТ ЫСТАМАЙ СІКТІҒОЙ,0,0.0002532761136535555,0,0.0002532761136535555,0,0.00021923791791778058
норым емес,0,human,10,short,consumer_reviews,184,норы -м емес,0,0.0011099940165877342,0,0.00035619657137431204,0,0.00011335429007885978
Ақ бола берді,0,human,13,short,consumer_reviews,185,Ақ бола бер -ді,0,0.0001139447049354203,0,0.0001861998316599056,0,0.00016118607891257852
өте тамаша,0,human,10,short,consumer_reviews,186,өте тамаша,0,0.0003530772519297898,0,0.00035307739744894207,0,0.00027823992422781885
Өте жоғары сапада,0,human,17,short,consumer_reviews,187,Өте жоғар -ы сапа -да,0,0.00013000504986848682,0,0.00012544202036224306,0,0.00013205256254877895
Күшті екен кім шығард отбасысы аман болсын,0,human,42,short,consumer_reviews,188,Күш -ті екен кім шығард отбасы -сы аман бол -сын,0,0.0003120982728432864,0,0.00039626777288503945,0,0.0001708965573925525
өте керемет еш қандай кемшілік жоқ,0,human,34,short,consumer_reviews,189,өте керемет еш қандай кемшілік жоқ,0,0.00015157012967392802,0,0.00015157012967392802,0,0.00021542336617130786
Өте керемет маған ұнады,0,human,23,short,consumer_reviews,190,Өте керемет маған ұна -ды,0,0.00011166500917170197,0,8.975163655122742e-05,0,0.00013714707165490836
маған өте қатты үнады керемет 👍🏻👍🏻👍🏻,0,human,36,short,consumer_reviews,191,маған өте қат -ты үна -ды керемет 👍🏻👍🏻👍🏻,0,0.00020374184532556683,0,0.00011873157200170681,0,0.0002513947547413409
керемееет😘,0,human,10,short,consumer_reviews,192,керемееет😘,0,0.0005267665255814791,0,0.0005267675151117146,0,0.0004885589587502182
күштііі ❤️,0,human,10,short,consumer_reviews,193,күштіі -і ❤️,0,0.0018513756804168224,0,0.0020934639032930136,0,0.000146445250720717
ыңғайлы. топ қой қай жағынан карасакта,0,human,38,short,consumer_reviews,194,ыңғайлы. топ қой қай жағ -ы -нан карасак -та,0,0.0006020204164087772,0,0.00038219988346099854,0,0.00010902637586696073
менде қазірге жақсы,0,human,19,short,consumer_reviews,195,менде қазір -ге жақ -сы,0,0.00017780429334379733,0,0.0001518430799478665,0,0.00012862277799285948
Ақ бола берді,0,human,13,short,consumer_reviews,196,Ақ бола бер -ді,0,0.0001139447049354203,0,0.00018620002083480358,0,0.000161185918841511
Күштіііііі,0,human,10,short,consumer_reviews,197,Күштііііі -і,0,0.00011441788956290111,0,0.00013178939116187394,0,0.00011910010653082281
Телефон алғаннан осы қолданбаны орнатам өте керемет,0,human,51,short,consumer_reviews,198,Телефон алған -нан осы қолданба -ны орната -м өте керемет,0,0.0001885565579868853,0,0.00022218596132006496,0,0.00018994965648744255
өте керемет еш қандай кемшілік жоқ,0,human,34,short,consumer_reviews,199,өте керемет еш қандай кемшілік жоқ,0,0.00015157012967392802,0,0.00015156998415477574,0,0.00021542336617130786
өте керемет,0,human,11,short,consumer_reviews,200,өте керемет,0,0.00031301393755711615,0,0.00031301393755711615,0,0.0002514978405088186
барлық адамға керек шығар💋💋,0,human,27,short,consumer_reviews,201,барлық ада -м -ға керек шығар💋💋,0,0.0006828623590990901,0,0.0006599000771529973,0,0.00014338026812765747
барлық адамға керек шығар💋💋,0,human,27,short,consumer_reviews,202,барлық ада -м -ға керек шығар💋💋,0,0.0006828623590990901,0,0.0006599000771529973,0,0.00014338026812765747
закрытый чатымды білсе бітті😆,0,human,29,short,consumer_reviews,203,закрытый чаты -м -ды білсе бітті😆,0,0.00062272057402879,0,0.00016828264051582664,0,0.0001495519099989906
"шын ба,әлде адам саны керек пе тиркелген?",0,human,41,short,consumer_reviews,204,"шын ба,әл -де ада -м сан -ы керек пе тиркелген?",1,0.6795300841331482,0,0.008897298946976662,0,0.00029298209119588137
барлық адамға керек шығар💋💋,0,human,27,short,consumer_reviews,205,барлық ада -м -ға керек шығар💋💋,0,0.0006828623590990901,0,0.0006599000771529973,0,0.00014338026812765747
30 минут күтіп тұрмын код жібермейді,0,human,36,short,consumer_reviews,206,30 минут күтіп тұр -мын код жіберме -йді,0,0.0030843697022646666,0,0.0005259877652861178,0,0.00020519109966699034
менің аккаунтымды өшіріп тастады...өте нашар жаман,0,human,50,short,consumer_reviews,207,мені -ң аккаунт -ымды өшіріп тастады...ө -те нашар жаман,0,0.07960142195224762,0,0.022476423531770706,0,0.0002105182211380452
Инст КАЙФФ сөзбен айтп жеткізе алмайм,0,human,37,short,consumer_reviews,208,Инст КАЙФФ сөз -бен айтп жеткізе алмай -м,0,0.0002797083870973438,0,0.00028074419242329895,0,0.00015990978863555938
Өте жоғары сапада,0,human,17,short,consumer_reviews,209,Өте жоғар -ы сапа -да,0,0.00013000504986848682,0,0.00012544213677756488,0,0.00013205267896410078
Ақ бола берді,0,human,13,short,consumer_reviews,210,Ақ бола бер -ді,0,0.0001139447049354203,0,0.00018620002083480358,0,0.000161185918841511
Неге обновить етілмейд,0,human,22,short,consumer_reviews,211,Неге обновить етілмейд,0,0.00010090337309520692,0,0.00010090337309520692,0,0.0007527002017013729
күшті қызық видиолар көп шығады,0,human,31,short,consumer_reviews,212,күш -ті қызық видио -лар көп шығ -ады,0,0.007852618582546711,0,0.0026671141386032104,0,0.00020029018924105912
жаксы тек неге видео қуады?,0,human,27,short,consumer_reviews,213,жак -сы тек неге видео қуады?,1,0.989968478679657,1,0.9493945240974426,0,0.00029145838925614953
"шын ба,әлде адам саны керек пе тиркелген?",0,human,41,short,consumer_reviews,214,"шын ба,әл -де ада -м сан -ы керек пе тиркелген?",1,0.6795300841331482,0,0.008897298946976662,0,0.00029298209119588137
менде қазірге жақсы,0,human,19,short,consumer_reviews,215,менде қазір -ге жақ -сы,0,0.00017780429334379733,0,0.0001518430799478665,0,0.00012862277799285948
Ақ бола берді,0,human,13,short,consumer_reviews,216,Ақ бола бер -ді,0,0.0001139447049354203,0,0.00018620002083480358,0,0.000161185918841511
Ренжымегейсын,0,human,13,short,consumer_reviews,217,Ренжымегей -сын,0,0.0001264100574189797,0,0.00012988584057893604,0,0.00016662497364450246
"шын ба,әлде адам саны керек пе тиркелген?",0,human,41,short,consumer_reviews,218,"шын ба,әл -де ада -м сан -ы керек пе тиркелген?",1,0.6795300841331482,0,0.008897298946976662,0,0.00029298209119588137
Маған қызыма керек каспи сол үшін бастырдым маған ұнайды,0,human,56,short,consumer_reviews,219,Маған қызыма керек каспи сол үшін бастырды -м маған ұна -йды,0,0.00018714391626417637,0,0.00013065662642475218,0,0.00015540604363195598
өте керемет,0,human,11,short,consumer_reviews,220,өте керемет,0,0.00031301393755711615,0,0.00031301393755711615,0,0.0002514978405088186
Инст КАЙФФ сөзбен айтп жеткізе алмайм,0,human,37,short,consumer_reviews,221,Инст КАЙФФ сөз -бен айтп жеткізе алмай -м,0,0.0002797083870973438,0,0.00028074419242329895,0,0.00015990978863555938
закрытый чатымды білсе бітті😆,0,human,29,short,consumer_reviews,222,закрытый чаты -м -ды білсе бітті😆,0,0.00062272057402879,0,0.00016828264051582664,0,0.0001495519099989906
Өте керемет,0,human,11,short,consumer_reviews,223,Өте керемет,0,0.00014263462799135596,0,0.000142634758958593,0,0.0002381092926952988
Маған қызыма керек каспи сол үшін бастырдым маған ұнайды,0,human,56,short,consumer_reviews,224,Маған қызыма керек каспи сол үшін бастырды -м маған ұна -йды,0,0.00018714391626417637,0,0.00013065662642475218,0,0.00015540604363195598
маған өте қатты үнады керемет 👍🏻👍🏻👍🏻,0,human,36,short,consumer_reviews,225,маған өте қат -ты үна -ды керемет 👍🏻👍🏻👍🏻,0,0.00020374184532556683,0,0.00011873157200170681,0,0.0002513947547413409
"шын ба,әлде адам саны керек пе тиркелген?",0,human,41,short,consumer_reviews,226,"шын ба,әл -де ада -м сан -ы керек пе тиркелген?",1,0.6795300841331482,0,0.008897298946976662,0,0.00029298209119588137
"шын ба,әлде адам саны керек пе тиркелген?",0,human,41,short,consumer_reviews,227,"шын ба,әл -де ада -м сан -ы керек пе тиркелген?",1,0.6795300841331482,0,0.008897298946976662,0,0.00029298209119588137
Өте керемет,0,human,11,short,consumer_reviews,228,Өте керемет,0,0.00014263462799135596,0,0.000142634758958593,0,0.0002381092926952988
өте жақсы қолданба маған ұнады барлығы бір қолданбада🤩,0,human,54,short,consumer_reviews,229,өте жақ -сы қолданба маған ұна -ды барлығ -ы бір қолданбада🤩,0,0.00024345071869902313,0,0.00018598302267491817,0,0.0001378134184051305
Өте жоғары сапада,0,human,17,short,consumer_reviews,230,Өте жоғар -ы сапа -да,0,0.00013000504986848682,0,0.00012544213677756488,0,0.00013205267896410078
ЗАЙБАЛ СЕТ ЫСТАМАЙ СІКТІҒОЙ,0,human,27,short,consumer_reviews,231,ЗАЙБАЛ СЕТ ЫСТАМАЙ СІКТІҒОЙ,0,0.0002532761136535555,0,0.0002532761136535555,0,0.00021923769963905215
керемет қолданба,0,human,16,short,consumer_reviews,232,керемет қолданба,1,0.7565017938613892,1,0.756502091884613,0,0.0003786635061260313
өте тамаша,0,human,10,short,consumer_reviews,233,өте тамаша,0,0.0003530772519297898,0,0.0003530772519297898,0,0.00027823992422781885
маған өте қатты үнады керемет 👍🏻👍🏻👍🏻,0,human,36,short,consumer_reviews,234,маған өте қат -ты үна -ды керемет 👍🏻👍🏻👍🏻,0,0.00020374184532556683,0,0.00011873157200170681,0,0.0002513947547413409
ЗАЙБАЛ СЕТ ЫСТАМАЙ СІКТІҒОЙ,0,human,27,short,consumer_reviews,235,ЗАЙБАЛ СЕТ ЫСТАМАЙ СІКТІҒОЙ,0,0.0002532761136535555,0,0.0002532761136535555,0,0.00021923769963905215
Өте жақсы 👍,0,human,11,short,consumer_reviews,236,Өте жақ -сы 👍,0,0.00014157177065499127,0,9.805638546822593e-05,0,0.0001469228882342577
өте керемет еш қандай кемшілік жоқ,0,human,34,short,consumer_reviews,237,өте керемет еш қандай кемшілік жоқ,0,0.00015157012967392802,0,0.00015156998415477574,0,0.00021542336617130786
30 минут күтіп тұрмын код жібермейді,0,human,36,short,consumer_reviews,238,30 минут күтіп тұр -мын код жіберме -йді,0,0.0030843697022646666,0,0.0005259877652861178,0,0.00020519109966699034
Маған ватсап ашылмаиды 3 нөмір ба ашпаидв,0,human,41,short,consumer_reviews,239,Маған ватсап ашылмаи -ды 3 нөмір ба ашпаидв,0,0.0001608338934602216,0,0.000142881297506392,0,0.0002777141344267875
Өте керемет,0,human,11,short,consumer_reviews,240,Өте керемет,0,0.00014263462799135596,0,0.000142634758958593,0,0.0002381092926952988
"шын ба,әлде адам саны керек пе тиркелген?",0,human,41,short,consumer_reviews,241,"шын ба,әл -де ада -м сан -ы керек пе тиркелген?",1,0.6795300841331482,0,0.008897298946976662,0,0.00029298209119588137
"Жақсы қолданба,2016дан бері қолданып жүрмін,бәрі жақсы👍🏼",0,human,56,short,consumer_reviews,242,"Жақ -сы қолданба,2016 -дан бер -і қолданып жүрмін,бәр -і жақсы👍🏼",0,0.0009027639753185213,0,0.0003382544091437012,0,0.0008212982211261988
жаксы корем,0,human,11,short,consumer_reviews,243,жак -сы коре -м,0,0.001712008030153811,0,0.0006525270291604102,0,0.00010548437421675771
ote keremet,0,human,11,short,consumer_reviews,244,ote keremet,0,0.0005028174491599202,0,0.0005028179148212075,0,0.00044968159636482596
жақсы унады,0,human,11,short,consumer_reviews,245,жақ -сы уна -ды,0,0.00029805622762069106,0,0.00034442837932147086,0,0.00010150382877327502
Оте кереметттт,0,human,14,short,consumer_reviews,246,Оте кереметттт,0,0.00011400121729820967,0,0.00011400121729820967,0,0.00032781579648144543
норым емес,0,human,10,short,consumer_reviews,247,норы -м емес,0,0.0011099940165877342,0,0.00035619657137431204,0,0.00011335429007885978
Өте жоғары сапада,0,human,17,short,consumer_reviews,248,Өте жоғар -ы сапа -да,0,0.00013000504986848682,0,0.00012544213677756488,0,0.00013205267896410078
өте керемет кушты маған унады💘💞🫠,0,human,32,short,consumer_reviews,249,өте керемет куш -ты маған унады💘💞🫠,0,0.0003079368034377694,0,0.0001597535883774981,0,0.00017082180420402437
Өте жоғары сапада,0,human,17,short,consumer_reviews,250,Өте жоғар -ы сапа -да,0,0.00013000504986848682,0,0.00012544213677756488,0,0.00013205267896410078
жаксы тек неге видео қуады?,0,human,27,short,consumer_reviews,251,жак -сы тек неге видео қуады?,1,0.989968478679657,1,0.9493945240974426,0,0.00029145838925614953
Өте жоғары сапада,0,human,17,short,consumer_reviews,252,Өте жоғар -ы сапа -да,0,0.00013000504986848682,0,0.00012544213677756488,0,0.00013205267896410078
Ақ бола берді,0,human,13,short,consumer_reviews,253,Ақ бола бер -ді,0,0.0001139447049354203,0,0.00018620002083480358,0,0.000161185918841511
өте керемет кушты маған унады💘💞🫠,0,human,32,short,consumer_reviews,254,өте керемет куш -ты маған унады💘💞🫠,0,0.0003079368034377694,0,0.0001597535883774981,0,0.00017082180420402437
өте жақсы қолданба маған ұнады барлығы бір қолданбада🤩,0,human,54,short,consumer_reviews,255,өте жақ -сы қолданба маған ұна -ды барлығ -ы бір қолданбада🤩,0,0.00024345071869902313,0,0.00018598302267491817,0,0.0001378134184051305
Телефон алғаннан осы қолданбаны орнатам өте керемет,0,human,51,short,consumer_reviews,256,Телефон алған -нан осы қолданба -ны орната -м өте керемет,0,0.0001885565579868853,0,0.00022218574304133654,0,0.0001899498311104253
Өте жоғары сапада,0,human,17,short,consumer_reviews,257,Өте жоғар -ы сапа -да,0,0.00013000504986848682,0,0.00012544202036224306,0,0.00013205267896410078
Күштіііііі,0,human,10,short,consumer_reviews,258,Күштііііі -і,0,0.00011441788956290111,0,0.00013178939116187394,0,0.00011910010653082281
жақсы унады,0,human,11,short,consumer_reviews,259,жақ -сы уна -ды,0,0.00029805622762069106,0,0.0003444288740865886,0,0.00010150382877327502
рекламаларын урайн,0,human,18,short,consumer_reviews,260,рекламаларын урайн,0,0.0007987889694049954,0,0.0007987882709130645,0,0.00030949877691455185
жаксы корем,0,human,11,short,consumer_reviews,261,жак -сы коре -м,0,0.001712008030153811,0,0.0006525263888761401,0,0.00010548437421675771
закрытый чатты главный ешкм білмесн🤫😂,0,human,37,short,consumer_reviews,262,закрытый чат -ты главный ешк -м білмесн🤫😂,0,0.00021696898329537362,0,0.000528630509506911,0,0.00019939422782044858
Күшті керемет екен,0,human,18,short,consumer_reviews,263,Күш -ті керемет екен,0,0.00027655891608446836,0,0.0006546348449774086,0,0.00018922366143669933
Маған қызыма керек каспи сол үшін бастырдым маған ұнайды,0,human,56,short,consumer_reviews,264,Маған қызыма керек каспи сол үшін бастырды -м маған ұна -йды,0,0.00018714391626417637,0,0.00013065649545751512,0,0.00015540604363195598
барлық адамға керек шығар💋💋,0,human,27,short,consumer_reviews,265,барлық ада -м -ға керек шығар💋💋,0,0.0006828623590990901,0,0.0006598997861146927,0,0.00014338053006213158
Өте керемет ғой бұл деген,0,human,25,short,consumer_reviews,266,Өте керемет ғой бұл деген,0,0.00010872924030991271,0,0.00010872924030991271,0,0.000203362011234276
ЗАЙБАЛ СЕТ ЫСТАМАЙ СІКТІҒОЙ,0,human,27,short,consumer_reviews,267,ЗАЙБАЛ СЕТ ЫСТАМАЙ СІКТІҒОЙ,0,0.0002532761136535555,0,0.00025327634648419917,0,0.00021923769963905215
өте керемет кушты маған унады💘💞🫠,0,human,32,short,consumer_reviews,268,өте керемет куш -ты маған унады💘💞🫠,0,0.0003079368034377694,0,0.00015975373389665037,0,0.00017082180420402437
өте керемет кушты маған унады💘💞🫠,0,human,32,short,consumer_reviews,269,өте керемет куш -ты маған унады💘💞🫠,0,0.0003079368034377694,0,0.00015975373389665037,0,0.00017082180420402437
керемееет😘,0,human,10,short,consumer_reviews,270,керемееет😘,0,0.0005267665255814791,0,0.0005267669912427664,0,0.0004885589587502182
Күштіііііі,0,human,10,short,consumer_reviews,271,Күштііііі -і,0,0.00011441788956290111,0,0.00013178939116187394,0,0.00011910010653082281
норым емес,0,human,10,short,consumer_reviews,272,норы -м емес,0,0.0011099940165877342,0,0.00035619657137431204,0,0.00011335429007885978
Инст КАЙФФ сөзбен айтп жеткізе алмайм,0,human,37,short,consumer_reviews,273,Инст КАЙФФ сөз -бен айтп жеткізе алмай -м,0,0.0002797083870973438,0,0.00028074419242329895,0,0.00015990993415471166
өте керемет еш қандай кемшілік жоқ,0,human,34,short,consumer_reviews,274,өте керемет еш қандай кемшілік жоқ,0,0.00015157012967392802,0,0.00015156998415477574,0,0.00021542336617130786
жаксы унады,0,human,11,short,consumer_reviews,275,жак -сы уна -ды,0,0.00028393426327966154,0,0.00030923241865821183,0,0.00010039106564363465
Неге обновить етілмейд,0,human,22,short,consumer_reviews,276,Неге обновить етілмейд,0,0.00010090337309520692,0,0.00010090327850775793,0,0.0007526998524554074
керемееет😘,0,human,10,short,consumer_reviews,277,керемееет😘,0,0.0005267665255814791,0,0.0005267669912427664,0,0.0004885589587502182
Ақ бола берді,0,human,13,short,consumer_reviews,278,Ақ бола бер -ді,0,0.0001139447049354203,0,0.00018620002083480358,0,0.000161185918841511
закрытый чатты главный ешкм білмесн🤫😂,0,human,37,short,consumer_reviews,279,закрытый чат -ты главный ешк -м білмесн🤫😂,0,0.00021696898329537362,0,0.000528630509506911,0,0.00019939422782044858
Өте керемет маған ұнады,0,human,23,short,consumer_reviews,280,Өте керемет маған ұна -ды,0,0.00011166500917170197,0,8.975163655122742e-05,0,0.00013714707165490836
Турысова Айжан дегенистаграма кргим келеді,0,human,42,short,consumer_reviews,281,Турысова Айжан дегенистаграма крги -м кел -еді,0,0.0004339685256127268,0,0.00026265945052728057,0,0.0001701103465165943
жаксы унады,0,human,11,short,consumer_reviews,282,жак -сы уна -ды,0,0.00028393426327966154,0,0.00030923241865821183,0,0.00010039106564363465
Өте керемет ғой бұл деген,0,human,25,short,consumer_reviews,283,Өте керемет ғой бұл деген,0,0.00010872924030991271,0,0.00010872924030991271,0,0.000203362011234276
ЗАЙБАЛ СЕТ ЫСТАМАЙ СІКТІҒОЙ,0,human,27,short,consumer_reviews,284,ЗАЙБАЛ СЕТ ЫСТАМАЙ СІКТІҒОЙ,0,0.0002532761136535555,0,0.00025327634648419917,0,0.00021923769963905215
ЗАЙБАЛ СЕТ ЫСТАМАЙ СІКТІҒОЙ,0,human,27,short,consumer_reviews,285,ЗАЙБАЛ СЕТ ЫСТАМАЙ СІКТІҒОЙ,0,0.0002532761136535555,0,0.00025327634648419917,0,0.00021923769963905215
Уақыттың соры!,0,human,14,short,consumer_reviews,286,Уақыт -тың соры!,1,0.9994056224822998,1,0.9996510744094849,0,0.00027731459704227746
Өте жоғары сапада,0,human,17,short,consumer_reviews,287,Өте жоғар -ы сапа -да,0,0.00013000504986848682,0,0.00012544202036224306,0,0.00013205267896410078
керемет бірақ жаңартуды көп қажет ететіні жаман.,0,human,48,short,consumer_reviews,288,керемет бірақ жаңарту -ды көп қажет етет -і -ні жаман.,1,0.9977093935012817,0,0.003396491287276149,0,0.0002464928838890046
Негізі қолданып көруге болады. Маған ұнады керемет ❤,0,human,52,short,consumer_reviews,289,Негіз -і қолданып көру -ге болады. Маған ұна -ды керемет ❤,0,0.00012149890244472772,0,0.00015770761820022017,0,0.0003015751426573843
Телефон алғаннан осы қолданбаны орнатам өте керемет,0,human,51,short,consumer_reviews,290,Телефон алған -нан осы қолданба -ны орната -м өте керемет,0,0.0001885565579868853,0,0.00022218574304133654,0,0.0001899498311104253
өте тамаша,0,human,10,short,consumer_reviews,291,өте тамаша,0,0.0003530772519297898,0,0.00035307707730680704,0,0.00027823992422781885
керемееет😘,0,human,10,short,consumer_reviews,292,керемееет😘,0,0.0005267665255814791,0,0.0005267669912427664,0,0.0004885589587502182
Инст КАЙФФ сөзбен айтп жеткізе алмайм,0,human,37,short,consumer_reviews,293,Инст КАЙФФ сөз -бен айтп жеткізе алмай -м,0,0.0002797083870973438,0,0.00028074419242329895,0,0.00015990993415471166
Уақыттың соры!,0,human,14,short,consumer_reviews,294,Уақыт -тың соры!,1,0.9994056224822998,1,0.9996510744094849,0,0.00027731459704227746
өте керемет еш қандай кемшілік жоқ,0,human,34,short,consumer_reviews,295,өте керемет еш қандай кемшілік жоқ,0,0.00015157012967392802,0,0.00015156998415477574,0,0.00021542336617130786
норым емес,0,human,10,short,consumer_reviews,296,норы -м емес,0,0.0011099940165877342,0,0.00035619657137431204,0,0.00011335429007885978
өте керемет еш қандай кемшілік жоқ,0,human,34,short,consumer_reviews,297,өте керемет еш қандай кемшілік жоқ,0,0.00015157012967392802,0,0.00015156998415477574,0,0.00021542336617130786
Инст КАЙФФ сөзбен айтп жеткізе алмайм,0,human,37,short,consumer_reviews,298,Инст КАЙФФ сөз -бен айтп жеткізе алмай -м,0,0.0002797083870973438,0,0.00028074419242329895,0,0.00015990993415471166
өте жақсы қолданба маған ұнады барлығы бір қолданбада🤩,0,human,54,short,consumer_reviews,299,өте жақ -сы қолданба маған ұна -ды барлығ -ы бір қолданбада🤩,0,0.00024345071869902313,0,0.00018598319729790092,0,0.0001378134184051305
Түркі халықтарының тарихы мен мәдениеті ғасырлар бойы қалыптасқан бай мұраға ие.,0,human,80,medium,consumer_reviews,300,Түрк -і халық -тары -ның тарих -ы мен мәдение -ті ғасыр -лар бой -ы қалыптас -қан бай мұра -ға ие.,1,0.9839922785758972,0,0.0004229354381095618,0,8.35643004393205e-05
"Алматы қаласы – Қазақстанның ірі қаржылық, мәдени және ғылыми орталығы.",0,human,71,medium,consumer_reviews,301,"Алма -ты қала -сы – Қазақстан -ның ірі қаржылық, мәдени және ғылыми орталығы.",0,0.009285596199333668,0,0.0012413552030920982,0,8.235379937104881e-05
Үкімет отырысында ауыл шаруашылығын субсидиялау мәселелері жан-жақты талқыланды.,0,human,80,medium,consumer_reviews,302,Үкімет отыры -сы -нда ауыл шаруашылығын субсидиялау мәселе -лері жан-жақ -ты талқыланды.,1,0.9497942924499512,0,0.006715831812471151,0,9.613467409508303e-05
Ұлттық банк валюта бағамының тұрақтылығын қамтамасыз ету бойынша шаралар қабылдауда.,0,human,84,medium,consumer_reviews,303,Ұлттық банк валю -та бағам -ы -ның тұрақтылығын қамтамасыз ету бойынша шара -лар қабылдауда.,1,0.9984809756278992,0,0.12859034538269043,0,0.00011231708049308509
Түркі халықтарының тарихы мен мәдениеті ғасырлар бойы қалыптасқан бай мұраға ие.,0,human,80,medium,consumer_reviews,304,Түрк -і халық -тары -ның тарих -ы мен мәдение -ті ғасыр -лар бой -ы қалыптас -қан бай мұра -ға ие.,1,0.9839922785758972,0,0.0004229354381095618,0,8.35643004393205e-05
Каспий теңізі – жер шарындағы ең үлкен тұйық су айдыны болып табылады.,0,human,70,medium,consumer_reviews,305,Каспи -й теңіз -і – жер шарындағ -ы ең үлкен тұйық су айд -ы -ны болып табылады.,1,0.9326624870300293,0,0.0009473125683143735,0,9.077399590751156e-05
"Алматы қаласы – Қазақстанның ірі қаржылық, мәдени және ғылыми орталығы.",0,human,71,medium,consumer_reviews,306,"Алма -ты қала -сы – Қазақстан -ның ірі қаржылық, мәдени және ғылыми орталығы.",0,0.009285596199333668,0,0.0012413552030920982,0,8.235379937104881e-05
"Абай Құнанбайұлы – қазақ әдебиетінің классигі, ақын, философ және ағартушы.",0,human,75,medium,consumer_reviews,307,"Абай Құнанбайұл -ы – қазақ әдебиет -і -нің классигі, ақын, философ және ағартушы.",0,0.03892527148127556,0,0.0008730698609724641,0,0.00010574451880529523
Түркі халықтарының тарихы мен мәдениеті ғасырлар бойы қалыптасқан бай мұраға ие.,0,human,80,medium,consumer_reviews,308,Түрк -і халық -тары -ның тарих -ы мен мәдение -ті ғасыр -лар бой -ы қалыптас -қан бай мұра -ға ие.,1,0.9839922785758972,0,0.0004229354381095618,0,8.35643004393205e-05
"Алматы қаласы – Қазақстанның ірі қаржылық, мәдени және ғылыми орталығы.",0,human,71,medium,consumer_reviews,309,"Алма -ты қала -сы – Қазақстан -ның ірі қаржылық, мәдени және ғылыми орталығы.",0,0.009285596199333668,0,0.0012413552030920982,0,8.235379937104881e-05
Каспий теңізі – жер шарындағы ең үлкен тұйық су айдыны болып табылады.,0,human,70,medium,consumer_reviews,310,Каспи -й теңіз -і – жер шарындағ -ы ең үлкен тұйық су айд -ы -ны болып табылады.,1,0.9326624870300293,0,0.0009473125683143735,0,9.077399590751156e-05
Халықаралық ынтымақтастық аясында жаңа инвестициялық жобалар мақұлданды.,0,human,72,medium,consumer_reviews,311,Халықаралық ынтымақтастық аясы -нда жаңа инвестициялық жоба -лар мақұлданды.,1,0.9984025359153748,0,0.46732640266418457,0,8.206343045458198e-05
Үкімет отырысында ауыл шаруашылығын субсидиялау мәселелері жан-жақты талқыланды.,0,human,80,medium,consumer_reviews,312,Үкімет отыры -сы -нда ауыл шаруашылығын субсидиялау мәселе -лері жан-жақ -ты талқыланды.,1,0.9497942924499512,0,0.006715831812471151,0,9.613467409508303e-05
Түркі халықтарының тарихы мен мәдениеті ғасырлар бойы қалыптасқан бай мұраға ие.,0,human,80,medium,consumer_reviews,313,Түрк -і халық -тары -ның тарих -ы мен мәдение -ті ғасыр -лар бой -ы қалыптас -қан бай мұра -ға ие.,1,0.9839922785758972,0,0.0004229354381095618,0,8.35643004393205e-05
"Абай Құнанбайұлы – қазақ әдебиетінің классигі, ақын, философ және ағартушы.",0,human,75,medium,consumer_reviews,314,"Абай Құнанбайұл -ы – қазақ әдебиет -і -нің классигі, ақын, философ және ағартушы.",0,0.03892527148127556,0,0.0008730698609724641,0,0.00010574451880529523
Каспий теңізі – жер шарындағы ең үлкен тұйық су айдыны болып табылады.,0,human,70,medium,consumer_reviews,315,Каспи -й теңіз -і – жер шарындағ -ы ең үлкен тұйық су айд -ы -ны болып табылады.,1,0.9326624870300293,0,0.0009473125683143735,0,9.077399590751156e-05
Ұлттық банк валюта бағамының тұрақтылығын қамтамасыз ету бойынша шаралар қабылдауда.,0,human,84,medium,consumer_reviews,316,Ұлттық банк валю -та бағам -ы -ның тұрақтылығын қамтамасыз ету бойынша шара -лар қабылдауда.,1,0.9984809756278992,0,0.12859034538269043,0,0.00011231708049308509
"Абай Құнанбайұлы – қазақ әдебиетінің классигі, ақын, философ және ағартушы.",0,human,75,medium,consumer_reviews,317,"Абай Құнанбайұл -ы – қазақ әдебиет -і -нің классигі, ақын, философ және ағартушы.",0,0.03892527148127556,0,0.0008730698609724641,0,0.00010574451880529523
"Алматы қаласы – Қазақстанның ірі қаржылық, мәдени және ғылыми орталығы.",0,human,71,medium,consumer_reviews,318,"Алма -ты қала -сы – Қазақстан -ның ірі қаржылық, мәдени және ғылыми орталығы.",0,0.009285596199333668,0,0.0012413552030920982,0,8.235379937104881e-05
"Алматы қаласы – Қазақстанның ірі қаржылық, мәдени және ғылыми орталығы.",0,human,71,medium,consumer_reviews,319,"Алма -ты қала -сы – Қазақстан -ның ірі қаржылық, мәдени және ғылыми орталығы.",0,0.009285596199333668,0,0.0012413552030920982,0,8.235379937104881e-05
Халықаралық ынтымақтастық аясында жаңа инвестициялық жобалар мақұлданды.,0,human,72,medium,consumer_reviews,320,Халықаралық ынтымақтастық аясы -нда жаңа инвестициялық жоба -лар мақұлданды.,1,0.9984025359153748,0,0.46732640266418457,0,8.206343045458198e-05
Түркі халықтарының тарихы мен мәдениеті ғасырлар бойы қалыптасқан бай мұраға ие.,0,human,80,medium,consumer_reviews,321,Түрк -і халық -тары -ның тарих -ы мен мәдение -ті ғасыр -лар бой -ы қалыптас -қан бай мұра -ға ие.,1,0.9839922785758972,0,0.0004229354381095618,0,8.35643004393205e-05
Ұлттық банк валюта бағамының тұрақтылығын қамтамасыз ету бойынша шаралар қабылдауда.,0,human,84,medium,consumer_reviews,322,Ұлттық банк валю -та бағам -ы -ның тұрақтылығын қамтамасыз ету бойынша шара -лар қабылдауда.,1,0.9984809756278992,0,0.12859034538269043,0,0.00011231708049308509
Түркі халықтарының тарихы мен мәдениеті ғасырлар бойы қалыптасқан бай мұраға ие.,0,human,80,medium,consumer_reviews,323,Түрк -і халық -тары -ның тарих -ы мен мәдение -ті ғасыр -лар бой -ы қалыптас -қан бай мұра -ға ие.,1,0.9839922785758972,0,0.0004229354381095618,0,8.35643004393205e-05
Ұлттық банк валюта бағамының тұрақтылығын қамтамасыз ету бойынша шаралар қабылдауда.,0,human,84,medium,consumer_reviews,324,Ұлттық банк валю -та бағам -ы -ның тұрақтылығын қамтамасыз ету бойынша шара -лар қабылдауда.,1,0.9984809756278992,0,0.12859034538269043,0,0.00011231708049308509
Үкімет отырысында ауыл шаруашылығын субсидиялау мәселелері жан-жақты талқыланды.,0,human,80,medium,consumer_reviews,325,Үкімет отыры -сы -нда ауыл шаруашылығын субсидиялау мәселе -лері жан-жақ -ты талқыланды.,1,0.9497942924499512,0,0.006715831812471151,0,9.613467409508303e-05
Білім беру жүйесін цифрландыру мақсатында жаңа электронды платформалар енгізілуде.,0,human,82,medium,consumer_reviews,326,Білі -м беру жүйе -сін цифрландыру мақсат -ы -нда жаңа электрон -ды платформа -лар енгізілуде.,1,0.9822356700897217,0,0.0008042238769121468,0,7.840828038752079e-05
"Абай Құнанбайұлы – қазақ әдебиетінің классигі, ақын, философ және ағартушы.",0,human,75,medium,consumer_reviews,327,"Абай Құнанбайұл -ы – қазақ әдебиет -і -нің классигі, ақын, философ және ағартушы.",0,0.03892527148127556,0,0.0008730698609724641,0,0.00010574451880529523
Түркі халықтарының тарихы мен мәдениеті ғасырлар бойы қалыптасқан бай мұраға ие.,0,human,80,medium,consumer_reviews,328,Түрк -і халық -тары -ның тарих -ы мен мәдение -ті ғасыр -лар бой -ы қалыптас -қан бай мұра -ға ие.,1,0.9839922785758972,0,0.0004229354381095618,0,8.35643004393205e-05
Каспий теңізі – жер шарындағы ең үлкен тұйық су айдыны болып табылады.,0,human,70,medium,consumer_reviews,329,Каспи -й теңіз -і – жер шарындағ -ы ең үлкен тұйық су айд -ы -ны болып табылады.,1,0.9326624870300293,0,0.0009473125683143735,0,9.077399590751156e-05
Ұлттық банк валюта бағамының тұрақтылығын қамтамасыз ету бойынша шаралар қабылдауда.,0,human,84,medium,consumer_reviews,330,Ұлттық банк валю -та бағам -ы -ның тұрақтылығын қамтамасыз ету бойынша шара -лар қабылдауда.,1,0.9984809756278992,0,0.12859034538269043,0,0.00011231708049308509
Түркі халықтарының тарихы мен мәдениеті ғасырлар бойы қалыптасқан бай мұраға ие.,0,human,80,medium,consumer_reviews,331,Түрк -і халық -тары -ның тарих -ы мен мәдение -ті ғасыр -лар бой -ы қалыптас -қан бай мұра -ға ие.,1,0.9839922785758972,0,0.0004229354381095618,0,8.35643004393205e-05
Түркі халықтарының тарихы мен мәдениеті ғасырлар бойы қалыптасқан бай мұраға ие.,0,human,80,medium,consumer_reviews,332,Түрк -і халық -тары -ның тарих -ы мен мәдение -ті ғасыр -лар бой -ы қалыптас -қан бай мұра -ға ие.,1,0.9839922785758972,0,0.0004229354381095618,0,8.35643004393205e-05
"Алматы қаласы – Қазақстанның ірі қаржылық, мәдени және ғылыми орталығы.",0,human,71,medium,consumer_reviews,333,"Алма -ты қала -сы – Қазақстан -ның ірі қаржылық, мәдени және ғылыми орталығы.",0,0.009285596199333668,0,0.0012413552030920982,0,8.235379937104881e-05
Ұлттық банк валюта бағамының тұрақтылығын қамтамасыз ету бойынша шаралар қабылдауда.,0,human,84,medium,consumer_reviews,334,Ұлттық банк валю -та бағам -ы -ның тұрақтылығын қамтамасыз ету бойынша шара -лар қабылдауда.,1,0.9984809756278992,0,0.12859034538269043,0,0.00011231708049308509
Білім беру жүйесін цифрландыру мақсатында жаңа электронды платформалар енгізілуде.,0,human,82,medium,consumer_reviews,335,Білі -м беру жүйе -сін цифрландыру мақсат -ы -нда жаңа электрон -ды платформа -лар енгізілуде.,1,0.9822356700897217,0,0.0008042238769121468,0,7.840828038752079e-05
Ұлттық банк валюта бағамының тұрақтылығын қамтамасыз ету бойынша шаралар қабылдауда.,0,human,84,medium,consumer_reviews,336,Ұлттық банк валю -та бағам -ы -ның тұрақтылығын қамтамасыз ету бойынша шара -лар қабылдауда.,1,0.9984809756278992,0,0.12859034538269043,0,0.00011231708049308509
"Абай Құнанбайұлы – қазақ әдебиетінің классигі, ақын, философ және ағартушы.",0,human,75,medium,consumer_reviews,337,"Абай Құнанбайұл -ы – қазақ әдебиет -і -нің классигі, ақын, философ және ағартушы.",0,0.03892527148127556,0,0.0008730698609724641,0,0.00010574451880529523
Түркі халықтарының тарихы мен мәдениеті ғасырлар бойы қалыптасқан бай мұраға ие.,0,human,80,medium,consumer_reviews,338,Түрк -і халық -тары -ның тарих -ы мен мәдение -ті ғасыр -лар бой -ы қалыптас -қан бай мұра -ға ие.,1,0.9839922785758972,0,0.0004229354381095618,0,8.35643004393205e-05
Түркі халықтарының тарихы мен мәдениеті ғасырлар бойы қалыптасқан бай мұраға ие.,0,human,80,medium,consumer_reviews,339,Түрк -і халық -тары -ның тарих -ы мен мәдение -ті ғасыр -лар бой -ы қалыптас -қан бай мұра -ға ие.,1,0.9839922785758972,0,0.0004229354381095618,0,8.35643004393205e-05
Білім беру жүйесін цифрландыру мақсатында жаңа электронды платформалар енгізілуде.,0,human,82,medium,consumer_reviews,340,Білі -м беру жүйе -сін цифрландыру мақсат -ы -нда жаңа электрон -ды платформа -лар енгізілуде.,1,0.9822356700897217,0,0.0008042238769121468,0,7.840828038752079e-05
Үкімет отырысында ауыл шаруашылығын субсидиялау мәселелері жан-жақты талқыланды.,0,human,80,medium,consumer_reviews,341,Үкімет отыры -сы -нда ауыл шаруашылығын субсидиялау мәселе -лері жан-жақ -ты талқыланды.,1,0.9497942924499512,0,0.006715831812471151,0,9.613467409508303e-05
"Алматы қаласы – Қазақстанның ірі қаржылық, мәдени және ғылыми орталығы.",0,human,71,medium,consumer_reviews,342,"Алма -ты қала -сы – Қазақстан -ның ірі қаржылық, мәдени және ғылыми орталығы.",0,0.009285596199333668,0,0.0012413552030920982,0,8.235379937104881e-05
Каспий теңізі – жер шарындағы ең үлкен тұйық су айдыны болып табылады.,0,human,70,medium,consumer_reviews,343,Каспи -й теңіз -і – жер шарындағ -ы ең үлкен тұйық су айд -ы -ны болып табылады.,1,0.9326624870300293,0,0.0009473125683143735,0,9.077399590751156e-05
"Абай Құнанбайұлы – қазақ әдебиетінің классигі, ақын, философ және ағартушы.",0,human,75,medium,consumer_reviews,344,"Абай Құнанбайұл -ы – қазақ әдебиет -і -нің классигі, ақын, философ және ағартушы.",0,0.03892527148127556,0,0.0008730698609724641,0,0.00010574451880529523
Білім беру жүйесін цифрландыру мақсатында жаңа электронды платформалар енгізілуде.,0,human,82,medium,consumer_reviews,345,Білі -м беру жүйе -сін цифрландыру мақсат -ы -нда жаңа электрон -ды платформа -лар енгізілуде.,1,0.9822356700897217,0,0.0008042238769121468,0,7.840828038752079e-05
Білім беру жүйесін цифрландыру мақсатында жаңа электронды платформалар енгізілуде.,0,human,82,medium,consumer_reviews,346,Білі -м беру жүйе -сін цифрландыру мақсат -ы -нда жаңа электрон -ды платформа -лар енгізілуде.,1,0.9822356700897217,0,0.0008042238769121468,0,7.840828038752079e-05
"Абай Құнанбайұлы – қазақ әдебиетінің классигі, ақын, философ және ағартушы.",0,human,75,medium,consumer_reviews,347,"Абай Құнанбайұл -ы – қазақ әдебиет -і -нің классигі, ақын, философ және ағартушы.",0,0.03892527148127556,0,0.0008730698609724641,0,0.00010574451880529523
Халықаралық ынтымақтастық аясында жаңа инвестициялық жобалар мақұлданды.,0,human,72,medium,consumer_reviews,348,Халықаралық ынтымақтастық аясы -нда жаңа инвестициялық жоба -лар мақұлданды.,1,0.9984025359153748,0,0.46732640266418457,0,8.206343045458198e-05
"Алматы қаласы – Қазақстанның ірі қаржылық, мәдени және ғылыми орталығы.",0,human,71,medium,consumer_reviews,349,"Алма -ты қала -сы – Қазақстан -ның ірі қаржылық, мәдени және ғылыми орталығы.",0,0.009285596199333668,0,0.0012413552030920982,0,8.235379937104881e-05
Түркі халықтарының тарихы мен мәдениеті ғасырлар бойы қалыптасқан бай мұраға ие.,0,human,80,medium,consumer_reviews,350,Түрк -і халық -тары -ның тарих -ы мен мәдение -ті ғасыр -лар бой -ы қалыптас -қан бай мұра -ға ие.,1,0.9839922785758972,0,0.0004229354381095618,0,8.35643004393205e-05
Каспий теңізі – жер шарындағы ең үлкен тұйық су айдыны болып табылады.,0,human,70,medium,consumer_reviews,351,Каспи -й теңіз -і – жер шарындағ -ы ең үлкен тұйық су айд -ы -ны болып табылады.,1,0.9326624870300293,0,0.0009473125683143735,0,9.077399590751156e-05
Үкімет отырысында ауыл шаруашылығын субсидиялау мәселелері жан-жақты талқыланды.,0,human,80,medium,consumer_reviews,352,Үкімет отыры -сы -нда ауыл шаруашылығын субсидиялау мәселе -лері жан-жақ -ты талқыланды.,1,0.9497942924499512,0,0.006715831812471151,0,9.613467409508303e-05
"Алматы қаласы – Қазақстанның ірі қаржылық, мәдени және ғылыми орталығы.",0,human,71,medium,consumer_reviews,353,"Алма -ты қала -сы – Қазақстан -ның ірі қаржылық, мәдени және ғылыми орталығы.",0,0.009285596199333668,0,0.0012413552030920982,0,8.235379937104881e-05
"Алматы қаласы – Қазақстанның ірі қаржылық, мәдени және ғылыми орталығы.",0,human,71,medium,consumer_reviews,354,"Алма -ты қала -сы – Қазақстан -ның ірі қаржылық, мәдени және ғылыми орталығы.",0,0.009285596199333668,0,0.0012413552030920982,0,8.235379937104881e-05
Үкімет отырысында ауыл шаруашылығын субсидиялау мәселелері жан-жақты талқыланды.,0,human,80,medium,consumer_reviews,355,Үкімет отыры -сы -нда ауыл шаруашылығын субсидиялау мәселе -лері жан-жақ -ты талқыланды.,1,0.9497942924499512,0,0.006715831812471151,0,9.613467409508303e-05
Түркі халықтарының тарихы мен мәдениеті ғасырлар бойы қалыптасқан бай мұраға ие.,0,human,80,medium,consumer_reviews,356,Түрк -і халық -тары -ның тарих -ы мен мәдение -ті ғасыр -лар бой -ы қалыптас -қан бай мұра -ға ие.,1,0.9839922785758972,0,0.0004229354381095618,0,8.35643004393205e-05
Үкімет отырысында ауыл шаруашылығын субсидиялау мәселелері жан-жақты талқыланды.,0,human,80,medium,consumer_reviews,357,Үкімет отыры -сы -нда ауыл шаруашылығын субсидиялау мәселе -лері жан-жақ -ты талқыланды.,1,0.9497942924499512,0,0.006715831812471151,0,9.613467409508303e-05
Каспий теңізі – жер шарындағы ең үлкен тұйық су айдыны болып табылады.,0,human,70,medium,consumer_reviews,358,Каспи -й теңіз -і – жер шарындағ -ы ең үлкен тұйық су айд -ы -ны болып табылады.,1,0.9326624870300293,0,0.0009473125683143735,0,9.077399590751156e-05
Ұлттық банк валюта бағамының тұрақтылығын қамтамасыз ету бойынша шаралар қабылдауда.,0,human,84,medium,consumer_reviews,359,Ұлттық банк валю -та бағам -ы -ның тұрақтылығын қамтамасыз ету бойынша шара -лар қабылдауда.,1,0.9984809756278992,0,0.12859034538269043,0,0.00011231708049308509
Үкімет отырысында ауыл шаруашылығын субсидиялау мәселелері жан-жақты талқыланды.,0,human,80,medium,consumer_reviews,360,Үкімет отыры -сы -нда ауыл шаруашылығын субсидиялау мәселе -лері жан-жақ -ты талқыланды.,1,0.9497942924499512,0,0.006715831812471151,0,9.613467409508303e-05
"Абай Құнанбайұлы – қазақ әдебиетінің классигі, ақын, философ және ағартушы.",0,human,75,medium,consumer_reviews,361,"Абай Құнанбайұл -ы – қазақ әдебиет -і -нің классигі, ақын, философ және ағартушы.",0,0.03892527148127556,0,0.0008730698609724641,0,0.00010574451880529523
Білім беру жүйесін цифрландыру мақсатында жаңа электронды платформалар енгізілуде.,0,human,82,medium,consumer_reviews,362,Білі -м беру жүйе -сін цифрландыру мақсат -ы -нда жаңа электрон -ды платформа -лар енгізілуде.,1,0.9822356700897217,0,0.0008042238769121468,0,7.840828038752079e-05
Түркі халықтарының тарихы мен мәдениеті ғасырлар бойы қалыптасқан бай мұраға ие.,0,human,80,medium,consumer_reviews,363,Түрк -і халық -тары -ның тарих -ы мен мәдение -ті ғасыр -лар бой -ы қалыптас -қан бай мұра -ға ие.,1,0.9839922785758972,0,0.0004229354381095618,0,8.35643004393205e-05
Каспий теңізі – жер шарындағы ең үлкен тұйық су айдыны болып табылады.,0,human,70,medium,consumer_reviews,364,Каспи -й теңіз -і – жер шарындағ -ы ең үлкен тұйық су айд -ы -ны болып табылады.,1,0.9326624870300293,0,0.0009473125683143735,0,9.077399590751156e-05
Білім беру жүйесін цифрландыру мақсатында жаңа электронды платформалар енгізілуде.,0,human,82,medium,consumer_reviews,365,Білі -м беру жүйе -сін цифрландыру мақсат -ы -нда жаңа электрон -ды платформа -лар енгізілуде.,1,0.9822356700897217,0,0.0008042238769121468,0,7.840828038752079e-05
Ұлттық банк валюта бағамының тұрақтылығын қамтамасыз ету бойынша шаралар қабылдауда.,0,human,84,medium,consumer_reviews,366,Ұлттық банк валю -та бағам -ы -ның тұрақтылығын қамтамасыз ету бойынша шара -лар қабылдауда.,1,0.9984809756278992,0,0.12859034538269043,0,0.00011231708049308509
"Абай Құнанбайұлы – қазақ әдебиетінің классигі, ақын, философ және ағартушы.",0,human,75,medium,consumer_reviews,367,"Абай Құнанбайұл -ы – қазақ әдебиет -і -нің классигі, ақын, философ және ағартушы.",0,0.03892527148127556,0,0.0008730698609724641,0,0.00010574451880529523
Білім беру жүйесін цифрландыру мақсатында жаңа электронды платформалар енгізілуде.,0,human,82,medium,consumer_reviews,368,Білі -м беру жүйе -сін цифрландыру мақсат -ы -нда жаңа электрон -ды платформа -лар енгізілуде.,1,0.9822356700897217,0,0.0008042238769121468,0,7.840828038752079e-05
Ұлттық банк валюта бағамының тұрақтылығын қамтамасыз ету бойынша шаралар қабылдауда.,0,human,84,medium,consumer_reviews,369,Ұлттық банк валю -та бағам -ы -ның тұрақтылығын қамтамасыз ету бойынша шара -лар қабылдауда.,1,0.9984809756278992,0,0.12859034538269043,0,0.00011231708049308509
"Абай Құнанбайұлы – қазақ әдебиетінің классигі, ақын, философ және ағартушы.",0,human,75,medium,consumer_reviews,370,"Абай Құнанбайұл -ы – қазақ әдебиет -і -нің классигі, ақын, философ және ағартушы.",0,0.03892527148127556,0,0.0008730698609724641,0,0.00010574451880529523
Халықаралық ынтымақтастық аясында жаңа инвестициялық жобалар мақұлданды.,0,human,72,medium,consumer_reviews,371,Халықаралық ынтымақтастық аясы -нда жаңа инвестициялық жоба -лар мақұлданды.,1,0.9984025359153748,0,0.46732640266418457,0,8.206343045458198e-05
Білім беру жүйесін цифрландыру мақсатында жаңа электронды платформалар енгізілуде.,0,human,82,medium,consumer_reviews,372,Білі -м беру жүйе -сін цифрландыру мақсат -ы -нда жаңа электрон -ды платформа -лар енгізілуде.,1,0.9822356700897217,0,0.0008042238769121468,0,7.840828038752079e-05
"Абай Құнанбайұлы – қазақ әдебиетінің классигі, ақын, философ және ағартушы.",0,human,75,medium,consumer_reviews,373,"Абай Құнанбайұл -ы – қазақ әдебиет -і -нің классигі, ақын, философ және ағартушы.",0,0.03892527148127556,0,0.0008730698609724641,0,0.00010574451880529523
Түркі халықтарының тарихы мен мәдениеті ғасырлар бойы қалыптасқан бай мұраға ие.,0,human,80,medium,consumer_reviews,374,Түрк -і халық -тары -ның тарих -ы мен мәдение -ті ғасыр -лар бой -ы қалыптас -қан бай мұра -ға ие.,1,0.9839922785758972,0,0.0004229354381095618,0,8.35643004393205e-05
Түркі халықтарының тарихы мен мәдениеті ғасырлар бойы қалыптасқан бай мұраға ие.,0,human,80,medium,consumer_reviews,375,Түрк -і халық -тары -ның тарих -ы мен мәдение -ті ғасыр -лар бой -ы қалыптас -қан бай мұра -ға ие.,1,0.9839922785758972,0,0.0004229354381095618,0,8.35643004393205e-05
Үкімет отырысында ауыл шаруашылығын субсидиялау мәселелері жан-жақты талқыланды.,0,human,80,medium,consumer_reviews,376,Үкімет отыры -сы -нда ауыл шаруашылығын субсидиялау мәселе -лері жан-жақ -ты талқыланды.,1,0.9497942924499512,0,0.006715831812471151,0,9.613467409508303e-05
Түркі халықтарының тарихы мен мәдениеті ғасырлар бойы қалыптасқан бай мұраға ие.,0,human,80,medium,consumer_reviews,377,Түрк -і халық -тары -ның тарих -ы мен мәдение -ті ғасыр -лар бой -ы қалыптас -қан бай мұра -ға ие.,1,0.9839922785758972,0,0.0004229354381095618,0,8.35643004393205e-05
"Алматы қаласы – Қазақстанның ірі қаржылық, мәдени және ғылыми орталығы.",0,human,71,medium,consumer_reviews,378,"Алма -ты қала -сы – Қазақстан -ның ірі қаржылық, мәдени және ғылыми орталығы.",0,0.009285596199333668,0,0.0012413552030920982,0,8.235379937104881e-05
Үкімет отырысында ауыл шаруашылығын субсидиялау мәселелері жан-жақты талқыланды.,0,human,80,medium,consumer_reviews,379,Үкімет отыры -сы -нда ауыл шаруашылығын субсидиялау мәселе -лері жан-жақ -ты талқыланды.,1,0.9497942924499512,0,0.006715831812471151,0,9.613467409508303e-05
"Алматы қаласы – Қазақстанның ірі қаржылық, мәдени және ғылыми орталығы.",0,human,71,medium,consumer_reviews,380,"Алма -ты қала -сы – Қазақстан -ның ірі қаржылық, мәдени және ғылыми орталығы.",0,0.009285596199333668,0,0.0012413552030920982,0,8.235379937104881e-05
Түркі халықтарының тарихы мен мәдениеті ғасырлар бойы қалыптасқан бай мұраға ие.,0,human,80,medium,consumer_reviews,381,Түрк -і халық -тары -ның тарих -ы мен мәдение -ті ғасыр -лар бой -ы қалыптас -қан бай мұра -ға ие.,1,0.9839922785758972,0,0.0004229354381095618,0,8.35643004393205e-05
Білім беру жүйесін цифрландыру мақсатында жаңа электронды платформалар енгізілуде.,0,human,82,medium,consumer_reviews,382,Білі -м беру жүйе -сін цифрландыру мақсат -ы -нда жаңа электрон -ды платформа -лар енгізілуде.,1,0.9822356700897217,0,0.0008042238769121468,0,7.840828038752079e-05
"Алматы қаласы – Қазақстанның ірі қаржылық, мәдени және ғылыми орталығы.",0,human,71,medium,consumer_reviews,383,"Алма -ты қала -сы – Қазақстан -ның ірі қаржылық, мәдени және ғылыми орталығы.",0,0.009285596199333668,0,0.0012413552030920982,0,8.235379937104881e-05
Ұлттық банк валюта бағамының тұрақтылығын қамтамасыз ету бойынша шаралар қабылдауда.,0,human,84,medium,consumer_reviews,384,Ұлттық банк валю -та бағам -ы -ның тұрақтылығын қамтамасыз ету бойынша шара -лар қабылдауда.,1,0.9984809756278992,0,0.12859034538269043,0,0.00011231708049308509
Ұлттық банк валюта бағамының тұрақтылығын қамтамасыз ету бойынша шаралар қабылдауда.,0,human,84,medium,consumer_reviews,385,Ұлттық банк валю -та бағам -ы -ның тұрақтылығын қамтамасыз ету бойынша шара -лар қабылдауда.,1,0.9984809756278992,0,0.12859034538269043,0,0.00011231708049308509
Ұлттық банк валюта бағамының тұрақтылығын қамтамасыз ету бойынша шаралар қабылдауда.,0,human,84,medium,consumer_reviews,386,Ұлттық банк валю -та бағам -ы -ның тұрақтылығын қамтамасыз ету бойынша шара -лар қабылдауда.,1,0.9984809756278992,0,0.12859034538269043,0,0.00011231708049308509
Халықаралық ынтымақтастық аясында жаңа инвестициялық жобалар мақұлданды.,0,human,72,medium,consumer_reviews,387,Халықаралық ынтымақтастық аясы -нда жаңа инвестициялық жоба -лар мақұлданды.,1,0.9984025359153748,0,0.46732640266418457,0,8.206343045458198e-05
Халықаралық ынтымақтастық аясында жаңа инвестициялық жобалар мақұлданды.,0,human,72,medium,consumer_reviews,388,Халықаралық ынтымақтастық аясы -нда жаңа инвестициялық жоба -лар мақұлданды.,1,0.9984025359153748,0,0.46732640266418457,0,8.206343045458198e-05
Білім беру жүйесін цифрландыру мақсатында жаңа электронды платформалар енгізілуде.,0,human,82,medium,consumer_reviews,389,Білі -м беру жүйе -сін цифрландыру мақсат -ы -нда жаңа электрон -ды платформа -лар енгізілуде.,1,0.9822356700897217,0,0.0008042238769121468,0,7.840828038752079e-05
Ұлттық банк валюта бағамының тұрақтылығын қамтамасыз ету бойынша шаралар қабылдауда.,0,human,84,medium,consumer_reviews,390,Ұлттық банк валю -та бағам -ы -ның тұрақтылығын қамтамасыз ету бойынша шара -лар қабылдауда.,1,0.9984809756278992,0,0.12859034538269043,0,0.00011231708049308509
Халықаралық ынтымақтастық аясында жаңа инвестициялық жобалар мақұлданды.,0,human,72,medium,consumer_reviews,391,Халықаралық ынтымақтастық аясы -нда жаңа инвестициялық жоба -лар мақұлданды.,1,0.9984025359153748,0,0.46732640266418457,0,8.206343045458198e-05
Каспий теңізі – жер шарындағы ең үлкен тұйық су айдыны болып табылады.,0,human,70,medium,consumer_reviews,392,Каспи -й теңіз -і – жер шарындағ -ы ең үлкен тұйық су айд -ы -ны болып табылады.,1,0.9326624870300293,0,0.0009473125683143735,0,9.077399590751156e-05
"Алматы қаласы – Қазақстанның ірі қаржылық, мәдени және ғылыми орталығы.",0,human,71,medium,consumer_reviews,393,"Алма -ты қала -сы – Қазақстан -ның ірі қаржылық, мәдени және ғылыми орталығы.",0,0.009285596199333668,0,0.0012413552030920982,0,8.235379937104881e-05
Үкімет отырысында ауыл шаруашылығын субсидиялау мәселелері жан-жақты талқыланды.,0,human,80,medium,consumer_reviews,394,Үкімет отыры -сы -нда ауыл шаруашылығын субсидиялау мәселе -лері жан-жақ -ты талқыланды.,1,0.9497942924499512,0,0.006715831812471151,0,9.613467409508303e-05
Түркі халықтарының тарихы мен мәдениеті ғасырлар бойы қалыптасқан бай мұраға ие.,0,human,80,medium,consumer_reviews,395,Түрк -і халық -тары -ның тарих -ы мен мәдение -ті ғасыр -лар бой -ы қалыптас -қан бай мұра -ға ие.,1,0.9839922785758972,0,0.0004229354381095618,0,8.35643004393205e-05
Үкімет отырысында ауыл шаруашылығын субсидиялау мәселелері жан-жақты талқыланды.,0,human,80,medium,consumer_reviews,396,Үкімет отыры -сы -нда ауыл шаруашылығын субсидиялау мәселе -лері жан-жақ -ты талқыланды.,1,0.9497942924499512,0,0.006715831812471151,0,9.613467409508303e-05
Түркі халықтарының тарихы мен мәдениеті ғасырлар бойы қалыптасқан бай мұраға ие.,0,human,80,medium,consumer_reviews,397,Түрк -і халық -тары -ның тарих -ы мен мәдение -ті ғасыр -лар бой -ы қалыптас -қан бай мұра -ға ие.,1,0.9839922785758972,0,0.0004229354381095618,0,8.35643004393205e-05
Түркі халықтарының тарихы мен мәдениеті ғасырлар бойы қалыптасқан бай мұраға ие.,0,human,80,medium,consumer_reviews,398,Түрк -і халық -тары -ның тарих -ы мен мәдение -ті ғасыр -лар бой -ы қалыптас -қан бай мұра -ға ие.,1,0.9839922785758972,0,0.0004229354381095618,0,8.35643004393205e-05
Түркі халықтарының тарихы мен мәдениеті ғасырлар бойы қалыптасқан бай мұраға ие.,0,human,80,medium,consumer_reviews,399,Түрк -і халық -тары -ның тарих -ы мен мәдение -ті ғасыр -лар бой -ы қалыптас -қан бай мұра -ға ие.,1,0.9839922785758972,0,0.0004229354381095618,0,8.35643004393205e-05
"Алматы қаласы – Қазақстанның ірі қаржылық, мәдени және ғылыми орталығы.",0,human,71,medium,consumer_reviews,400,"Алма -ты қала -сы – Қазақстан -ның ірі қаржылық, мәдени және ғылыми орталығы.",0,0.009285596199333668,0,0.0012413552030920982,0,8.235379937104881e-05
Түркі халықтарының тарихы мен мәдениеті ғасырлар бойы қалыптасқан бай мұраға ие.,0,human,80,medium,consumer_reviews,401,Түрк -і халық -тары -ның тарих -ы мен мәдение -ті ғасыр -лар бой -ы қалыптас -қан бай мұра -ға ие.,1,0.9839922785758972,0,0.0004229354381095618,0,8.35643004393205e-05
Білім беру жүйесін цифрландыру мақсатында жаңа электронды платформалар енгізілуде.,0,human,82,medium,consumer_reviews,402,Білі -м беру жүйе -сін цифрландыру мақсат -ы -нда жаңа электрон -ды платформа -лар енгізілуде.,1,0.9822356700897217,0,0.0008042238769121468,0,7.840828038752079e-05
Үкімет отырысында ауыл шаруашылығын субсидиялау мәселелері жан-жақты талқыланды.,0,human,80,medium,consumer_reviews,403,Үкімет отыры -сы -нда ауыл шаруашылығын субсидиялау мәселе -лері жан-жақ -ты талқыланды.,1,0.9497942924499512,0,0.006715831812471151,0,9.613467409508303e-05
Үкімет отырысында ауыл шаруашылығын субсидиялау мәселелері жан-жақты талқыланды.,0,human,80,medium,consumer_reviews,404,Үкімет отыры -сы -нда ауыл шаруашылығын субсидиялау мәселе -лері жан-жақ -ты талқыланды.,1,0.9497942924499512,0,0.006715831812471151,0,9.613467409508303e-05
Халықаралық ынтымақтастық аясында жаңа инвестициялық жобалар мақұлданды.,0,human,72,medium,consumer_reviews,405,Халықаралық ынтымақтастық аясы -нда жаңа инвестициялық жоба -лар мақұлданды.,1,0.9984025359153748,0,0.46732640266418457,0,8.206343045458198e-05
Түркі халықтарының тарихы мен мәдениеті ғасырлар бойы қалыптасқан бай мұраға ие.,0,human,80,medium,consumer_reviews,406,Түрк -і халық -тары -ның тарих -ы мен мәдение -ті ғасыр -лар бой -ы қалыптас -қан бай мұра -ға ие.,1,0.9839922785758972,0,0.0004229354381095618,0,8.35643004393205e-05
Халықаралық ынтымақтастық аясында жаңа инвестициялық жобалар мақұлданды.,0,human,72,medium,consumer_reviews,407,Халықаралық ынтымақтастық аясы -нда жаңа инвестициялық жоба -лар мақұлданды.,1,0.9984025359153748,0,0.46732640266418457,0,8.206343045458198e-05
"Алматы қаласы – Қазақстанның ірі қаржылық, мәдени және ғылыми орталығы.",0,human,71,medium,consumer_reviews,408,"Алма -ты қала -сы – Қазақстан -ның ірі қаржылық, мәдени және ғылыми орталығы.",0,0.009285596199333668,0,0.0012413552030920982,0,8.235379937104881e-05
Каспий теңізі – жер шарындағы ең үлкен тұйық су айдыны болып табылады.,0,human,70,medium,consumer_reviews,409,Каспи -й теңіз -і – жер шарындағ -ы ең үлкен тұйық су айд -ы -ны болып табылады.,1,0.9326624870300293,0,0.0009473125683143735,0,9.077399590751156e-05
"Алматы қаласы – Қазақстанның ірі қаржылық, мәдени және ғылыми орталығы.",0,human,71,medium,consumer_reviews,410,"Алма -ты қала -сы – Қазақстан -ның ірі қаржылық, мәдени және ғылыми орталығы.",0,0.009285596199333668,0,0.0012413552030920982,0,8.235379937104881e-05
Үкімет отырысында ауыл шаруашылығын субсидиялау мәселелері жан-жақты талқыланды.,0,human,80,medium,consumer_reviews,411,Үкімет отыры -сы -нда ауыл шаруашылығын субсидиялау мәселе -лері жан-жақ -ты талқыланды.,1,0.9497942924499512,0,0.006715831812471151,0,9.613467409508303e-05
Каспий теңізі – жер шарындағы ең үлкен тұйық су айдыны болып табылады.,0,human,70,medium,consumer_reviews,412,Каспи -й теңіз -і – жер шарындағ -ы ең үлкен тұйық су айд -ы -ны болып табылады.,1,0.9326624870300293,0,0.0009473125683143735,0,9.077399590751156e-05
"Абай Құнанбайұлы – қазақ әдебиетінің классигі, ақын, философ және ағартушы.",0,human,75,medium,consumer_reviews,413,"Абай Құнанбайұл -ы – қазақ әдебиет -і -нің классигі, ақын, философ және ағартушы.",0,0.03892527148127556,0,0.0008730698609724641,0,0.00010574451880529523
Білім беру жүйесін цифрландыру мақсатында жаңа электронды платформалар енгізілуде.,0,human,82,medium,consumer_reviews,414,Білі -м беру жүйе -сін цифрландыру мақсат -ы -нда жаңа электрон -ды платформа -лар енгізілуде.,1,0.9822356700897217,0,0.0008042238769121468,0,7.840828038752079e-05
"Абай Құнанбайұлы – қазақ әдебиетінің классигі, ақын, философ және ағартушы.",0,human,75,medium,consumer_reviews,415,"Абай Құнанбайұл -ы – қазақ әдебиет -і -нің классигі, ақын, философ және ағартушы.",0,0.03892527148127556,0,0.0008730698609724641,0,0.00010574451880529523
"Алматы қаласы – Қазақстанның ірі қаржылық, мәдени және ғылыми орталығы.",0,human,71,medium,consumer_reviews,416,"Алма -ты қала -сы – Қазақстан -ның ірі қаржылық, мәдени және ғылыми орталығы.",0,0.009285596199333668,0,0.0012413552030920982,0,8.235379937104881e-05
Білім беру жүйесін цифрландыру мақсатында жаңа электронды платформалар енгізілуде.,0,human,82,medium,consumer_reviews,417,Білі -м беру жүйе -сін цифрландыру мақсат -ы -нда жаңа электрон -ды платформа -лар енгізілуде.,1,0.9822356700897217,0,0.0008042238769121468,0,7.840828038752079e-05
"Абай Құнанбайұлы – қазақ әдебиетінің классигі, ақын, философ және ағартушы.",0,human,75,medium,consumer_reviews,418,"Абай Құнанбайұл -ы – қазақ әдебиет -і -нің классигі, ақын, философ және ағартушы.",0,0.03892527148127556,0,0.0008730698609724641,0,0.00010574451880529523
"Алматы қаласы – Қазақстанның ірі қаржылық, мәдени және ғылыми орталығы.",0,human,71,medium,consumer_reviews,419,"Алма -ты қала -сы – Қазақстан -ның ірі қаржылық, мәдени және ғылыми орталығы.",0,0.009285596199333668,0,0.0012413552030920982,0,8.235379937104881e-05
Түркі халықтарының тарихы мен мәдениеті ғасырлар бойы қалыптасқан бай мұраға ие.,0,human,80,medium,consumer_reviews,420,Түрк -і халық -тары -ның тарих -ы мен мәдение -ті ғасыр -лар бой -ы қалыптас -қан бай мұра -ға ие.,1,0.9839922785758972,0,0.0004229354381095618,0,8.35643004393205e-05
"Алматы қаласы – Қазақстанның ірі қаржылық, мәдени және ғылыми орталығы.",0,human,71,medium,consumer_reviews,421,"Алма -ты қала -сы – Қазақстан -ның ірі қаржылық, мәдени және ғылыми орталығы.",0,0.009285596199333668,0,0.0012413552030920982,0,8.235379937104881e-05
Каспий теңізі – жер шарындағы ең үлкен тұйық су айдыны болып табылады.,0,human,70,medium,consumer_reviews,422,Каспи -й теңіз -і – жер шарындағ -ы ең үлкен тұйық су айд -ы -ны болып табылады.,1,0.9326624870300293,0,0.0009473125683143735,0,9.077399590751156e-05
"Алматы қаласы – Қазақстанның ірі қаржылық, мәдени және ғылыми орталығы.",0,human,71,medium,consumer_reviews,423,"Алма -ты қала -сы – Қазақстан -ның ірі қаржылық, мәдени және ғылыми орталығы.",0,0.009285596199333668,0,0.0012413552030920982,0,8.235379937104881e-05
"Алматы қаласы – Қазақстанның ірі қаржылық, мәдени және ғылыми орталығы.",0,human,71,medium,consumer_reviews,424,"Алма -ты қала -сы – Қазақстан -ның ірі қаржылық, мәдени және ғылыми орталығы.",0,0.009285596199333668,0,0.0012413552030920982,0,8.235379937104881e-05
Үкімет отырысында ауыл шаруашылығын субсидиялау мәселелері жан-жақты талқыланды.,0,human,80,medium,consumer_reviews,425,Үкімет отыры -сы -нда ауыл шаруашылығын субсидиялау мәселе -лері жан-жақ -ты талқыланды.,1,0.9497942924499512,0,0.006715831812471151,0,9.613467409508303e-05
Үкімет отырысында ауыл шаруашылығын субсидиялау мәселелері жан-жақты талқыланды.,0,human,80,medium,consumer_reviews,426,Үкімет отыры -сы -нда ауыл шаруашылығын субсидиялау мәселе -лері жан-жақ -ты талқыланды.,1,0.9497942924499512,0,0.006715831812471151,0,9.613467409508303e-05
Каспий теңізі – жер шарындағы ең үлкен тұйық су айдыны болып табылады.,0,human,70,medium,consumer_reviews,427,Каспи -й теңіз -і – жер шарындағ -ы ең үлкен тұйық су айд -ы -ны болып табылады.,1,0.9326624870300293,0,0.0009473125683143735,0,9.077399590751156e-05
Халықаралық ынтымақтастық аясында жаңа инвестициялық жобалар мақұлданды.,0,human,72,medium,consumer_reviews,428,Халықаралық ынтымақтастық аясы -нда жаңа инвестициялық жоба -лар мақұлданды.,1,0.9984025359153748,0,0.46732640266418457,0,8.206343045458198e-05
Ұлттық банк валюта бағамының тұрақтылығын қамтамасыз ету бойынша шаралар қабылдауда.,0,human,84,medium,consumer_reviews,429,Ұлттық банк валю -та бағам -ы -ның тұрақтылығын қамтамасыз ету бойынша шара -лар қабылдауда.,1,0.9984809756278992,0,0.12859034538269043,0,0.00011231708049308509
Түркі халықтарының тарихы мен мәдениеті ғасырлар бойы қалыптасқан бай мұраға ие.,0,human,80,medium,consumer_reviews,430,Түрк -і халық -тары -ның тарих -ы мен мәдение -ті ғасыр -лар бой -ы қалыптас -қан бай мұра -ға ие.,1,0.9839922785758972,0,0.0004229354381095618,0,8.35643004393205e-05
Каспий теңізі – жер шарындағы ең үлкен тұйық су айдыны болып табылады.,0,human,70,medium,consumer_reviews,431,Каспи -й теңіз -і – жер шарындағ -ы ең үлкен тұйық су айд -ы -ны болып табылады.,1,0.9326624870300293,0,0.0009473125683143735,0,9.077399590751156e-05
Ұлттық банк валюта бағамының тұрақтылығын қамтамасыз ету бойынша шаралар қабылдауда.,0,human,84,medium,consumer_reviews,432,Ұлттық банк валю -та бағам -ы -ның тұрақтылығын қамтамасыз ету бойынша шара -лар қабылдауда.,1,0.9984809756278992,0,0.12859034538269043,0,0.00011231708049308509
"Абай Құнанбайұлы – қазақ әдебиетінің классигі, ақын, философ және ағартушы.",0,human,75,medium,consumer_reviews,433,"Абай Құнанбайұл -ы – қазақ әдебиет -і -нің классигі, ақын, философ және ағартушы.",0,0.03892527148127556,0,0.0008730698609724641,0,0.00010574451880529523
Үкімет отырысында ауыл шаруашылығын субсидиялау мәселелері жан-жақты талқыланды.,0,human,80,medium,consumer_reviews,434,Үкімет отыры -сы -нда ауыл шаруашылығын субсидиялау мәселе -лері жан-жақ -ты талқыланды.,1,0.9497942924499512,0,0.006715831812471151,0,9.613467409508303e-05
Білім беру жүйесін цифрландыру мақсатында жаңа электронды платформалар енгізілуде.,0,human,82,medium,consumer_reviews,435,Білі -м беру жүйе -сін цифрландыру мақсат -ы -нда жаңа электрон -ды платформа -лар енгізілуде.,1,0.9822356700897217,0,0.0008042238769121468,0,7.840828038752079e-05
Каспий теңізі – жер шарындағы ең үлкен тұйық су айдыны болып табылады.,0,human,70,medium,consumer_reviews,436,Каспи -й теңіз -і – жер шарындағ -ы ең үлкен тұйық су айд -ы -ны болып табылады.,1,0.9326624870300293,0,0.0009473125683143735,0,9.077399590751156e-05
"Алматы қаласы – Қазақстанның ірі қаржылық, мәдени және ғылыми орталығы.",0,human,71,medium,consumer_reviews,437,"Алма -ты қала -сы – Қазақстан -ның ірі қаржылық, мәдени және ғылыми орталығы.",0,0.009285596199333668,0,0.0012413552030920982,0,8.235379937104881e-05
Ұлттық банк валюта бағамының тұрақтылығын қамтамасыз ету бойынша шаралар қабылдауда.,0,human,84,medium,consumer_reviews,438,Ұлттық банк валю -та бағам -ы -ның тұрақтылығын қамтамасыз ету бойынша шара -лар қабылдауда.,1,0.9984809756278992,0,0.12859034538269043,0,0.00011231708049308509
Үкімет отырысында ауыл шаруашылығын субсидиялау мәселелері жан-жақты талқыланды.,0,human,80,medium,consumer_reviews,439,Үкімет отыры -сы -нда ауыл шаруашылығын субсидиялау мәселе -лері жан-жақ -ты талқыланды.,1,0.9497942924499512,0,0.006715831812471151,0,9.613467409508303e-05
Түркі халықтарының тарихы мен мәдениеті ғасырлар бойы қалыптасқан бай мұраға ие.,0,human,80,medium,consumer_reviews,440,Түрк -і халық -тары -ның тарих -ы мен мәдение -ті ғасыр -лар бой -ы қалыптас -қан бай мұра -ға ие.,1,0.9839922785758972,0,0.0004229354381095618,0,8.35643004393205e-05
Түркі халықтарының тарихы мен мәдениеті ғасырлар бойы қалыптасқан бай мұраға ие.,0,human,80,medium,consumer_reviews,441,Түрк -і халық -тары -ның тарих -ы мен мәдение -ті ғасыр -лар бой -ы қалыптас -қан бай мұра -ға ие.,1,0.9839922785758972,0,0.0004229354381095618,0,8.35643004393205e-05
"Абай Құнанбайұлы – қазақ әдебиетінің классигі, ақын, философ және ағартушы.",0,human,75,medium,consumer_reviews,442,"Абай Құнанбайұл -ы – қазақ әдебиет -і -нің классигі, ақын, философ және ағартушы.",0,0.03892527148127556,0,0.0008730698609724641,0,0.00010574451880529523
Түркі халықтарының тарихы мен мәдениеті ғасырлар бойы қалыптасқан бай мұраға ие.,0,human,80,medium,consumer_reviews,443,Түрк -і халық -тары -ның тарих -ы мен мәдение -ті ғасыр -лар бой -ы қалыптас -қан бай мұра -ға ие.,1,0.9839922785758972,0,0.0004229354381095618,0,8.35643004393205e-05
Халықаралық ынтымақтастық аясында жаңа инвестициялық жобалар мақұлданды.,0,human,72,medium,consumer_reviews,444,Халықаралық ынтымақтастық аясы -нда жаңа инвестициялық жоба -лар мақұлданды.,1,0.9984025359153748,0,0.46732640266418457,0,8.206343045458198e-05
Халықаралық ынтымақтастық аясында жаңа инвестициялық жобалар мақұлданды.,0,human,72,medium,consumer_reviews,445,Халықаралық ынтымақтастық аясы -нда жаңа инвестициялық жоба -лар мақұлданды.,1,0.9984025359153748,0,0.46732640266418457,0,8.206343045458198e-05
Ұлттық банк валюта бағамының тұрақтылығын қамтамасыз ету бойынша шаралар қабылдауда.,0,human,84,medium,consumer_reviews,446,Ұлттық банк валю -та бағам -ы -ның тұрақтылығын қамтамасыз ету бойынша шара -лар қабылдауда.,1,0.9984809756278992,0,0.12859034538269043,0,0.00011231708049308509
"Абай Құнанбайұлы – қазақ әдебиетінің классигі, ақын, философ және ағартушы.",0,human,75,medium,consumer_reviews,447,"Абай Құнанбайұл -ы – қазақ әдебиет -і -нің классигі, ақын, философ және ағартушы.",0,0.03892527148127556,0,0.0008730698609724641,0,0.00010574451880529523
Халықаралық ынтымақтастық аясында жаңа инвестициялық жобалар мақұлданды.,0,human,72,medium,consumer_reviews,448,Халықаралық ынтымақтастық аясы -нда жаңа инвестициялық жоба -лар мақұлданды.,1,0.9984025359153748,0,0.46732640266418457,0,8.206343045458198e-05
Каспий теңізі – жер шарындағы ең үлкен тұйық су айдыны болып табылады.,0,human,70,medium,consumer_reviews,449,Каспи -й теңіз -і – жер шарындағ -ы ең үлкен тұйық су айд -ы -ны болып табылады.,1,0.9326624870300293,0,0.0009473125683143735,0,9.077399590751156e-05
Ұлттық банк валюта бағамының тұрақтылығын қамтамасыз ету бойынша шаралар қабылдауда.,0,human,84,medium,consumer_reviews,450,Ұлттық банк валю -та бағам -ы -ның тұрақтылығын қамтамасыз ету бойынша шара -лар қабылдауда.,1,0.9984809756278992,0,0.12859034538269043,0,0.00011231708049308509
Халықаралық ынтымақтастық аясында жаңа инвестициялық жобалар мақұлданды.,0,human,72,medium,consumer_reviews,451,Халықаралық ынтымақтастық аясы -нда жаңа инвестициялық жоба -лар мақұлданды.,1,0.9984025359153748,0,0.46732640266418457,0,8.206343045458198e-05
Үкімет отырысында ауыл шаруашылығын субсидиялау мәселелері жан-жақты талқыланды.,0,human,80,medium,consumer_reviews,452,Үкімет отыры -сы -нда ауыл шаруашылығын субсидиялау мәселе -лері жан-жақ -ты талқыланды.,1,0.9497942924499512,0,0.006715831812471151,0,9.613467409508303e-05
Ұлттық банк валюта бағамының тұрақтылығын қамтамасыз ету бойынша шаралар қабылдауда.,0,human,84,medium,consumer_reviews,453,Ұлттық банк валю -та бағам -ы -ның тұрақтылығын қамтамасыз ету бойынша шара -лар қабылдауда.,1,0.9984809756278992,0,0.12859034538269043,0,0.00011231708049308509
Үкімет отырысында ауыл шаруашылығын субсидиялау мәселелері жан-жақты талқыланды.,0,human,80,medium,consumer_reviews,454,Үкімет отыры -сы -нда ауыл шаруашылығын субсидиялау мәселе -лері жан-жақ -ты талқыланды.,1,0.9497942924499512,0,0.006715831812471151,0,9.613467409508303e-05
Халықаралық ынтымақтастық аясында жаңа инвестициялық жобалар мақұлданды.,0,human,72,medium,consumer_reviews,455,Халықаралық ынтымақтастық аясы -нда жаңа инвестициялық жоба -лар мақұлданды.,1,0.9984025359153748,0,0.46732640266418457,0,8.206343045458198e-05
Түркі халықтарының тарихы мен мәдениеті ғасырлар бойы қалыптасқан бай мұраға ие.,0,human,80,medium,consumer_reviews,456,Түрк -і халық -тары -ның тарих -ы мен мәдение -ті ғасыр -лар бой -ы қалыптас -қан бай мұра -ға ие.,1,0.9839922785758972,0,0.0004229354381095618,0,8.35643004393205e-05
Ұлттық банк валюта бағамының тұрақтылығын қамтамасыз ету бойынша шаралар қабылдауда.,0,human,84,medium,consumer_reviews,457,Ұлттық банк валю -та бағам -ы -ның тұрақтылығын қамтамасыз ету бойынша шара -лар қабылдауда.,1,0.9984809756278992,0,0.12859034538269043,0,0.00011231708049308509
Халықаралық ынтымақтастық аясында жаңа инвестициялық жобалар мақұлданды.,0,human,72,medium,consumer_reviews,458,Халықаралық ынтымақтастық аясы -нда жаңа инвестициялық жоба -лар мақұлданды.,1,0.9984025359153748,0,0.46732640266418457,0,8.206343045458198e-05
"Алматы қаласы – Қазақстанның ірі қаржылық, мәдени және ғылыми орталығы.",0,human,71,medium,consumer_reviews,459,"Алма -ты қала -сы – Қазақстан -ның ірі қаржылық, мәдени және ғылыми орталығы.",0,0.009285596199333668,0,0.0012413552030920982,0,8.235379937104881e-05
"Алматы қаласы – Қазақстанның ірі қаржылық, мәдени және ғылыми орталығы.",0,human,71,medium,consumer_reviews,460,"Алма -ты қала -сы – Қазақстан -ның ірі қаржылық, мәдени және ғылыми орталығы.",0,0.009285596199333668,0,0.0012413552030920982,0,8.235379937104881e-05
Түркі халықтарының тарихы мен мәдениеті ғасырлар бойы қалыптасқан бай мұраға ие.,0,human,80,medium,consumer_reviews,461,Түрк -і халық -тары -ның тарих -ы мен мәдение -ті ғасыр -лар бой -ы қалыптас -қан бай мұра -ға ие.,1,0.9839922785758972,0,0.0004229354381095618,0,8.35643004393205e-05
Ұлттық банк валюта бағамының тұрақтылығын қамтамасыз ету бойынша шаралар қабылдауда.,0,human,84,medium,consumer_reviews,462,Ұлттық банк валю -та бағам -ы -ның тұрақтылығын қамтамасыз ету бойынша шара -лар қабылдауда.,1,0.9984809756278992,0,0.12859034538269043,0,0.00011231708049308509
Түркі халықтарының тарихы мен мәдениеті ғасырлар бойы қалыптасқан бай мұраға ие.,0,human,80,medium,consumer_reviews,463,Түрк -і халық -тары -ның тарих -ы мен мәдение -ті ғасыр -лар бой -ы қалыптас -қан бай мұра -ға ие.,1,0.9839922785758972,0,0.0004229354381095618,0,8.35643004393205e-05
Халықаралық ынтымақтастық аясында жаңа инвестициялық жобалар мақұлданды.,0,human,72,medium,consumer_reviews,464,Халықаралық ынтымақтастық аясы -нда жаңа инвестициялық жоба -лар мақұлданды.,1,0.9984025359153748,0,0.46732640266418457,0,8.206343045458198e-05
Каспий теңізі – жер шарындағы ең үлкен тұйық су айдыны болып табылады.,0,human,70,medium,consumer_reviews,465,Каспи -й теңіз -і – жер шарындағ -ы ең үлкен тұйық су айд -ы -ны болып табылады.,1,0.9326624870300293,0,0.0009473125683143735,0,9.077399590751156e-05
Білім беру жүйесін цифрландыру мақсатында жаңа электронды платформалар енгізілуде.,0,human,82,medium,consumer_reviews,466,Білі -м беру жүйе -сін цифрландыру мақсат -ы -нда жаңа электрон -ды платформа -лар енгізілуде.,1,0.9822356700897217,0,0.0008042238769121468,0,7.840828038752079e-05
Каспий теңізі – жер шарындағы ең үлкен тұйық су айдыны болып табылады.,0,human,70,medium,consumer_reviews,467,Каспи -й теңіз -і – жер шарындағ -ы ең үлкен тұйық су айд -ы -ны болып табылады.,1,0.9326624870300293,0,0.0009473125683143735,0,9.077399590751156e-05
Түркі халықтарының тарихы мен мәдениеті ғасырлар бойы қалыптасқан бай мұраға ие.,0,human,80,medium,consumer_reviews,468,Түрк -і халық -тары -ның тарих -ы мен мәдение -ті ғасыр -лар бой -ы қалыптас -қан бай мұра -ға ие.,1,0.9839922785758972,0,0.0004229354381095618,0,8.35643004393205e-05
Каспий теңізі – жер шарындағы ең үлкен тұйық су айдыны болып табылады.,0,human,70,medium,consumer_reviews,469,Каспи -й теңіз -і – жер шарындағ -ы ең үлкен тұйық су айд -ы -ны болып табылады.,1,0.9326624870300293,0,0.0009473125683143735,0,9.077399590751156e-05
"Абай Құнанбайұлы – қазақ әдебиетінің классигі, ақын, философ және ағартушы.",0,human,75,medium,consumer_reviews,470,"Абай Құнанбайұл -ы – қазақ әдебиет -і -нің классигі, ақын, философ және ағартушы.",0,0.03892527148127556,0,0.0008730698609724641,0,0.00010574451880529523
Түркі халықтарының тарихы мен мәдениеті ғасырлар бойы қалыптасқан бай мұраға ие.,0,human,80,medium,consumer_reviews,471,Түрк -і халық -тары -ның тарих -ы мен мәдение -ті ғасыр -лар бой -ы қалыптас -қан бай мұра -ға ие.,1,0.9839922785758972,0,0.0004229354381095618,0,8.35643004393205e-05
Түркі халықтарының тарихы мен мәдениеті ғасырлар бойы қалыптасқан бай мұраға ие.,0,human,80,medium,consumer_reviews,472,Түрк -і халық -тары -ның тарих -ы мен мәдение -ті ғасыр -лар бой -ы қалыптас -қан бай мұра -ға ие.,1,0.9839922785758972,0,0.0004229354381095618,0,8.35643004393205e-05
Ұлттық банк валюта бағамының тұрақтылығын қамтамасыз ету бойынша шаралар қабылдауда.,0,human,84,medium,consumer_reviews,473,Ұлттық банк валю -та бағам -ы -ның тұрақтылығын қамтамасыз ету бойынша шара -лар қабылдауда.,1,0.9984809756278992,0,0.12859034538269043,0,0.00011231708049308509
Ұлттық банк валюта бағамының тұрақтылығын қамтамасыз ету бойынша шаралар қабылдауда.,0,human,84,medium,consumer_reviews,474,Ұлттық банк валю -та бағам -ы -ның тұрақтылығын қамтамасыз ету бойынша шара -лар қабылдауда.,1,0.9984809756278992,0,0.12859034538269043,0,0.00011231708049308509
Үкімет отырысында ауыл шаруашылығын субсидиялау мәселелері жан-жақты талқыланды.,0,human,80,medium,consumer_reviews,475,Үкімет отыры -сы -нда ауыл шаруашылығын субсидиялау мәселе -лері жан-жақ -ты талқыланды.,1,0.9497942924499512,0,0.006715831812471151,0,9.613467409508303e-05
Халықаралық ынтымақтастық аясында жаңа инвестициялық жобалар мақұлданды.,0,human,72,medium,consumer_reviews,476,Халықаралық ынтымақтастық аясы -нда жаңа инвестициялық жоба -лар мақұлданды.,1,0.9984025359153748,0,0.46732640266418457,0,8.206343045458198e-05
Ұлттық банк валюта бағамының тұрақтылығын қамтамасыз ету бойынша шаралар қабылдауда.,0,human,84,medium,consumer_reviews,477,Ұлттық банк валю -та бағам -ы -ның тұрақтылығын қамтамасыз ету бойынша шара -лар қабылдауда.,1,0.9984809756278992,0,0.12859034538269043,0,0.00011231708049308509
Каспий теңізі – жер шарындағы ең үлкен тұйық су айдыны болып табылады.,0,human,70,medium,consumer_reviews,478,Каспи -й теңіз -і – жер шарындағ -ы ең үлкен тұйық су айд -ы -ны болып табылады.,1,0.9326624870300293,0,0.0009473125683143735,0,9.077399590751156e-05
"Алматы қаласы – Қазақстанның ірі қаржылық, мәдени және ғылыми орталығы.",0,human,71,medium,consumer_reviews,479,"Алма -ты қала -сы – Қазақстан -ның ірі қаржылық, мәдени және ғылыми орталығы.",0,0.009285596199333668,0,0.0012413552030920982,0,8.235379937104881e-05
Ұлттық банк валюта бағамының тұрақтылығын қамтамасыз ету бойынша шаралар қабылдауда.,0,human,84,medium,consumer_reviews,480,Ұлттық банк валю -та бағам -ы -ның тұрақтылығын қамтамасыз ету бойынша шара -лар қабылдауда.,1,0.9984809756278992,0,0.12859034538269043,0,0.00011231708049308509
Халықаралық ынтымақтастық аясында жаңа инвестициялық жобалар мақұлданды.,0,human,72,medium,consumer_reviews,481,Халықаралық ынтымақтастық аясы -нда жаңа инвестициялық жоба -лар мақұлданды.,1,0.9984025359153748,0,0.46732640266418457,0,8.206343045458198e-05
Түркі халықтарының тарихы мен мәдениеті ғасырлар бойы қалыптасқан бай мұраға ие.,0,human,80,medium,consumer_reviews,482,Түрк -і халық -тары -ның тарих -ы мен мәдение -ті ғасыр -лар бой -ы қалыптас -қан бай мұра -ға ие.,1,0.9839922785758972,0,0.0004229354381095618,0,8.35643004393205e-05
Каспий теңізі – жер шарындағы ең үлкен тұйық су айдыны болып табылады.,0,human,70,medium,consumer_reviews,483,Каспи -й теңіз -і – жер шарындағ -ы ең үлкен тұйық су айд -ы -ны болып табылады.,1,0.9326624870300293,0,0.0009473125683143735,0,9.077399590751156e-05
Каспий теңізі – жер шарындағы ең үлкен тұйық су айдыны болып табылады.,0,human,70,medium,consumer_reviews,484,Каспи -й теңіз -і – жер шарындағ -ы ең үлкен тұйық су айд -ы -ны болып табылады.,1,0.9326624870300293,0,0.0009473125683143735,0,9.077399590751156e-05
"Абай Құнанбайұлы – қазақ әдебиетінің классигі, ақын, философ және ағартушы.",0,human,75,medium,consumer_reviews,485,"Абай Құнанбайұл -ы – қазақ әдебиет -і -нің классигі, ақын, философ және ағартушы.",0,0.03892527148127556,0,0.0008730698609724641,0,0.00010574451880529523
Халықаралық ынтымақтастық аясында жаңа инвестициялық жобалар мақұлданды.,0,human,72,medium,consumer_reviews,486,Халықаралық ынтымақтастық аясы -нда жаңа инвестициялық жоба -лар мақұлданды.,1,0.9984025359153748,0,0.46732640266418457,0,8.206343045458198e-05
Түркі халықтарының тарихы мен мәдениеті ғасырлар бойы қалыптасқан бай мұраға ие.,0,human,80,medium,consumer_reviews,487,Түрк -і халық -тары -ның тарих -ы мен мәдение -ті ғасыр -лар бой -ы қалыптас -қан бай мұра -ға ие.,1,0.9839922785758972,0,0.0004229354381095618,0,8.35643004393205e-05
Ұлттық банк валюта бағамының тұрақтылығын қамтамасыз ету бойынша шаралар қабылдауда.,0,human,84,medium,consumer_reviews,488,Ұлттық банк валю -та бағам -ы -ның тұрақтылығын қамтамасыз ету бойынша шара -лар қабылдауда.,1,0.9984809756278992,0,0.12859034538269043,0,0.00011231708049308509
Халықаралық ынтымақтастық аясында жаңа инвестициялық жобалар мақұлданды.,0,human,72,medium,consumer_reviews,489,Халықаралық ынтымақтастық аясы -нда жаңа инвестициялық жоба -лар мақұлданды.,1,0.9984025359153748,0,0.46732640266418457,0,8.206343045458198e-05
Халықаралық ынтымақтастық аясында жаңа инвестициялық жобалар мақұлданды.,0,human,72,medium,consumer_reviews,490,Халықаралық ынтымақтастық аясы -нда жаңа инвестициялық жоба -лар мақұлданды.,1,0.9984025359153748,0,0.46732640266418457,0,8.206343045458198e-05
Білім беру жүйесін цифрландыру мақсатында жаңа электронды платформалар енгізілуде.,0,human,82,medium,consumer_reviews,491,Білі -м беру жүйе -сін цифрландыру мақсат -ы -нда жаңа электрон -ды платформа -лар енгізілуде.,1,0.9822356700897217,0,0.0008042238769121468,0,7.840828038752079e-05
Ұлттық банк валюта бағамының тұрақтылығын қамтамасыз ету бойынша шаралар қабылдауда.,0,human,84,medium,consumer_reviews,492,Ұлттық банк валю -та бағам -ы -ның тұрақтылығын қамтамасыз ету бойынша шара -лар қабылдауда.,1,0.9984809756278992,0,0.12859034538269043,0,0.00011231708049308509
Түркі халықтарының тарихы мен мәдениеті ғасырлар бойы қалыптасқан бай мұраға ие.,0,human,80,medium,consumer_reviews,493,Түрк -і халық -тары -ның тарих -ы мен мәдение -ті ғасыр -лар бой -ы қалыптас -қан бай мұра -ға ие.,1,0.9839922785758972,0,0.0004229354381095618,0,8.35643004393205e-05
Ұлттық банк валюта бағамының тұрақтылығын қамтамасыз ету бойынша шаралар қабылдауда.,0,human,84,medium,consumer_reviews,494,Ұлттық банк валю -та бағам -ы -ның тұрақтылығын қамтамасыз ету бойынша шара -лар қабылдауда.,1,0.9984809756278992,0,0.12859034538269043,0,0.00011231708049308509
Каспий теңізі – жер шарындағы ең үлкен тұйық су айдыны болып табылады.,0,human,70,medium,consumer_reviews,495,Каспи -й теңіз -і – жер шарындағ -ы ең үлкен тұйық су айд -ы -ны болып табылады.,1,0.9326624870300293,0,0.0009473125683143735,0,9.077399590751156e-05
Халықаралық ынтымақтастық аясында жаңа инвестициялық жобалар мақұлданды.,0,human,72,medium,consumer_reviews,496,Халықаралық ынтымақтастық аясы -нда жаңа инвестициялық жоба -лар мақұлданды.,1,0.9984025359153748,0,0.46732640266418457,0,8.206343045458198e-05
Халықаралық ынтымақтастық аясында жаңа инвестициялық жобалар мақұлданды.,0,human,72,medium,consumer_reviews,497,Халықаралық ынтымақтастық аясы -нда жаңа инвестициялық жоба -лар мақұлданды.,1,0.9984025359153748,0,0.46732640266418457,0,8.206343045458198e-05
Үкімет отырысында ауыл шаруашылығын субсидиялау мәселелері жан-жақты талқыланды.,0,human,80,medium,consumer_reviews,498,Үкімет отыры -сы -нда ауыл шаруашылығын субсидиялау мәселе -лері жан-жақ -ты талқыланды.,1,0.9497942924499512,0,0.006715831812471151,0,9.613467409508303e-05
Үкімет отырысында ауыл шаруашылығын субсидиялау мәселелері жан-жақты талқыланды.,0,human,80,medium,consumer_reviews,499,Үкімет отыры -сы -нда ауыл шаруашылығын субсидиялау мәселе -лері жан-жақ -ты талқыланды.,1,0.9497942924499512,0,0.006715831812471151,0,9.613467409508303e-05
Түркі халықтарының тарихы мен мәдениеті ғасырлар бойы қалыптасқан бай мұраға ие.,0,human,80,medium,consumer_reviews,500,Түрк -і халық -тары -ның тарих -ы мен мәдение -ті ғасыр -лар бой -ы қалыптас -қан бай мұра -ға ие.,1,0.9839922785758972,0,0.0004229354381095618,0,8.35643004393205e-05
Каспий теңізі – жер шарындағы ең үлкен тұйық су айдыны болып табылады.,0,human,70,medium,consumer_reviews,501,Каспи -й теңіз -і – жер шарындағ -ы ең үлкен тұйық су айд -ы -ны болып табылады.,1,0.9326624870300293,0,0.0009473125683143735,0,9.077399590751156e-05
"Алматы қаласы – Қазақстанның ірі қаржылық, мәдени және ғылыми орталығы.",0,human,71,medium,consumer_reviews,502,"Алма -ты қала -сы – Қазақстан -ның ірі қаржылық, мәдени және ғылыми орталығы.",0,0.009285596199333668,0,0.0012413552030920982,0,8.235379937104881e-05
"Алматы қаласы – Қазақстанның ірі қаржылық, мәдени және ғылыми орталығы.",0,human,71,medium,consumer_reviews,503,"Алма -ты қала -сы – Қазақстан -ның ірі қаржылық, мәдени және ғылыми орталығы.",0,0.009285596199333668,0,0.0012413552030920982,0,8.235379937104881e-05
"Абай Құнанбайұлы – қазақ әдебиетінің классигі, ақын, философ және ағартушы.",0,human,75,medium,consumer_reviews,504,"Абай Құнанбайұл -ы – қазақ әдебиет -і -нің классигі, ақын, философ және ағартушы.",0,0.03892527148127556,0,0.0008730698609724641,0,0.00010574451880529523
Түркі халықтарының тарихы мен мәдениеті ғасырлар бойы қалыптасқан бай мұраға ие.,0,human,80,medium,consumer_reviews,505,Түрк -і халық -тары -ның тарих -ы мен мәдение -ті ғасыр -лар бой -ы қалыптас -қан бай мұра -ға ие.,1,0.9839922785758972,0,0.0004229354381095618,0,8.35643004393205e-05
Білім беру жүйесін цифрландыру мақсатында жаңа электронды платформалар енгізілуде.,0,human,82,medium,consumer_reviews,506,Білі -м беру жүйе -сін цифрландыру мақсат -ы -нда жаңа электрон -ды платформа -лар енгізілуде.,1,0.9822356700897217,0,0.0008042238769121468,0,7.840828038752079e-05
Ұлттық банк валюта бағамының тұрақтылығын қамтамасыз ету бойынша шаралар қабылдауда.,0,human,84,medium,consumer_reviews,507,Ұлттық банк валю -та бағам -ы -ның тұрақтылығын қамтамасыз ету бойынша шара -лар қабылдауда.,1,0.9984809756278992,0,0.12859034538269043,0,0.00011231708049308509
Ұлттық банк валюта бағамының тұрақтылығын қамтамасыз ету бойынша шаралар қабылдауда.,0,human,84,medium,consumer_reviews,508,Ұлттық банк валю -та бағам -ы -ның тұрақтылығын қамтамасыз ету бойынша шара -лар қабылдауда.,1,0.9984809756278992,0,0.12859034538269043,0,0.00011231708049308509
Каспий теңізі – жер шарындағы ең үлкен тұйық су айдыны болып табылады.,0,human,70,medium,consumer_reviews,509,Каспи -й теңіз -і – жер шарындағ -ы ең үлкен тұйық су айд -ы -ны болып табылады.,1,0.9326624870300293,0,0.0009473125683143735,0,9.077399590751156e-05
Түркі халықтарының тарихы мен мәдениеті ғасырлар бойы қалыптасқан бай мұраға ие.,0,human,80,medium,consumer_reviews,510,Түрк -і халық -тары -ның тарих -ы мен мәдение -ті ғасыр -лар бой -ы қалыптас -қан бай мұра -ға ие.,1,0.9839922785758972,0,0.0004229354381095618,0,8.35643004393205e-05
Каспий теңізі – жер шарындағы ең үлкен тұйық су айдыны болып табылады.,0,human,70,medium,consumer_reviews,511,Каспи -й теңіз -і – жер шарындағ -ы ең үлкен тұйық су айд -ы -ны болып табылады.,1,0.9326624870300293,0,0.0009473125683143735,0,9.077399590751156e-05
Халықаралық ынтымақтастық аясында жаңа инвестициялық жобалар мақұлданды.,0,human,72,medium,consumer_reviews,512,Халықаралық ынтымақтастық аясы -нда жаңа инвестициялық жоба -лар мақұлданды.,1,0.9984025359153748,0,0.46732640266418457,0,8.206343045458198e-05
Халықаралық ынтымақтастық аясында жаңа инвестициялық жобалар мақұлданды.,0,human,72,medium,consumer_reviews,513,Халықаралық ынтымақтастық аясы -нда жаңа инвестициялық жоба -лар мақұлданды.,1,0.9984025359153748,0,0.46732640266418457,0,8.206343045458198e-05
Білім беру жүйесін цифрландыру мақсатында жаңа электронды платформалар енгізілуде.,0,human,82,medium,consumer_reviews,514,Білі -м беру жүйе -сін цифрландыру мақсат -ы -нда жаңа электрон -ды платформа -лар енгізілуде.,1,0.9822355508804321,0,0.0008042238769121468,0,7.840828038752079e-05
Каспий теңізі – жер шарындағы ең үлкен тұйық су айдыны болып табылады.,0,human,70,medium,consumer_reviews,515,Каспи -й теңіз -і – жер шарындағ -ы ең үлкен тұйық су айд -ы -ны болып табылады.,1,0.9326623678207397,0,0.0009473125683143735,0,9.077399590751156e-05
Каспий теңізі – жер шарындағы ең үлкен тұйық су айдыны болып табылады.,0,human,70,medium,consumer_reviews,516,Каспи -й теңіз -і – жер шарындағ -ы ең үлкен тұйық су айд -ы -ны болып табылады.,1,0.9326623678207397,0,0.0009473125683143735,0,9.077399590751156e-05
Білім беру жүйесін цифрландыру мақсатында жаңа электронды платформалар енгізілуде.,0,human,82,medium,consumer_reviews,517,Білі -м беру жүйе -сін цифрландыру мақсат -ы -нда жаңа электрон -ды платформа -лар енгізілуде.,1,0.9822355508804321,0,0.0008042238769121468,0,7.840828038752079e-05
Халықаралық ынтымақтастық аясында жаңа инвестициялық жобалар мақұлданды.,0,human,72,medium,consumer_reviews,518,Халықаралық ынтымақтастық аясы -нда жаңа инвестициялық жоба -лар мақұлданды.,1,0.9984025359153748,0,0.46732640266418457,0,8.206343045458198e-05
Үкімет отырысында ауыл шаруашылығын субсидиялау мәселелері жан-жақты талқыланды.,0,human,80,medium,consumer_reviews,519,Үкімет отыры -сы -нда ауыл шаруашылығын субсидиялау мәселе -лері жан-жақ -ты талқыланды.,1,0.9497942924499512,0,0.006715831812471151,0,9.613467409508303e-05
Халықаралық ынтымақтастық аясында жаңа инвестициялық жобалар мақұлданды.,0,human,72,medium,consumer_reviews,520,Халықаралық ынтымақтастық аясы -нда жаңа инвестициялық жоба -лар мақұлданды.,1,0.9984025359153748,0,0.46732640266418457,0,8.206343045458198e-05
"Алматы қаласы – Қазақстанның ірі қаржылық, мәдени және ғылыми орталығы.",0,human,71,medium,consumer_reviews,521,"Алма -ты қала -сы – Қазақстан -ның ірі қаржылық, мәдени және ғылыми орталығы.",0,0.009285609237849712,0,0.0012413552030920982,0,8.235379937104881e-05
Білім беру жүйесін цифрландыру мақсатында жаңа электронды платформалар енгізілуде.,0,human,82,medium,consumer_reviews,522,Білі -м беру жүйе -сін цифрландыру мақсат -ы -нда жаңа электрон -ды платформа -лар енгізілуде.,1,0.9822355508804321,0,0.0008042238769121468,0,7.840828038752079e-05
"Абай Құнанбайұлы – қазақ әдебиетінің классигі, ақын, философ және ағартушы.",0,human,75,medium,consumer_reviews,523,"Абай Құнанбайұл -ы – қазақ әдебиет -і -нің классигі, ақын, философ және ағартушы.",0,0.038925252854824066,0,0.0008730698609724641,0,0.00010574451880529523
"Абай Құнанбайұлы – қазақ әдебиетінің классигі, ақын, философ және ағартушы.",0,human,75,medium,consumer_reviews,524,"Абай Құнанбайұл -ы – қазақ әдебиет -і -нің классигі, ақын, философ және ағартушы.",0,0.038925252854824066,0,0.0008730698609724641,0,0.00010574451880529523
Түркі халықтарының тарихы мен мәдениеті ғасырлар бойы қалыптасқан бай мұраға ие.,0,human,80,medium,consumer_reviews,525,Түрк -і халық -тары -ның тарих -ы мен мәдение -ті ғасыр -лар бой -ы қалыптас -қан бай мұра -ға ие.,1,0.9839922785758972,0,0.0004229354381095618,0,8.35643004393205e-05
"Абай Құнанбайұлы – қазақ әдебиетінің классигі, ақын, философ және ағартушы.",0,human,75,medium,consumer_reviews,526,"Абай Құнанбайұл -ы – қазақ әдебиет -і -нің классигі, ақын, философ және ағартушы.",0,0.038925252854824066,0,0.0008730698609724641,0,0.00010574451880529523
"Абай Құнанбайұлы – қазақ әдебиетінің классигі, ақын, философ және ағартушы.",0,human,75,medium,consumer_reviews,527,"Абай Құнанбайұл -ы – қазақ әдебиет -і -нің классигі, ақын, философ және ағартушы.",0,0.038925252854824066,0,0.0008730698609724641,0,0.00010574451880529523
Үкімет отырысында ауыл шаруашылығын субсидиялау мәселелері жан-жақты талқыланды.,0,human,80,medium,consumer_reviews,528,Үкімет отыры -сы -нда ауыл шаруашылығын субсидиялау мәселе -лері жан-жақ -ты талқыланды.,1,0.9497942924499512,0,0.006715831812471151,0,9.613467409508303e-05
Түркі халықтарының тарихы мен мәдениеті ғасырлар бойы қалыптасқан бай мұраға ие.,0,human,80,medium,consumer_reviews,529,Түрк -і халық -тары -ның тарих -ы мен мәдение -ті ғасыр -лар бой -ы қалыптас -қан бай мұра -ға ие.,1,0.9839922785758972,0,0.0004229354381095618,0,8.35643004393205e-05
Білім беру жүйесін цифрландыру мақсатында жаңа электронды платформалар енгізілуде.,0,human,82,medium,consumer_reviews,530,Білі -м беру жүйе -сін цифрландыру мақсат -ы -нда жаңа электрон -ды платформа -лар енгізілуде.,1,0.9822355508804321,0,0.0008042238769121468,0,7.840828038752079e-05
Түркі халықтарының тарихы мен мәдениеті ғасырлар бойы қалыптасқан бай мұраға ие.,0,human,80,medium,consumer_reviews,531,Түрк -і халық -тары -ның тарих -ы мен мәдение -ті ғасыр -лар бой -ы қалыптас -қан бай мұра -ға ие.,1,0.9839922785758972,0,0.0004229354381095618,0,8.35643004393205e-05
"Алматы қаласы – Қазақстанның ірі қаржылық, мәдени және ғылыми орталығы.",0,human,71,medium,consumer_reviews,532,"Алма -ты қала -сы – Қазақстан -ның ірі қаржылық, мәдени және ғылыми орталығы.",0,0.009285609237849712,0,0.0012413552030920982,0,8.235379937104881e-05
"Алматы қаласы – Қазақстанның ірі қаржылық, мәдени және ғылыми орталығы.",0,human,71,medium,consumer_reviews,533,"Алма -ты қала -сы – Қазақстан -ның ірі қаржылық, мәдени және ғылыми орталығы.",0,0.009285609237849712,0,0.0012413552030920982,0,8.235379937104881e-05
Үкімет отырысында ауыл шаруашылығын субсидиялау мәселелері жан-жақты талқыланды.,0,human,80,medium,consumer_reviews,534,Үкімет отыры -сы -нда ауыл шаруашылығын субсидиялау мәселе -лері жан-жақ -ты талқыланды.,1,0.9497942924499512,0,0.006715831812471151,0,9.613467409508303e-05
Ұлттық банк валюта бағамының тұрақтылығын қамтамасыз ету бойынша шаралар қабылдауда.,0,human,84,medium,consumer_reviews,535,Ұлттық банк валю -та бағам -ы -ның тұрақтылығын қамтамасыз ету бойынша шара -лар қабылдауда.,1,0.9984809756278992,0,0.12859034538269043,0,0.00011231708049308509
Түркі халықтарының тарихы мен мәдениеті ғасырлар бойы қалыптасқан бай мұраға ие.,0,human,80,medium,consumer_reviews,536,Түрк -і халық -тары -ның тарих -ы мен мәдение -ті ғасыр -лар бой -ы қалыптас -қан бай мұра -ға ие.,1,0.9839922785758972,0,0.0004229354381095618,0,8.35643004393205e-05
Білім беру жүйесін цифрландыру мақсатында жаңа электронды платформалар енгізілуде.,0,human,82,medium,consumer_reviews,537,Білі -м беру жүйе -сін цифрландыру мақсат -ы -нда жаңа электрон -ды платформа -лар енгізілуде.,1,0.9822355508804321,0,0.0008042238769121468,0,7.840828038752079e-05
Білім беру жүйесін цифрландыру мақсатында жаңа электронды платформалар енгізілуде.,0,human,82,medium,consumer_reviews,538,Білі -м беру жүйе -сін цифрландыру мақсат -ы -нда жаңа электрон -ды платформа -лар енгізілуде.,1,0.9822355508804321,0,0.0008042238769121468,0,7.840828038752079e-05
Халықаралық ынтымақтастық аясында жаңа инвестициялық жобалар мақұлданды.,0,human,72,medium,consumer_reviews,539,Халықаралық ынтымақтастық аясы -нда жаңа инвестициялық жоба -лар мақұлданды.,1,0.9984025359153748,0,0.46732640266418457,0,8.206343045458198e-05
Түркі халықтарының тарихы мен мәдениеті ғасырлар бойы қалыптасқан бай мұраға ие.,0,human,80,medium,consumer_reviews,540,Түрк -і халық -тары -ның тарих -ы мен мәдение -ті ғасыр -лар бой -ы қалыптас -қан бай мұра -ға ие.,1,0.9839922785758972,0,0.0004229354381095618,0,8.35643004393205e-05
Үкімет отырысында ауыл шаруашылығын субсидиялау мәселелері жан-жақты талқыланды.,0,human,80,medium,consumer_reviews,541,Үкімет отыры -сы -нда ауыл шаруашылығын субсидиялау мәселе -лері жан-жақ -ты талқыланды.,1,0.9497942924499512,0,0.006715831812471151,0,9.613467409508303e-05
Үкімет отырысында ауыл шаруашылығын субсидиялау мәселелері жан-жақты талқыланды.,0,human,80,medium,consumer_reviews,542,Үкімет отыры -сы -нда ауыл шаруашылығын субсидиялау мәселе -лері жан-жақ -ты талқыланды.,1,0.9497942924499512,0,0.006715831812471151,0,9.613467409508303e-05
"Абай Құнанбайұлы – қазақ әдебиетінің классигі, ақын, философ және ағартушы.",0,human,75,medium,consumer_reviews,543,"Абай Құнанбайұл -ы – қазақ әдебиет -і -нің классигі, ақын, философ және ағартушы.",0,0.038925252854824066,0,0.0008730698609724641,0,0.00010574451880529523
"Абай Құнанбайұлы – қазақ әдебиетінің классигі, ақын, философ және ағартушы.",0,human,75,medium,consumer_reviews,544,"Абай Құнанбайұл -ы – қазақ әдебиет -і -нің классигі, ақын, философ және ағартушы.",0,0.038925252854824066,0,0.0008730698609724641,0,0.00010574451880529523
"Абай Құнанбайұлы – қазақ әдебиетінің классигі, ақын, философ және ағартушы.",0,human,75,medium,consumer_reviews,545,"Абай Құнанбайұл -ы – қазақ әдебиет -і -нің классигі, ақын, философ және ағартушы.",0,0.038925252854824066,0,0.0008730698609724641,0,0.00010574451880529523
Каспий теңізі – жер шарындағы ең үлкен тұйық су айдыны болып табылады.,0,human,70,medium,consumer_reviews,546,Каспи -й теңіз -і – жер шарындағ -ы ең үлкен тұйық су айд -ы -ны болып табылады.,1,0.9326623678207397,0,0.0009473125683143735,0,9.077399590751156e-05
Үкімет отырысында ауыл шаруашылығын субсидиялау мәселелері жан-жақты талқыланды.,0,human,80,medium,consumer_reviews,547,Үкімет отыры -сы -нда ауыл шаруашылығын субсидиялау мәселе -лері жан-жақ -ты талқыланды.,1,0.9497942924499512,0,0.006715831812471151,0,9.613467409508303e-05
Түркі халықтарының тарихы мен мәдениеті ғасырлар бойы қалыптасқан бай мұраға ие.,0,human,80,medium,consumer_reviews,548,Түрк -і халық -тары -ның тарих -ы мен мәдение -ті ғасыр -лар бой -ы қалыптас -қан бай мұра -ға ие.,1,0.9839922785758972,0,0.0004229354381095618,0,8.35643004393205e-05
Ұлттық банк валюта бағамының тұрақтылығын қамтамасыз ету бойынша шаралар қабылдауда.,0,human,84,medium,consumer_reviews,549,Ұлттық банк валю -та бағам -ы -ның тұрақтылығын қамтамасыз ету бойынша шара -лар қабылдауда.,1,0.9984809756278992,0,0.12859034538269043,0,0.00011231708049308509
Халықаралық ынтымақтастық аясында жаңа инвестициялық жобалар мақұлданды.,0,human,72,medium,consumer_reviews,550,Халықаралық ынтымақтастық аясы -нда жаңа инвестициялық жоба -лар мақұлданды.,1,0.9984025359153748,0,0.46732640266418457,0,8.206343045458198e-05
"Алматы қаласы – Қазақстанның ірі қаржылық, мәдени және ғылыми орталығы.",0,human,71,medium,consumer_reviews,551,"Алма -ты қала -сы – Қазақстан -ның ірі қаржылық, мәдени және ғылыми орталығы.",0,0.009285609237849712,0,0.0012413552030920982,0,8.235379937104881e-05
"Алматы қаласы – Қазақстанның ірі қаржылық, мәдени және ғылыми орталығы.",0,human,71,medium,consumer_reviews,552,"Алма -ты қала -сы – Қазақстан -ның ірі қаржылық, мәдени және ғылыми орталығы.",0,0.009285609237849712,0,0.0012413552030920982,0,8.235379937104881e-05
"Алматы қаласы – Қазақстанның ірі қаржылық, мәдени және ғылыми орталығы.",0,human,71,medium,consumer_reviews,553,"Алма -ты қала -сы – Қазақстан -ның ірі қаржылық, мәдени және ғылыми орталығы.",0,0.009285609237849712,0,0.0012413552030920982,0,8.235379937104881e-05
Білім беру жүйесін цифрландыру мақсатында жаңа электронды платформалар енгізілуде.,0,human,82,medium,consumer_reviews,554,Білі -м беру жүйе -сін цифрландыру мақсат -ы -нда жаңа электрон -ды платформа -лар енгізілуде.,1,0.9822355508804321,0,0.0008042238769121468,0,7.840828038752079e-05
Каспий теңізі – жер шарындағы ең үлкен тұйық су айдыны болып табылады.,0,human,70,medium,consumer_reviews,555,Каспи -й теңіз -і – жер шарындағ -ы ең үлкен тұйық су айд -ы -ны болып табылады.,1,0.9326623678207397,0,0.0009473125683143735,0,9.077399590751156e-05
Білім беру жүйесін цифрландыру мақсатында жаңа электронды платформалар енгізілуде.,0,human,82,medium,consumer_reviews,556,Білі -м беру жүйе -сін цифрландыру мақсат -ы -нда жаңа электрон -ды платформа -лар енгізілуде.,1,0.9822355508804321,0,0.0008042238769121468,0,7.840828038752079e-05
Білім беру жүйесін цифрландыру мақсатында жаңа электронды платформалар енгізілуде.,0,human,82,medium,consumer_reviews,557,Білі -м беру жүйе -сін цифрландыру мақсат -ы -нда жаңа электрон -ды платформа -лар енгізілуде.,1,0.9822355508804321,0,0.0008042238769121468,0,7.840828038752079e-05
Білім беру жүйесін цифрландыру мақсатында жаңа электронды платформалар енгізілуде.,0,human,82,medium,consumer_reviews,558,Білі -м беру жүйе -сін цифрландыру мақсат -ы -нда жаңа электрон -ды платформа -лар енгізілуде.,1,0.9822355508804321,0,0.0008042238769121468,0,7.840828038752079e-05
"Алматы қаласы – Қазақстанның ірі қаржылық, мәдени және ғылыми орталығы.",0,human,71,medium,consumer_reviews,559,"Алма -ты қала -сы – Қазақстан -ның ірі қаржылық, мәдени және ғылыми орталығы.",0,0.009285609237849712,0,0.0012413552030920982,0,8.235379937104881e-05
Ұлттық банк валюта бағамының тұрақтылығын қамтамасыз ету бойынша шаралар қабылдауда.,0,human,84,medium,consumer_reviews,560,Ұлттық банк валю -та бағам -ы -ның тұрақтылығын қамтамасыз ету бойынша шара -лар қабылдауда.,1,0.9984809756278992,0,0.12859034538269043,0,0.00011231708049308509
Үкімет отырысында ауыл шаруашылығын субсидиялау мәселелері жан-жақты талқыланды.,0,human,80,medium,consumer_reviews,561,Үкімет отыры -сы -нда ауыл шаруашылығын субсидиялау мәселе -лері жан-жақ -ты талқыланды.,1,0.9497942924499512,0,0.006715831812471151,0,9.613467409508303e-05
Халықаралық ынтымақтастық аясында жаңа инвестициялық жобалар мақұлданды.,0,human,72,medium,consumer_reviews,562,Халықаралық ынтымақтастық аясы -нда жаңа инвестициялық жоба -лар мақұлданды.,1,0.9984025359153748,0,0.46732640266418457,0,8.206343045458198e-05
Халықаралық ынтымақтастық аясында жаңа инвестициялық жобалар мақұлданды.,0,human,72,medium,consumer_reviews,563,Халықаралық ынтымақтастық аясы -нда жаңа инвестициялық жоба -лар мақұлданды.,1,0.9984025359153748,0,0.46732640266418457,0,8.206343045458198e-05
Жакси зор емес 2та жулдиз коиамин Зор емес катиб калди 10/2коиамин,0,human,66,medium,consumer_reviews,564,Жакси зор емес 2та жулдиз коиамин Зор емес катиб калди 10/2коиамин,0,0.017963668331503868,0,0.01796368509531021,0,0.0002972386428155005
Үкімет отырысында ауыл шаруашылығын субсидиялау мәселелері жан-жақты талқыланды.,0,human,80,medium,consumer_reviews,565,Үкімет отыры -сы -нда ауыл шаруашылығын субсидиялау мәселе -лері жан-жақ -ты талқыланды.,1,0.9497942924499512,0,0.006715831812471151,0,9.613467409508303e-05
Ұлттық банк валюта бағамының тұрақтылығын қамтамасыз ету бойынша шаралар қабылдауда.,0,human,84,medium,consumer_reviews,566,Ұлттық банк валю -та бағам -ы -ның тұрақтылығын қамтамасыз ету бойынша шара -лар қабылдауда.,1,0.9984809756278992,0,0.12859034538269043,0,0.00011231708049308509
Үкімет отырысында ауыл шаруашылығын субсидиялау мәселелері жан-жақты талқыланды.,0,human,80,medium,consumer_reviews,567,Үкімет отыры -сы -нда ауыл шаруашылығын субсидиялау мәселе -лері жан-жақ -ты талқыланды.,1,0.9497942924499512,0,0.006715831812471151,0,9.613467409508303e-05
"Абай Құнанбайұлы – қазақ әдебиетінің классигі, ақын, философ және ағартушы.",0,human,75,medium,consumer_reviews,568,"Абай Құнанбайұл -ы – қазақ әдебиет -і -нің классигі, ақын, философ және ағартушы.",0,0.038925252854824066,0,0.0008730698609724641,0,0.00010574451880529523
Ұлттық банк валюта бағамының тұрақтылығын қамтамасыз ету бойынша шаралар қабылдауда.,0,human,84,medium,consumer_reviews,569,Ұлттық банк валю -та бағам -ы -ның тұрақтылығын қамтамасыз ету бойынша шара -лар қабылдауда.,1,0.9984809756278992,0,0.12859034538269043,0,0.00011231708049308509
Халықаралық ынтымақтастық аясында жаңа инвестициялық жобалар мақұлданды.,0,human,72,medium,consumer_reviews,570,Халықаралық ынтымақтастық аясы -нда жаңа инвестициялық жоба -лар мақұлданды.,1,0.9984025359153748,0,0.46732640266418457,0,8.206343045458198e-05
Каспий теңізі – жер шарындағы ең үлкен тұйық су айдыны болып табылады.,0,human,70,medium,consumer_reviews,571,Каспи -й теңіз -і – жер шарындағ -ы ең үлкен тұйық су айд -ы -ны болып табылады.,1,0.9326623678207397,0,0.0009473125683143735,0,9.077399590751156e-05
Каспий теңізі – жер шарындағы ең үлкен тұйық су айдыны болып табылады.,0,human,70,medium,consumer_reviews,572,Каспи -й теңіз -і – жер шарындағ -ы ең үлкен тұйық су айд -ы -ны болып табылады.,1,0.9326623678207397,0,0.0009473125683143735,0,9.077399590751156e-05
Білім беру жүйесін цифрландыру мақсатында жаңа электронды платформалар енгізілуде.,0,human,82,medium,consumer_reviews,573,Білі -м беру жүйе -сін цифрландыру мақсат -ы -нда жаңа электрон -ды платформа -лар енгізілуде.,1,0.9822355508804321,0,0.0008042238769121468,0,7.840828038752079e-05
"Абай Құнанбайұлы – қазақ әдебиетінің классигі, ақын, философ және ағартушы.",0,human,75,medium,consumer_reviews,574,"Абай Құнанбайұл -ы – қазақ әдебиет -і -нің классигі, ақын, философ және ағартушы.",0,0.038925252854824066,0,0.0008730698609724641,0,0.00010574451880529523
Ұлттық банк валюта бағамының тұрақтылығын қамтамасыз ету бойынша шаралар қабылдауда.,0,human,84,medium,consumer_reviews,575,Ұлттық банк валю -та бағам -ы -ның тұрақтылығын қамтамасыз ету бойынша шара -лар қабылдауда.,1,0.9984809756278992,0,0.12859034538269043,0,0.00011231708049308509
Білім беру жүйесін цифрландыру мақсатында жаңа электронды платформалар енгізілуде.,0,human,82,medium,consumer_reviews,576,Білі -м беру жүйе -сін цифрландыру мақсат -ы -нда жаңа электрон -ды платформа -лар енгізілуде.,1,0.9822356700897217,0,0.0008042238769121468,0,7.840828038752079e-05
Түркі халықтарының тарихы мен мәдениеті ғасырлар бойы қалыптасқан бай мұраға ие.,0,human,80,medium,consumer_reviews,577,Түрк -і халық -тары -ның тарих -ы мен мәдение -ті ғасыр -лар бой -ы қалыптас -қан бай мұра -ға ие.,1,0.9839922785758972,0,0.0004229354381095618,0,8.35643004393205e-05
Түркі халықтарының тарихы мен мәдениеті ғасырлар бойы қалыптасқан бай мұраға ие.,0,human,80,medium,consumer_reviews,578,Түрк -і халық -тары -ның тарих -ы мен мәдение -ті ғасыр -лар бой -ы қалыптас -қан бай мұра -ға ие.,1,0.9839922785758972,0,0.0004229354381095618,0,8.35643004393205e-05
Білім беру жүйесін цифрландыру мақсатында жаңа электронды платформалар енгізілуде.,0,human,82,medium,consumer_reviews,579,Білі -м беру жүйе -сін цифрландыру мақсат -ы -нда жаңа электрон -ды платформа -лар енгізілуде.,1,0.9822356700897217,0,0.0008042238769121468,0,7.840828038752079e-05
Білім беру жүйесін цифрландыру мақсатында жаңа электронды платформалар енгізілуде.,0,human,82,medium,consumer_reviews,580,Білі -м беру жүйе -сін цифрландыру мақсат -ы -нда жаңа электрон -ды платформа -лар енгізілуде.,1,0.9822356700897217,0,0.0008042238769121468,0,7.840828038752079e-05
Түркі халықтарының тарихы мен мәдениеті ғасырлар бойы қалыптасқан бай мұраға ие.,0,human,80,medium,consumer_reviews,581,Түрк -і халық -тары -ның тарих -ы мен мәдение -ті ғасыр -лар бой -ы қалыптас -қан бай мұра -ға ие.,1,0.9839922785758972,0,0.0004229354381095618,0,8.35643004393205e-05
"Абай Құнанбайұлы – қазақ әдебиетінің классигі, ақын, философ және ағартушы.",0,human,75,medium,consumer_reviews,582,"Абай Құнанбайұл -ы – қазақ әдебиет -і -нің классигі, ақын, философ және ағартушы.",0,0.03892527148127556,0,0.0008730698609724641,0,0.00010574451880529523
"Алматы қаласы – Қазақстанның ірі қаржылық, мәдени және ғылыми орталығы.",0,human,71,medium,consumer_reviews,583,"Алма -ты қала -сы – Қазақстан -ның ірі қаржылық, мәдени және ғылыми орталығы.",0,0.009285596199333668,0,0.0012413552030920982,0,8.235379937104881e-05
"Абай Құнанбайұлы – қазақ әдебиетінің классигі, ақын, философ және ағартушы.",0,human,75,medium,consumer_reviews,584,"Абай Құнанбайұл -ы – қазақ әдебиет -і -нің классигі, ақын, философ және ағартушы.",0,0.03892527148127556,0,0.0008730698609724641,0,0.00010574451880529523
Каспий теңізі – жер шарындағы ең үлкен тұйық су айдыны болып табылады.,0,human,70,medium,consumer_reviews,585,Каспи -й теңіз -і – жер шарындағ -ы ең үлкен тұйық су айд -ы -ны болып табылады.,1,0.9326624870300293,0,0.0009473125683143735,0,9.077399590751156e-05
Ұлттық банк валюта бағамының тұрақтылығын қамтамасыз ету бойынша шаралар қабылдауда.,0,human,84,medium,consumer_reviews,586,Ұлттық банк валю -та бағам -ы -ның тұрақтылығын қамтамасыз ету бойынша шара -лар қабылдауда.,1,0.9984809756278992,0,0.12859034538269043,0,0.00011231708049308509
Үкімет отырысында ауыл шаруашылығын субсидиялау мәселелері жан-жақты талқыланды.,0,human,80,medium,consumer_reviews,587,Үкімет отыры -сы -нда ауыл шаруашылығын субсидиялау мәселе -лері жан-жақ -ты талқыланды.,1,0.9497942924499512,0,0.006715831812471151,0,9.613467409508303e-05
Ұлттық банк валюта бағамының тұрақтылығын қамтамасыз ету бойынша шаралар қабылдауда.,0,human,84,medium,consumer_reviews,588,Ұлттық банк валю -та бағам -ы -ның тұрақтылығын қамтамасыз ету бойынша шара -лар қабылдауда.,1,0.9984809756278992,0,0.12859034538269043,0,0.00011231708049308509
Ұлттық банк валюта бағамының тұрақтылығын қамтамасыз ету бойынша шаралар қабылдауда.,0,human,84,medium,consumer_reviews,589,Ұлттық банк валю -та бағам -ы -ның тұрақтылығын қамтамасыз ету бойынша шара -лар қабылдауда.,1,0.9984809756278992,0,0.12859034538269043,0,0.00011231708049308509
Ұлттық банк валюта бағамының тұрақтылығын қамтамасыз ету бойынша шаралар қабылдауда.,0,human,84,medium,consumer_reviews,590,Ұлттық банк валю -та бағам -ы -ның тұрақтылығын қамтамасыз ету бойынша шара -лар қабылдауда.,1,0.9984809756278992,0,0.12859034538269043,0,0.00011231708049308509
"Алматы қаласы – Қазақстанның ірі қаржылық, мәдени және ғылыми орталығы.",0,human,71,medium,consumer_reviews,591,"Алма -ты қала -сы – Қазақстан -ның ірі қаржылық, мәдени және ғылыми орталығы.",0,0.009285596199333668,0,0.0012413552030920982,0,8.235379937104881e-05
"Абай Құнанбайұлы – қазақ әдебиетінің классигі, ақын, философ және ағартушы.",0,human,75,medium,consumer_reviews,592,"Абай Құнанбайұл -ы – қазақ әдебиет -і -нің классигі, ақын, философ және ағартушы.",0,0.03892527148127556,0,0.0008730698609724641,0,0.00010574451880529523
Білім беру жүйесін цифрландыру мақсатында жаңа электронды платформалар енгізілуде.,0,human,82,medium,consumer_reviews,593,Білі -м беру жүйе -сін цифрландыру мақсат -ы -нда жаңа электрон -ды платформа -лар енгізілуде.,1,0.9822356700897217,0,0.0008042238769121468,0,7.840828038752079e-05
"Алматы қаласы – Қазақстанның ірі қаржылық, мәдени және ғылыми орталығы.",0,human,71,medium,consumer_reviews,594,"Алма -ты қала -сы – Қазақстан -ның ірі қаржылық, мәдени және ғылыми орталығы.",0,0.009285596199333668,0,0.0012413552030920982,0,8.235379937104881e-05
Түркі халықтарының тарихы мен мәдениеті ғасырлар бойы қалыптасқан бай мұраға ие.,0,human,80,medium,consumer_reviews,595,Түрк -і халық -тары -ның тарих -ы мен мәдение -ті ғасыр -лар бой -ы қалыптас -қан бай мұра -ға ие.,1,0.9839922785758972,0,0.0004229354381095618,0,8.35643004393205e-05
Үкімет отырысында ауыл шаруашылығын субсидиялау мәселелері жан-жақты талқыланды.,0,human,80,medium,consumer_reviews,596,Үкімет отыры -сы -нда ауыл шаруашылығын субсидиялау мәселе -лері жан-жақ -ты талқыланды.,1,0.9497942924499512,0,0.006715831812471151,0,9.613467409508303e-05
Халықаралық ынтымақтастық аясында жаңа инвестициялық жобалар мақұлданды.,0,human,72,medium,consumer_reviews,597,Халықаралық ынтымақтастық аясы -нда жаңа инвестициялық жоба -лар мақұлданды.,1,0.9984025359153748,0,0.46732640266418457,0,8.206343045458198e-05
Түркі халықтарының тарихы мен мәдениеті ғасырлар бойы қалыптасқан бай мұраға ие.,0,human,80,medium,consumer_reviews,598,Түрк -і халық -тары -ның тарих -ы мен мәдение -ті ғасыр -лар бой -ы қалыптас -қан бай мұра -ға ие.,1,0.9839922785758972,0,0.0004229354381095618,0,8.35643004393205e-05
Халықаралық ынтымақтастық аясында жаңа инвестициялық жобалар мақұлданды.,0,human,72,medium,consumer_reviews,599,Халықаралық ынтымақтастық аясы -нда жаңа инвестициялық жоба -лар мақұлданды.,1,0.9984025359153748,0,0.46732640266418457,0,8.206343045458198e-05
Үкімет отырысында ауыл шаруашылығын субсидиялау мәселелері жан-жақты талқыланды.,0,human,80,medium,consumer_reviews,600,Үкімет отыры -сы -нда ауыл шаруашылығын субсидиялау мәселе -лері жан-жақ -ты талқыланды.,1,0.9497942924499512,0,0.006715831812471151,0,9.613467409508303e-05
Түркі халықтарының тарихы мен мәдениеті ғасырлар бойы қалыптасқан бай мұраға ие.,0,human,80,medium,consumer_reviews,601,Түрк -і халық -тары -ның тарих -ы мен мәдение -ті ғасыр -лар бой -ы қалыптас -қан бай мұра -ға ие.,1,0.9839922785758972,0,0.0004229354381095618,0,8.35643004393205e-05
Каспий теңізі – жер шарындағы ең үлкен тұйық су айдыны болып табылады.,0,human,70,medium,consumer_reviews,602,Каспи -й теңіз -і – жер шарындағ -ы ең үлкен тұйық су айд -ы -ны болып табылады.,1,0.9326624870300293,0,0.0009473125683143735,0,9.077399590751156e-05
"Алматы қаласы – Қазақстанның ірі қаржылық, мәдени және ғылыми орталығы.",0,human,71,medium,consumer_reviews,603,"Алма -ты қала -сы – Қазақстан -ның ірі қаржылық, мәдени және ғылыми орталығы.",0,0.009285596199333668,0,0.0012413552030920982,0,8.235379937104881e-05
Каспий теңізі – жер шарындағы ең үлкен тұйық су айдыны болып табылады.,0,human,70,medium,consumer_reviews,604,Каспи -й теңіз -і – жер шарындағ -ы ең үлкен тұйық су айд -ы -ны болып табылады.,1,0.9326624870300293,0,0.0009473125683143735,0,9.077399590751156e-05
Үкімет отырысында ауыл шаруашылығын субсидиялау мәселелері жан-жақты талқыланды.,0,human,80,medium,consumer_reviews,605,Үкімет отыры -сы -нда ауыл шаруашылығын субсидиялау мәселе -лері жан-жақ -ты талқыланды.,1,0.9497942924499512,0,0.006715831812471151,0,9.613467409508303e-05
"Алматы қаласы – Қазақстанның ірі қаржылық, мәдени және ғылыми орталығы.",0,human,71,medium,consumer_reviews,606,"Алма -ты қала -сы – Қазақстан -ның ірі қаржылық, мәдени және ғылыми орталығы.",0,0.009285596199333668,0,0.0012413552030920982,0,8.235379937104881e-05
Халықаралық ынтымақтастық аясында жаңа инвестициялық жобалар мақұлданды.,0,human,72,medium,consumer_reviews,607,Халықаралық ынтымақтастық аясы -нда жаңа инвестициялық жоба -лар мақұлданды.,1,0.9984025359153748,0,0.46732640266418457,0,8.206343045458198e-05
Түркі халықтарының тарихы мен мәдениеті ғасырлар бойы қалыптасқан бай мұраға ие.,0,human,80,medium,consumer_reviews,608,Түрк -і халық -тары -ның тарих -ы мен мәдение -ті ғасыр -лар бой -ы қалыптас -қан бай мұра -ға ие.,1,0.9839922785758972,0,0.0004229354381095618,0,8.35643004393205e-05
Халықаралық ынтымақтастық аясында жаңа инвестициялық жобалар мақұлданды.,0,human,72,medium,consumer_reviews,609,Халықаралық ынтымақтастық аясы -нда жаңа инвестициялық жоба -лар мақұлданды.,1,0.9984025359153748,0,0.46732640266418457,0,8.206343045458198e-05
Білім беру жүйесін цифрландыру мақсатында жаңа электронды платформалар енгізілуде.,0,human,82,medium,consumer_reviews,610,Білі -м беру жүйе -сін цифрландыру мақсат -ы -нда жаңа электрон -ды платформа -лар енгізілуде.,1,0.9822356700897217,0,0.0008042238769121468,0,7.840828038752079e-05
Халықаралық ынтымақтастық аясында жаңа инвестициялық жобалар мақұлданды.,0,human,72,medium,consumer_reviews,611,Халықаралық ынтымақтастық аясы -нда жаңа инвестициялық жоба -лар мақұлданды.,1,0.9984025359153748,0,0.46732640266418457,0,8.206343045458198e-05
Халықаралық ынтымақтастық аясында жаңа инвестициялық жобалар мақұлданды.,0,human,72,medium,consumer_reviews,612,Халықаралық ынтымақтастық аясы -нда жаңа инвестициялық жоба -лар мақұлданды.,1,0.9984025359153748,0,0.46732640266418457,0,8.206343045458198e-05
Үкімет отырысында ауыл шаруашылығын субсидиялау мәселелері жан-жақты талқыланды.,0,human,80,medium,consumer_reviews,613,Үкімет отыры -сы -нда ауыл шаруашылығын субсидиялау мәселе -лері жан-жақ -ты талқыланды.,1,0.9497942924499512,0,0.006715831812471151,0,9.613467409508303e-05
Білім беру жүйесін цифрландыру мақсатында жаңа электронды платформалар енгізілуде.,0,human,82,medium,consumer_reviews,614,Білі -м беру жүйе -сін цифрландыру мақсат -ы -нда жаңа электрон -ды платформа -лар енгізілуде.,1,0.9822356700897217,0,0.0008042238769121468,0,7.840828038752079e-05
Ұлттық банк валюта бағамының тұрақтылығын қамтамасыз ету бойынша шаралар қабылдауда.,0,human,84,medium,consumer_reviews,615,Ұлттық банк валю -та бағам -ы -ның тұрақтылығын қамтамасыз ету бойынша шара -лар қабылдауда.,1,0.9984809756278992,0,0.12859034538269043,0,0.00011231708049308509
Білім беру жүйесін цифрландыру мақсатында жаңа электронды платформалар енгізілуде.,0,human,82,medium,consumer_reviews,616,Білі -м беру жүйе -сін цифрландыру мақсат -ы -нда жаңа электрон -ды платформа -лар енгізілуде.,1,0.9822356700897217,0,0.0008042238769121468,0,7.840828038752079e-05
Халықаралық ынтымақтастық аясында жаңа инвестициялық жобалар мақұлданды.,0,human,72,medium,consumer_reviews,617,Халықаралық ынтымақтастық аясы -нда жаңа инвестициялық жоба -лар мақұлданды.,1,0.9984025359153748,0,0.46732640266418457,0,8.206343045458198e-05
"Алматы қаласы – Қазақстанның ірі қаржылық, мәдени және ғылыми орталығы.",0,human,71,medium,consumer_reviews,618,"Алма -ты қала -сы – Қазақстан -ның ірі қаржылық, мәдени және ғылыми орталығы.",0,0.009285596199333668,0,0.0012413552030920982,0,8.235379937104881e-05
Білім беру жүйесін цифрландыру мақсатында жаңа электронды платформалар енгізілуде.,0,human,82,medium,consumer_reviews,619,Білі -м беру жүйе -сін цифрландыру мақсат -ы -нда жаңа электрон -ды платформа -лар енгізілуде.,1,0.9822356700897217,0,0.0008042238769121468,0,7.840828038752079e-05
Халықаралық ынтымақтастық аясында жаңа инвестициялық жобалар мақұлданды.,0,human,72,medium,consumer_reviews,620,Халықаралық ынтымақтастық аясы -нда жаңа инвестициялық жоба -лар мақұлданды.,1,0.9984025359153748,0,0.46732640266418457,0,8.206343045458198e-05
Үкімет отырысында ауыл шаруашылығын субсидиялау мәселелері жан-жақты талқыланды.,0,human,80,medium,consumer_reviews,621,Үкімет отыры -сы -нда ауыл шаруашылығын субсидиялау мәселе -лері жан-жақ -ты талқыланды.,1,0.9497942924499512,0,0.006715831812471151,0,9.613467409508303e-05
Үкімет отырысында ауыл шаруашылығын субсидиялау мәселелері жан-жақты талқыланды.,0,human,80,medium,consumer_reviews,622,Үкімет отыры -сы -нда ауыл шаруашылығын субсидиялау мәселе -лері жан-жақ -ты талқыланды.,1,0.9497942924499512,0,0.006715831812471151,0,9.613467409508303e-05
"Абай Құнанбайұлы – қазақ әдебиетінің классигі, ақын, философ және ағартушы.",0,human,75,medium,consumer_reviews,623,"Абай Құнанбайұл -ы – қазақ әдебиет -і -нің классигі, ақын, философ және ағартушы.",0,0.03892527148127556,0,0.0008730698609724641,0,0.00010574451880529523
"Абай Құнанбайұлы – қазақ әдебиетінің классигі, ақын, философ және ағартушы.",0,human,75,medium,consumer_reviews,624,"Абай Құнанбайұл -ы – қазақ әдебиет -і -нің классигі, ақын, философ және ағартушы.",0,0.03892527148127556,0,0.0008730698609724641,0,0.00010574451880529523
"Абай Құнанбайұлы – қазақ әдебиетінің классигі, ақын, философ және ағартушы.",0,human,75,medium,consumer_reviews,625,"Абай Құнанбайұл -ы – қазақ әдебиет -і -нің классигі, ақын, философ және ағартушы.",0,0.03892527148127556,0,0.0008730698609724641,0,0.00010574451880529523
Каспий теңізі – жер шарындағы ең үлкен тұйық су айдыны болып табылады.,0,human,70,medium,consumer_reviews,626,Каспи -й теңіз -і – жер шарындағ -ы ең үлкен тұйық су айд -ы -ны болып табылады.,1,0.9326624870300293,0,0.0009473125683143735,0,9.077399590751156e-05
Ұлттық банк валюта бағамының тұрақтылығын қамтамасыз ету бойынша шаралар қабылдауда.,0,human,84,medium,consumer_reviews,627,Ұлттық банк валю -та бағам -ы -ның тұрақтылығын қамтамасыз ету бойынша шара -лар қабылдауда.,1,0.9984809756278992,0,0.12859034538269043,0,0.00011231708049308509
Халықаралық ынтымақтастық аясында жаңа инвестициялық жобалар мақұлданды.,0,human,72,medium,consumer_reviews,628,Халықаралық ынтымақтастық аясы -нда жаңа инвестициялық жоба -лар мақұлданды.,1,0.9984025359153748,0,0.46732640266418457,0,8.206343045458198e-05
"Алматы қаласы – Қазақстанның ірі қаржылық, мәдени және ғылыми орталығы.",0,human,71,medium,consumer_reviews,629,"Алма -ты қала -сы – Қазақстан -ның ірі қаржылық, мәдени және ғылыми орталығы.",0,0.009285596199333668,0,0.0012413552030920982,0,8.235379937104881e-05
Түркі халықтарының тарихы мен мәдениеті ғасырлар бойы қалыптасқан бай мұраға ие.,0,human,80,medium,consumer_reviews,630,Түрк -і халық -тары -ның тарих -ы мен мәдение -ті ғасыр -лар бой -ы қалыптас -қан бай мұра -ға ие.,1,0.9839922785758972,0,0.0004229354381095618,0,8.35643004393205e-05
Халықаралық ынтымақтастық аясында жаңа инвестициялық жобалар мақұлданды.,0,human,72,medium,consumer_reviews,631,Халықаралық ынтымақтастық аясы -нда жаңа инвестициялық жоба -лар мақұлданды.,1,0.9984025359153748,0,0.46732640266418457,0,8.206343045458198e-05
Ұлттық банк валюта бағамының тұрақтылығын қамтамасыз ету бойынша шаралар қабылдауда.,0,human,84,medium,consumer_reviews,632,Ұлттық банк валю -та бағам -ы -ның тұрақтылығын қамтамасыз ету бойынша шара -лар қабылдауда.,1,0.9984809756278992,0,0.12859034538269043,0,0.00011231708049308509
Үкімет отырысында ауыл шаруашылығын субсидиялау мәселелері жан-жақты талқыланды.,0,human,80,medium,consumer_reviews,633,Үкімет отыры -сы -нда ауыл шаруашылығын субсидиялау мәселе -лері жан-жақ -ты талқыланды.,1,0.9497942924499512,0,0.006715831812471151,0,9.613467409508303e-05
Үкімет отырысында ауыл шаруашылығын субсидиялау мәселелері жан-жақты талқыланды.,0,human,80,medium,consumer_reviews,634,Үкімет отыры -сы -нда ауыл шаруашылығын субсидиялау мәселе -лері жан-жақ -ты талқыланды.,1,0.9497942924499512,0,0.006715831812471151,0,9.613467409508303e-05
Халықаралық ынтымақтастық аясында жаңа инвестициялық жобалар мақұлданды.,0,human,72,medium,consumer_reviews,635,Халықаралық ынтымақтастық аясы -нда жаңа инвестициялық жоба -лар мақұлданды.,1,0.9984025359153748,0,0.46732640266418457,0,8.206343045458198e-05
Түркі халықтарының тарихы мен мәдениеті ғасырлар бойы қалыптасқан бай мұраға ие.,0,human,80,medium,consumer_reviews,636,Түрк -і халық -тары -ның тарих -ы мен мәдение -ті ғасыр -лар бой -ы қалыптас -қан бай мұра -ға ие.,1,0.9839922785758972,0,0.0004229354381095618,0,8.35643004393205e-05
Ұлттық банк валюта бағамының тұрақтылығын қамтамасыз ету бойынша шаралар қабылдауда.,0,human,84,medium,consumer_reviews,637,Ұлттық банк валю -та бағам -ы -ның тұрақтылығын қамтамасыз ету бойынша шара -лар қабылдауда.,1,0.9984809756278992,0,0.12859034538269043,0,0.00011231708049308509
"Алматы қаласы – Қазақстанның ірі қаржылық, мәдени және ғылыми орталығы.",0,human,71,medium,consumer_reviews,638,"Алма -ты қала -сы – Қазақстан -ның ірі қаржылық, мәдени және ғылыми орталығы.",0,0.009285596199333668,0,0.0012413552030920982,0,8.235379937104881e-05
Халықаралық ынтымақтастық аясында жаңа инвестициялық жобалар мақұлданды.,0,human,72,medium,consumer_reviews,639,Халықаралық ынтымақтастық аясы -нда жаңа инвестициялық жоба -лар мақұлданды.,1,0.9984025359153748,0,0.46732640266418457,0,8.206343045458198e-05
"Алматы қаласы – Қазақстанның ірі қаржылық, мәдени және ғылыми орталығы.",0,human,71,medium,consumer_reviews,640,"Алма -ты қала -сы – Қазақстан -ның ірі қаржылық, мәдени және ғылыми орталығы.",0,0.009285596199333668,0,0.0012413552030920982,0,8.235379937104881e-05
Үкімет отырысында ауыл шаруашылығын субсидиялау мәселелері жан-жақты талқыланды.,0,human,80,medium,consumer_reviews,641,Үкімет отыры -сы -нда ауыл шаруашылығын субсидиялау мәселе -лері жан-жақ -ты талқыланды.,1,0.9497942924499512,0,0.006715831812471151,0,9.613467409508303e-05
Түркі халықтарының тарихы мен мәдениеті ғасырлар бойы қалыптасқан бай мұраға ие.,0,human,80,medium,consumer_reviews,642,Түрк -і халық -тары -ның тарих -ы мен мәдение -ті ғасыр -лар бой -ы қалыптас -қан бай мұра -ға ие.,1,0.9839922785758972,0,0.0004229354381095618,0,8.35643004393205e-05
Білім беру жүйесін цифрландыру мақсатында жаңа электронды платформалар енгізілуде.,0,human,82,medium,consumer_reviews,643,Білі -м беру жүйе -сін цифрландыру мақсат -ы -нда жаңа электрон -ды платформа -лар енгізілуде.,1,0.9822356700897217,0,0.0008042238769121468,0,7.840828038752079e-05
Білім беру жүйесін цифрландыру мақсатында жаңа электронды платформалар енгізілуде.,0,human,82,medium,consumer_reviews,644,Білі -м беру жүйе -сін цифрландыру мақсат -ы -нда жаңа электрон -ды платформа -лар енгізілуде.,1,0.9822356700897217,0,0.0008042238769121468,0,7.840828038752079e-05
"Алматы қаласы – Қазақстанның ірі қаржылық, мәдени және ғылыми орталығы.",0,human,71,medium,consumer_reviews,645,"Алма -ты қала -сы – Қазақстан -ның ірі қаржылық, мәдени және ғылыми орталығы.",0,0.009285596199333668,0,0.0012413552030920982,0,8.235379937104881e-05
Түркі халықтарының тарихы мен мәдениеті ғасырлар бойы қалыптасқан бай мұраға ие.,0,human,80,medium,consumer_reviews,646,Түрк -і халық -тары -ның тарих -ы мен мәдение -ті ғасыр -лар бой -ы қалыптас -қан бай мұра -ға ие.,1,0.9839922785758972,0,0.0004229354381095618,0,8.35643004393205e-05
Білім беру жүйесін цифрландыру мақсатында жаңа электронды платформалар енгізілуде.,0,human,82,medium,consumer_reviews,647,Білі -м беру жүйе -сін цифрландыру мақсат -ы -нда жаңа электрон -ды платформа -лар енгізілуде.,1,0.9822356700897217,0,0.0008042238769121468,0,7.840828038752079e-05
"Абай Құнанбайұлы – қазақ әдебиетінің классигі, ақын, философ және ағартушы.",0,human,75,medium,consumer_reviews,648,"Абай Құнанбайұл -ы – қазақ әдебиет -і -нің классигі, ақын, философ және ағартушы.",0,0.03892527148127556,0,0.0008730698609724641,0,0.00010574451880529523
"Абай Құнанбайұлы – қазақ әдебиетінің классигі, ақын, философ және ағартушы.",0,human,75,medium,consumer_reviews,649,"Абай Құнанбайұл -ы – қазақ әдебиет -і -нің классигі, ақын, философ және ағартушы.",0,0.03892527148127556,0,0.0008730698609724641,0,0.00010574451880529523
"Абай Құнанбайұлы – қазақ әдебиетінің классигі, ақын, философ және ағартушы.",0,human,75,medium,consumer_reviews,650,"Абай Құнанбайұл -ы – қазақ әдебиет -і -нің классигі, ақын, философ және ағартушы.",0,0.03892527148127556,0,0.0008730698609724641,0,0.00010574451880529523
Каспий теңізі – жер шарындағы ең үлкен тұйық су айдыны болып табылады.,0,human,70,medium,consumer_reviews,651,Каспи -й теңіз -і – жер шарындағ -ы ең үлкен тұйық су айд -ы -ны болып табылады.,1,0.9326624870300293,0,0.0009473125683143735,0,9.077399590751156e-05
Білім беру жүйесін цифрландыру мақсатында жаңа электронды платформалар енгізілуде.,0,human,82,medium,consumer_reviews,652,Білі -м беру жүйе -сін цифрландыру мақсат -ы -нда жаңа электрон -ды платформа -лар енгізілуде.,1,0.9822356700897217,0,0.0008042238769121468,0,7.840828038752079e-05
Түркі халықтарының тарихы мен мәдениеті ғасырлар бойы қалыптасқан бай мұраға ие.,0,human,80,medium,consumer_reviews,653,Түрк -і халық -тары -ның тарих -ы мен мәдение -ті ғасыр -лар бой -ы қалыптас -қан бай мұра -ға ие.,1,0.9839922785758972,0,0.0004229354381095618,0,8.35643004393205e-05
Ұлттық банк валюта бағамының тұрақтылығын қамтамасыз ету бойынша шаралар қабылдауда.,0,human,84,medium,consumer_reviews,654,Ұлттық банк валю -та бағам -ы -ның тұрақтылығын қамтамасыз ету бойынша шара -лар қабылдауда.,1,0.9984809756278992,0,0.12859034538269043,0,0.00011231708049308509
Білім беру жүйесін цифрландыру мақсатында жаңа электронды платформалар енгізілуде.,0,human,82,medium,consumer_reviews,655,Білі -м беру жүйе -сін цифрландыру мақсат -ы -нда жаңа электрон -ды платформа -лар енгізілуде.,1,0.9822356700897217,0,0.0008042238769121468,0,7.840828038752079e-05
Каспий теңізі – жер шарындағы ең үлкен тұйық су айдыны болып табылады.,0,human,70,medium,consumer_reviews,656,Каспи -й теңіз -і – жер шарындағ -ы ең үлкен тұйық су айд -ы -ны болып табылады.,1,0.9326624870300293,0,0.0009473125683143735,0,9.077399590751156e-05
Түркі халықтарының тарихы мен мәдениеті ғасырлар бойы қалыптасқан бай мұраға ие.,0,human,80,medium,consumer_reviews,657,Түрк -і халық -тары -ның тарих -ы мен мәдение -ті ғасыр -лар бой -ы қалыптас -қан бай мұра -ға ие.,1,0.9839922785758972,0,0.0004229354381095618,0,8.35643004393205e-05
"Алматы қаласы – Қазақстанның ірі қаржылық, мәдени және ғылыми орталығы.",0,human,71,medium,consumer_reviews,658,"Алма -ты қала -сы – Қазақстан -ның ірі қаржылық, мәдени және ғылыми орталығы.",0,0.009285596199333668,0,0.0012413552030920982,0,8.235379937104881e-05
Білім беру жүйесін цифрландыру мақсатында жаңа электронды платформалар енгізілуде.,0,human,82,medium,consumer_reviews,659,Білі -м беру жүйе -сін цифрландыру мақсат -ы -нда жаңа электрон -ды платформа -лар енгізілуде.,1,0.9822356700897217,0,0.0008042238769121468,0,7.840828038752079e-05
Каспий теңізі – жер шарындағы ең үлкен тұйық су айдыны болып табылады.,0,human,70,medium,consumer_reviews,660,Каспи -й теңіз -і – жер шарындағ -ы ең үлкен тұйық су айд -ы -ны болып табылады.,1,0.9326624870300293,0,0.0009473125683143735,0,9.077399590751156e-05
Каспий теңізі – жер шарындағы ең үлкен тұйық су айдыны болып табылады.,0,human,70,medium,consumer_reviews,661,Каспи -й теңіз -і – жер шарындағ -ы ең үлкен тұйық су айд -ы -ны болып табылады.,1,0.9326624870300293,0,0.0009473125683143735,0,9.077399590751156e-05
"Абай Құнанбайұлы – қазақ әдебиетінің классигі, ақын, философ және ағартушы.",0,human,75,medium,consumer_reviews,662,"Абай Құнанбайұл -ы – қазақ әдебиет -і -нің классигі, ақын, философ және ағартушы.",0,0.03892527148127556,0,0.0008730698609724641,0,0.00010574451880529523
Ұлттық банк валюта бағамының тұрақтылығын қамтамасыз ету бойынша шаралар қабылдауда.,0,human,84,medium,consumer_reviews,663,Ұлттық банк валю -та бағам -ы -ның тұрақтылығын қамтамасыз ету бойынша шара -лар қабылдауда.,1,0.9984809756278992,0,0.12859034538269043,0,0.00011231708049308509
Түркі халықтарының тарихы мен мәдениеті ғасырлар бойы қалыптасқан бай мұраға ие.,0,human,80,medium,consumer_reviews,664,Түрк -і халық -тары -ның тарих -ы мен мәдение -ті ғасыр -лар бой -ы қалыптас -қан бай мұра -ға ие.,1,0.9839922785758972,0,0.0004229354381095618,0,8.35643004393205e-05
Халықаралық ынтымақтастық аясында жаңа инвестициялық жобалар мақұлданды.,0,human,72,medium,consumer_reviews,665,Халықаралық ынтымақтастық аясы -нда жаңа инвестициялық жоба -лар мақұлданды.,1,0.9984025359153748,0,0.46732640266418457,0,8.206343045458198e-05
Халықаралық ынтымақтастық аясында жаңа инвестициялық жобалар мақұлданды.,0,human,72,medium,consumer_reviews,666,Халықаралық ынтымақтастық аясы -нда жаңа инвестициялық жоба -лар мақұлданды.,1,0.9984025359153748,0,0.46732640266418457,0,8.206343045458198e-05
Үкімет отырысында ауыл шаруашылығын субсидиялау мәселелері жан-жақты талқыланды.,0,human,80,medium,consumer_reviews,667,Үкімет отыры -сы -нда ауыл шаруашылығын субсидиялау мәселе -лері жан-жақ -ты талқыланды.,1,0.9497942924499512,0,0.006715831812471151,0,9.613467409508303e-05
Білім беру жүйесін цифрландыру мақсатында жаңа электронды платформалар енгізілуде.,0,human,82,medium,consumer_reviews,668,Білі -м беру жүйе -сін цифрландыру мақсат -ы -нда жаңа электрон -ды платформа -лар енгізілуде.,1,0.9822356700897217,0,0.0008042238769121468,0,7.840828038752079e-05
"Абай Құнанбайұлы – қазақ әдебиетінің классигі, ақын, философ және ағартушы.",0,human,75,medium,consumer_reviews,669,"Абай Құнанбайұл -ы – қазақ әдебиет -і -нің классигі, ақын, философ және ағартушы.",0,0.03892527148127556,0,0.0008730698609724641,0,0.00010574451880529523
Үкімет отырысында ауыл шаруашылығын субсидиялау мәселелері жан-жақты талқыланды.,0,human,80,medium,consumer_reviews,670,Үкімет отыры -сы -нда ауыл шаруашылығын субсидиялау мәселе -лері жан-жақ -ты талқыланды.,1,0.9497942924499512,0,0.006715831812471151,0,9.613467409508303e-05
Білім беру жүйесін цифрландыру мақсатында жаңа электронды платформалар енгізілуде.,0,human,82,medium,consumer_reviews,671,Білі -м беру жүйе -сін цифрландыру мақсат -ы -нда жаңа электрон -ды платформа -лар енгізілуде.,1,0.9822356700897217,0,0.0008042238769121468,0,7.840828038752079e-05
"Алматы қаласы – Қазақстанның ірі қаржылық, мәдени және ғылыми орталығы.",0,human,71,medium,consumer_reviews,672,"Алма -ты қала -сы – Қазақстан -ның ірі қаржылық, мәдени және ғылыми орталығы.",0,0.009285596199333668,0,0.0012413552030920982,0,8.235379937104881e-05
"Алматы қаласы – Қазақстанның ірі қаржылық, мәдени және ғылыми орталығы.",0,human,71,medium,consumer_reviews,673,"Алма -ты қала -сы – Қазақстан -ның ірі қаржылық, мәдени және ғылыми орталығы.",0,0.009285596199333668,0,0.0012413552030920982,0,8.235379937104881e-05
Түркі халықтарының тарихы мен мәдениеті ғасырлар бойы қалыптасқан бай мұраға ие.,0,human,80,medium,consumer_reviews,674,Түрк -і халық -тары -ның тарих -ы мен мәдение -ті ғасыр -лар бой -ы қалыптас -қан бай мұра -ға ие.,1,0.9839922785758972,0,0.0004229354381095618,0,8.35643004393205e-05
Ұлттық банк валюта бағамының тұрақтылығын қамтамасыз ету бойынша шаралар қабылдауда.,0,human,84,medium,consumer_reviews,675,Ұлттық банк валю -та бағам -ы -ның тұрақтылығын қамтамасыз ету бойынша шара -лар қабылдауда.,1,0.9984809756278992,0,0.12859034538269043,0,0.00011231708049308509
Халықаралық ынтымақтастық аясында жаңа инвестициялық жобалар мақұлданды.,0,human,72,medium,consumer_reviews,676,Халықаралық ынтымақтастық аясы -нда жаңа инвестициялық жоба -лар мақұлданды.,1,0.9984025359153748,0,0.46732640266418457,0,8.206343045458198e-05
"Алматы қаласы – Қазақстанның ірі қаржылық, мәдени және ғылыми орталығы.",0,human,71,medium,consumer_reviews,677,"Алма -ты қала -сы – Қазақстан -ның ірі қаржылық, мәдени және ғылыми орталығы.",0,0.009285596199333668,0,0.0012413552030920982,0,8.235379937104881e-05
Ұлттық банк валюта бағамының тұрақтылығын қамтамасыз ету бойынша шаралар қабылдауда.,0,human,84,medium,consumer_reviews,678,Ұлттық банк валю -та бағам -ы -ның тұрақтылығын қамтамасыз ету бойынша шара -лар қабылдауда.,1,0.9984809756278992,0,0.12859034538269043,0,0.00011231708049308509
Үкімет отырысында ауыл шаруашылығын субсидиялау мәселелері жан-жақты талқыланды.,0,human,80,medium,consumer_reviews,679,Үкімет отыры -сы -нда ауыл шаруашылығын субсидиялау мәселе -лері жан-жақ -ты талқыланды.,1,0.9497942924499512,0,0.006715831812471151,0,9.613467409508303e-05
"Абай Құнанбайұлы – қазақ әдебиетінің классигі, ақын, философ және ағартушы.",0,human,75,medium,consumer_reviews,680,"Абай Құнанбайұл -ы – қазақ әдебиет -і -нің классигі, ақын, философ және ағартушы.",0,0.03892527148127556,0,0.0008730698609724641,0,0.00010574451880529523
"Алматы қаласы – Қазақстанның ірі қаржылық, мәдени және ғылыми орталығы.",0,human,71,medium,consumer_reviews,681,"Алма -ты қала -сы – Қазақстан -ның ірі қаржылық, мәдени және ғылыми орталығы.",0,0.009285596199333668,0,0.0012413552030920982,0,8.235379937104881e-05
Халықаралық ынтымақтастық аясында жаңа инвестициялық жобалар мақұлданды.,0,human,72,medium,consumer_reviews,682,Халықаралық ынтымақтастық аясы -нда жаңа инвестициялық жоба -лар мақұлданды.,1,0.9984025359153748,0,0.46732640266418457,0,8.206343045458198e-05
"Алматы қаласы – Қазақстанның ірі қаржылық, мәдени және ғылыми орталығы.",0,human,71,medium,consumer_reviews,683,"Алма -ты қала -сы – Қазақстан -ның ірі қаржылық, мәдени және ғылыми орталығы.",0,0.009285596199333668,0,0.0012413552030920982,0,8.235379937104881e-05
Халықаралық ынтымақтастық аясында жаңа инвестициялық жобалар мақұлданды.,0,human,72,medium,consumer_reviews,684,Халықаралық ынтымақтастық аясы -нда жаңа инвестициялық жоба -лар мақұлданды.,1,0.9984025359153748,0,0.46732640266418457,0,8.206343045458198e-05
"Абай Құнанбайұлы – қазақ әдебиетінің классигі, ақын, философ және ағартушы.",0,human,75,medium,consumer_reviews,685,"Абай Құнанбайұл -ы – қазақ әдебиет -і -нің классигі, ақын, философ және ағартушы.",0,0.03892527148127556,0,0.0008730698609724641,0,0.00010574451880529523
"Абай Құнанбайұлы – қазақ әдебиетінің классигі, ақын, философ және ағартушы.",0,human,75,medium,consumer_reviews,686,"Абай Құнанбайұл -ы – қазақ әдебиет -і -нің классигі, ақын, философ және ағартушы.",0,0.03892527148127556,0,0.0008730698609724641,0,0.00010574451880529523
"Алматы қаласы – Қазақстанның ірі қаржылық, мәдени және ғылыми орталығы.",0,human,71,medium,consumer_reviews,687,"Алма -ты қала -сы – Қазақстан -ның ірі қаржылық, мәдени және ғылыми орталығы.",0,0.009285596199333668,0,0.0012413552030920982,0,8.235379937104881e-05
Халықаралық ынтымақтастық аясында жаңа инвестициялық жобалар мақұлданды.,0,human,72,medium,consumer_reviews,688,Халықаралық ынтымақтастық аясы -нда жаңа инвестициялық жоба -лар мақұлданды.,1,0.9984025359153748,0,0.46732640266418457,0,8.206343045458198e-05
"Абай Құнанбайұлы – қазақ әдебиетінің классигі, ақын, философ және ағартушы.",0,human,75,medium,consumer_reviews,689,"Абай Құнанбайұл -ы – қазақ әдебиет -і -нің классигі, ақын, философ және ағартушы.",0,0.03892527148127556,0,0.0008730698609724641,0,0.00010574451880529523
Халықаралық ынтымақтастық аясында жаңа инвестициялық жобалар мақұлданды.,0,human,72,medium,consumer_reviews,690,Халықаралық ынтымақтастық аясы -нда жаңа инвестициялық жоба -лар мақұлданды.,1,0.9984025359153748,0,0.46732640266418457,0,8.206343045458198e-05
Түркі халықтарының тарихы мен мәдениеті ғасырлар бойы қалыптасқан бай мұраға ие.,0,human,80,medium,consumer_reviews,691,Түрк -і халық -тары -ның тарих -ы мен мәдение -ті ғасыр -лар бой -ы қалыптас -қан бай мұра -ға ие.,1,0.9839922785758972,0,0.0004229354381095618,0,8.35643004393205e-05
Халықаралық ынтымақтастық аясында жаңа инвестициялық жобалар мақұлданды.,0,human,72,medium,consumer_reviews,692,Халықаралық ынтымақтастық аясы -нда жаңа инвестициялық жоба -лар мақұлданды.,1,0.9984025359153748,0,0.46732640266418457,0,8.206343045458198e-05
Халықаралық ынтымақтастық аясында жаңа инвестициялық жобалар мақұлданды.,0,human,72,medium,consumer_reviews,693,Халықаралық ынтымақтастық аясы -нда жаңа инвестициялық жоба -лар мақұлданды.,1,0.9984025359153748,0,0.46732640266418457,0,8.206343045458198e-05
Түркі халықтарының тарихы мен мәдениеті ғасырлар бойы қалыптасқан бай мұраға ие.,0,human,80,medium,consumer_reviews,694,Түрк -і халық -тары -ның тарих -ы мен мәдение -ті ғасыр -лар бой -ы қалыптас -қан бай мұра -ға ие.,1,0.9839922785758972,0,0.0004229354381095618,0,8.35643004393205e-05
Үкімет отырысында ауыл шаруашылығын субсидиялау мәселелері жан-жақты талқыланды.,0,human,80,medium,consumer_reviews,695,Үкімет отыры -сы -нда ауыл шаруашылығын субсидиялау мәселе -лері жан-жақ -ты талқыланды.,1,0.9497942924499512,0,0.006715831812471151,0,9.613467409508303e-05
"Алматы қаласы – Қазақстанның ірі қаржылық, мәдени және ғылыми орталығы.",0,human,71,medium,consumer_reviews,696,"Алма -ты қала -сы – Қазақстан -ның ірі қаржылық, мәдени және ғылыми орталығы.",0,0.009285596199333668,0,0.0012413552030920982,0,8.235379937104881e-05
"Абай Құнанбайұлы – қазақ әдебиетінің классигі, ақын, философ және ағартушы.",0,human,75,medium,consumer_reviews,697,"Абай Құнанбайұл -ы – қазақ әдебиет -і -нің классигі, ақын, философ және ағартушы.",0,0.03892527148127556,0,0.0008730698609724641,0,0.00010574451880529523
Үкімет отырысында ауыл шаруашылығын субсидиялау мәселелері жан-жақты талқыланды.,0,human,80,medium,consumer_reviews,698,Үкімет отыры -сы -нда ауыл шаруашылығын субсидиялау мәселе -лері жан-жақ -ты талқыланды.,1,0.9497942924499512,0,0.006715831812471151,0,9.613467409508303e-05
Үкімет отырысында ауыл шаруашылығын субсидиялау мәселелері жан-жақты талқыланды.,0,human,80,medium,consumer_reviews,699,Үкімет отыры -сы -нда ауыл шаруашылығын субсидиялау мәселе -лері жан-жақ -ты талқыланды.,1,0.9497942924499512,0,0.006715831812471151,0,9.613467409508303e-05
"Абай Құнанбайұлы – қазақ әдебиетінің классигі, ақын, философ және ағартушы.",0,human,75,medium,consumer_reviews,700,"Абай Құнанбайұл -ы – қазақ әдебиет -і -нің классигі, ақын, философ және ағартушы.",0,0.03892527148127556,0,0.0008730698609724641,0,0.00010574451880529523
Ұлттық банк валюта бағамының тұрақтылығын қамтамасыз ету бойынша шаралар қабылдауда.,0,human,84,medium,consumer_reviews,701,Ұлттық банк валю -та бағам -ы -ның тұрақтылығын қамтамасыз ету бойынша шара -лар қабылдауда.,1,0.9984809756278992,0,0.12859034538269043,0,0.00011231708049308509
Түркі халықтарының тарихы мен мәдениеті ғасырлар бойы қалыптасқан бай мұраға ие.,0,human,80,medium,consumer_reviews,702,Түрк -і халық -тары -ның тарих -ы мен мәдение -ті ғасыр -лар бой -ы қалыптас -қан бай мұра -ға ие.,1,0.9839922785758972,0,0.0004229354381095618,0,8.35643004393205e-05
Түркі халықтарының тарихы мен мәдениеті ғасырлар бойы қалыптасқан бай мұраға ие.,0,human,80,medium,consumer_reviews,703,Түрк -і халық -тары -ның тарих -ы мен мәдение -ті ғасыр -лар бой -ы қалыптас -қан бай мұра -ға ие.,1,0.9839922785758972,0,0.0004229354381095618,0,8.35643004393205e-05
Халықаралық ынтымақтастық аясында жаңа инвестициялық жобалар мақұлданды.,0,human,72,medium,consumer_reviews,704,Халықаралық ынтымақтастық аясы -нда жаңа инвестициялық жоба -лар мақұлданды.,1,0.9984025359153748,0,0.46732640266418457,0,8.206343045458198e-05
"Алматы қаласы – Қазақстанның ірі қаржылық, мәдени және ғылыми орталығы.",0,human,71,medium,consumer_reviews,705,"Алма -ты қала -сы – Қазақстан -ның ірі қаржылық, мәдени және ғылыми орталығы.",0,0.00928560458123684,0,0.0012413552030920982,0,8.235379937104881e-05
Каспий теңізі – жер шарындағы ең үлкен тұйық су айдыны болып табылады.,0,human,70,medium,consumer_reviews,706,Каспи -й теңіз -і – жер шарындағ -ы ең үлкен тұйық су айд -ы -ны болып табылады.,1,0.9326623678207397,0,0.0009473125683143735,0,9.077399590751156e-05
Ұлттық банк валюта бағамының тұрақтылығын қамтамасыз ету бойынша шаралар қабылдауда.,0,human,84,medium,consumer_reviews,707,Ұлттық банк валю -та бағам -ы -ның тұрақтылығын қамтамасыз ету бойынша шара -лар қабылдауда.,1,0.9984809756278992,0,0.12859034538269043,0,0.00011231708049308509
Білім беру жүйесін цифрландыру мақсатында жаңа электронды платформалар енгізілуде.,0,human,82,medium,consumer_reviews,708,Білі -м беру жүйе -сін цифрландыру мақсат -ы -нда жаңа электрон -ды платформа -лар енгізілуде.,1,0.9822355508804321,0,0.0008042238769121468,0,7.840828038752079e-05
"Абай Құнанбайұлы – қазақ әдебиетінің классигі, ақын, философ және ағартушы.",0,human,75,medium,consumer_reviews,709,"Абай Құнанбайұл -ы – қазақ әдебиет -і -нің классигі, ақын, философ және ағартушы.",0,0.03892521560192108,0,0.0008730698609724641,0,0.00010574451880529523
Халықаралық ынтымақтастық аясында жаңа инвестициялық жобалар мақұлданды.,0,human,72,medium,consumer_reviews,710,Халықаралық ынтымақтастық аясы -нда жаңа инвестициялық жоба -лар мақұлданды.,1,0.9984025359153748,0,0.46732640266418457,0,8.206343045458198e-05
Үкімет отырысында ауыл шаруашылығын субсидиялау мәселелері жан-жақты талқыланды.,0,human,80,medium,consumer_reviews,711,Үкімет отыры -сы -нда ауыл шаруашылығын субсидиялау мәселе -лері жан-жақ -ты талқыланды.,1,0.9497942924499512,0,0.006715831812471151,0,9.613467409508303e-05
Үкімет отырысында ауыл шаруашылығын субсидиялау мәселелері жан-жақты талқыланды.,0,human,80,medium,consumer_reviews,712,Үкімет отыры -сы -нда ауыл шаруашылығын субсидиялау мәселе -лері жан-жақ -ты талқыланды.,1,0.9497942924499512,0,0.006715831812471151,0,9.613467409508303e-05
Білім беру жүйесін цифрландыру мақсатында жаңа электронды платформалар енгізілуде.,0,human,82,medium,consumer_reviews,713,Білі -м беру жүйе -сін цифрландыру мақсат -ы -нда жаңа электрон -ды платформа -лар енгізілуде.,1,0.9822355508804321,0,0.0008042238769121468,0,7.840828038752079e-05
"Алматы қаласы – Қазақстанның ірі қаржылық, мәдени және ғылыми орталығы.",0,human,71,medium,consumer_reviews,714,"Алма -ты қала -сы – Қазақстан -ның ірі қаржылық, мәдени және ғылыми орталығы.",0,0.00928560458123684,0,0.0012413552030920982,0,8.235379937104881e-05
"Абай Құнанбайұлы – қазақ әдебиетінің классигі, ақын, философ және ағартушы.",0,human,75,medium,consumer_reviews,715,"Абай Құнанбайұл -ы – қазақ әдебиет -і -нің классигі, ақын, философ және ағартушы.",0,0.03892521560192108,0,0.0008730698609724641,0,0.00010574451880529523
"Абай Құнанбайұлы – қазақ әдебиетінің классигі, ақын, философ және ағартушы.",0,human,75,medium,consumer_reviews,716,"Абай Құнанбайұл -ы – қазақ әдебиет -і -нің классигі, ақын, философ және ағартушы.",0,0.03892521560192108,0,0.0008730698609724641,0,0.00010574451880529523
Ұлттық банк валюта бағамының тұрақтылығын қамтамасыз ету бойынша шаралар қабылдауда.,0,human,84,medium,consumer_reviews,717,Ұлттық банк валю -та бағам -ы -ның тұрақтылығын қамтамасыз ету бойынша шара -лар қабылдауда.,1,0.9984809756278992,0,0.12859034538269043,0,0.00011231708049308509
Халықаралық ынтымақтастық аясында жаңа инвестициялық жобалар мақұлданды.,0,human,72,medium,consumer_reviews,718,Халықаралық ынтымақтастық аясы -нда жаңа инвестициялық жоба -лар мақұлданды.,1,0.9984025359153748,0,0.46732640266418457,0,8.206343045458198e-05
Үкімет отырысында ауыл шаруашылығын субсидиялау мәселелері жан-жақты талқыланды.,0,human,80,medium,consumer_reviews,719,Үкімет отыры -сы -нда ауыл шаруашылығын субсидиялау мәселе -лері жан-жақ -ты талқыланды.,1,0.9497942924499512,0,0.006715831812471151,0,9.613467409508303e-05
Үкімет отырысында ауыл шаруашылығын субсидиялау мәселелері жан-жақты талқыланды.,0,human,80,medium,consumer_reviews,720,Үкімет отыры -сы -нда ауыл шаруашылығын субсидиялау мәселе -лері жан-жақ -ты талқыланды.,1,0.9497942924499512,0,0.006715831812471151,0,9.613467409508303e-05
"Алматы қаласы – Қазақстанның ірі қаржылық, мәдени және ғылыми орталығы.",0,human,71,medium,consumer_reviews,721,"Алма -ты қала -сы – Қазақстан -ның ірі қаржылық, мәдени және ғылыми орталығы.",0,0.00928560458123684,0,0.0012413552030920982,0,8.235379937104881e-05
Үкімет отырысында ауыл шаруашылығын субсидиялау мәселелері жан-жақты талқыланды.,0,human,80,medium,consumer_reviews,722,Үкімет отыры -сы -нда ауыл шаруашылығын субсидиялау мәселе -лері жан-жақ -ты талқыланды.,1,0.9497942924499512,0,0.006715831812471151,0,9.613467409508303e-05
Ұлттық банк валюта бағамының тұрақтылығын қамтамасыз ету бойынша шаралар қабылдауда.,0,human,84,medium,consumer_reviews,723,Ұлттық банк валю -та бағам -ы -ның тұрақтылығын қамтамасыз ету бойынша шара -лар қабылдауда.,1,0.9984809756278992,0,0.12859034538269043,0,0.00011231708049308509
Халықаралық ынтымақтастық аясында жаңа инвестициялық жобалар мақұлданды.,0,human,72,medium,consumer_reviews,724,Халықаралық ынтымақтастық аясы -нда жаңа инвестициялық жоба -лар мақұлданды.,1,0.9984025359153748,0,0.46732640266418457,0,8.206343045458198e-05
Түркі халықтарының тарихы мен мәдениеті ғасырлар бойы қалыптасқан бай мұраға ие.,0,human,80,medium,consumer_reviews,725,Түрк -і халық -тары -ның тарих -ы мен мәдение -ті ғасыр -лар бой -ы қалыптас -қан бай мұра -ға ие.,1,0.9839922785758972,0,0.0004229354381095618,0,8.35643004393205e-05
"Алматы қаласы – Қазақстанның ірі қаржылық, мәдени және ғылыми орталығы.",0,human,71,medium,consumer_reviews,726,"Алма -ты қала -сы – Қазақстан -ның ірі қаржылық, мәдени және ғылыми орталығы.",0,0.00928560458123684,0,0.0012413552030920982,0,8.235379937104881e-05
Каспий теңізі – жер шарындағы ең үлкен тұйық су айдыны болып табылады.,0,human,70,medium,consumer_reviews,727,Каспи -й теңіз -і – жер шарындағ -ы ең үлкен тұйық су айд -ы -ны болып табылады.,1,0.9326623678207397,0,0.0009473125683143735,0,9.077399590751156e-05
Түркі халықтарының тарихы мен мәдениеті ғасырлар бойы қалыптасқан бай мұраға ие.,0,human,80,medium,consumer_reviews,728,Түрк -і халық -тары -ның тарих -ы мен мәдение -ті ғасыр -лар бой -ы қалыптас -қан бай мұра -ға ие.,1,0.9839922785758972,0,0.0004229354381095618,0,8.35643004393205e-05
Білім беру жүйесін цифрландыру мақсатында жаңа электронды платформалар енгізілуде.,0,human,82,medium,consumer_reviews,729,Білі -м беру жүйе -сін цифрландыру мақсат -ы -нда жаңа электрон -ды платформа -лар енгізілуде.,1,0.9822355508804321,0,0.0008042238769121468,0,7.840828038752079e-05
Халықаралық ынтымақтастық аясында жаңа инвестициялық жобалар мақұлданды.,0,human,72,medium,consumer_reviews,730,Халықаралық ынтымақтастық аясы -нда жаңа инвестициялық жоба -лар мақұлданды.,1,0.9984025359153748,0,0.46732640266418457,0,8.206343045458198e-05
Түркі халықтарының тарихы мен мәдениеті ғасырлар бойы қалыптасқан бай мұраға ие.,0,human,80,medium,consumer_reviews,731,Түрк -і халық -тары -ның тарих -ы мен мәдение -ті ғасыр -лар бой -ы қалыптас -қан бай мұра -ға ие.,1,0.9839922785758972,0,0.0004229354381095618,0,8.35643004393205e-05
"Абай Құнанбайұлы – қазақ әдебиетінің классигі, ақын, философ және ағартушы.",0,human,75,medium,consumer_reviews,732,"Абай Құнанбайұл -ы – қазақ әдебиет -і -нің классигі, ақын, философ және ағартушы.",0,0.03892521560192108,0,0.0008730698609724641,0,0.00010574451880529523
Білім беру жүйесін цифрландыру мақсатында жаңа электронды платформалар енгізілуде.,0,human,82,medium,consumer_reviews,733,Білі -м беру жүйе -сін цифрландыру мақсат -ы -нда жаңа электрон -ды платформа -лар енгізілуде.,1,0.9822355508804321,0,0.0008042238769121468,0,7.840828038752079e-05
Халықаралық ынтымақтастық аясында жаңа инвестициялық жобалар мақұлданды.,0,human,72,medium,consumer_reviews,734,Халықаралық ынтымақтастық аясы -нда жаңа инвестициялық жоба -лар мақұлданды.,1,0.9984025359153748,0,0.46732640266418457,0,8.206343045458198e-05
"Алматы қаласы – Қазақстанның ірі қаржылық, мәдени және ғылыми орталығы.",0,human,71,medium,consumer_reviews,735,"Алма -ты қала -сы – Қазақстан -ның ірі қаржылық, мәдени және ғылыми орталығы.",0,0.00928560458123684,0,0.0012413552030920982,0,8.235379937104881e-05
"Абай Құнанбайұлы – қазақ әдебиетінің классигі, ақын, философ және ағартушы.",0,human,75,medium,consumer_reviews,736,"Абай Құнанбайұл -ы – қазақ әдебиет -і -нің классигі, ақын, философ және ағартушы.",0,0.03892521560192108,0,0.0008730698609724641,0,0.00010574451880529523
Үкімет отырысында ауыл шаруашылығын субсидиялау мәселелері жан-жақты талқыланды.,0,human,80,medium,consumer_reviews,737,Үкімет отыры -сы -нда ауыл шаруашылығын субсидиялау мәселе -лері жан-жақ -ты талқыланды.,1,0.9497942924499512,0,0.006715831812471151,0,9.613467409508303e-05
Үкімет отырысында ауыл шаруашылығын субсидиялау мәселелері жан-жақты талқыланды.,0,human,80,medium,consumer_reviews,738,Үкімет отыры -сы -нда ауыл шаруашылығын субсидиялау мәселе -лері жан-жақ -ты талқыланды.,1,0.9497942924499512,0,0.006715831812471151,0,9.613467409508303e-05
"Алматы қаласы – Қазақстанның ірі қаржылық, мәдени және ғылыми орталығы.",0,human,71,medium,consumer_reviews,739,"Алма -ты қала -сы – Қазақстан -ның ірі қаржылық, мәдени және ғылыми орталығы.",0,0.00928560458123684,0,0.0012413552030920982,0,8.235379937104881e-05
Түркі халықтарының тарихы мен мәдениеті ғасырлар бойы қалыптасқан бай мұраға ие.,0,human,80,medium,consumer_reviews,740,Түрк -і халық -тары -ның тарих -ы мен мәдение -ті ғасыр -лар бой -ы қалыптас -қан бай мұра -ға ие.,1,0.9839922785758972,0,0.0004229354381095618,0,8.35643004393205e-05
Ұлттық банк валюта бағамының тұрақтылығын қамтамасыз ету бойынша шаралар қабылдауда.,0,human,84,medium,consumer_reviews,741,Ұлттық банк валю -та бағам -ы -ның тұрақтылығын қамтамасыз ету бойынша шара -лар қабылдауда.,1,0.9984809756278992,0,0.12859034538269043,0,0.00011231708049308509
Халықаралық ынтымақтастық аясында жаңа инвестициялық жобалар мақұлданды.,0,human,72,medium,consumer_reviews,742,Халықаралық ынтымақтастық аясы -нда жаңа инвестициялық жоба -лар мақұлданды.,1,0.9984025359153748,0,0.46732640266418457,0,8.206343045458198e-05
Ұлттық банк валюта бағамының тұрақтылығын қамтамасыз ету бойынша шаралар қабылдауда.,0,human,84,medium,consumer_reviews,743,Ұлттық банк валю -та бағам -ы -ның тұрақтылығын қамтамасыз ету бойынша шара -лар қабылдауда.,1,0.9984809756278992,0,0.12859034538269043,0,0.00011231708049308509
"Абай Құнанбайұлы – қазақ әдебиетінің классигі, ақын, философ және ағартушы.",0,human,75,medium,consumer_reviews,744,"Абай Құнанбайұл -ы – қазақ әдебиет -і -нің классигі, ақын, философ және ағартушы.",0,0.03892521560192108,0,0.0008730698609724641,0,0.00010574451880529523
Үкімет отырысында ауыл шаруашылығын субсидиялау мәселелері жан-жақты талқыланды.,0,human,80,medium,consumer_reviews,745,Үкімет отыры -сы -нда ауыл шаруашылығын субсидиялау мәселе -лері жан-жақ -ты талқыланды.,1,0.9497942924499512,0,0.006715831812471151,0,9.613467409508303e-05
Түркі халықтарының тарихы мен мәдениеті ғасырлар бойы қалыптасқан бай мұраға ие.,0,human,80,medium,consumer_reviews,746,Түрк -і халық -тары -ның тарих -ы мен мәдение -ті ғасыр -лар бой -ы қалыптас -қан бай мұра -ға ие.,1,0.9839922785758972,0,0.0004229354381095618,0,8.35643004393205e-05
"Абай Құнанбайұлы – қазақ әдебиетінің классигі, ақын, философ және ағартушы.",0,human,75,medium,consumer_reviews,747,"Абай Құнанбайұл -ы – қазақ әдебиет -і -нің классигі, ақын, философ және ағартушы.",0,0.03892521560192108,0,0.0008730698609724641,0,0.00010574451880529523
Білім беру жүйесін цифрландыру мақсатында жаңа электронды платформалар енгізілуде.,0,human,82,medium,consumer_reviews,748,Білі -м беру жүйе -сін цифрландыру мақсат -ы -нда жаңа электрон -ды платформа -лар енгізілуде.,1,0.9822355508804321,0,0.0008042238769121468,0,7.840828038752079e-05
Үкімет отырысында ауыл шаруашылығын субсидиялау мәселелері жан-жақты талқыланды.,0,human,80,medium,consumer_reviews,749,Үкімет отыры -сы -нда ауыл шаруашылығын субсидиялау мәселе -лері жан-жақ -ты талқыланды.,1,0.9497942924499512,0,0.006715831812471151,0,9.613467409508303e-05
Қазақстан Республикасында энергетикалық инфрақұрылымды жаңғырту бойынша жаңа бағдарлама іске қосылды.,0,human,101,long,consumer_reviews,750,Қазақс -тан Республика -сы -нда энергетикалық инфрақұрылы -м -ды жаңғырту бойынша жаңа бағдарлама іске қосылды.,1,0.9807302951812744,0,0.005311200395226479,0,7.047201506793499e-05
Қазақстан Республикасында энергетикалық инфрақұрылымды жаңғырту бойынша жаңа бағдарлама іске қосылды.,0,human,101,long,consumer_reviews,751,Қазақс -тан Республика -сы -нда энергетикалық инфрақұрылы -м -ды жаңғырту бойынша жаңа бағдарлама іске қосылды.,1,0.9807302951812744,0,0.005311200395226479,0,7.047201506793499e-05
Қазақстан Республикасында энергетикалық инфрақұрылымды жаңғырту бойынша жаңа бағдарлама іске қосылды.,0,human,101,long,consumer_reviews,752,Қазақс -тан Республика -сы -нда энергетикалық инфрақұрылы -м -ды жаңғырту бойынша жаңа бағдарлама іске қосылды.,1,0.9807302951812744,0,0.005311200395226479,0,7.047201506793499e-05
"Қазақстан – Орталық Азияда орналасқан, аумағы бойынша әлемде тоғызыншы орын алатын мемлекет.",0,human,92,long,consumer_reviews,753,"Қазақс -тан – Орталық Азия -да орналасқан, аумағ -ы бойынша әле -м -де тоғызынш -ы орын алатын мемлекет.",0,0.21606382727622986,0,0.0005412919563241303,0,8.218105358537287e-05
Қазақстан Республикасында энергетикалық инфрақұрылымды жаңғырту бойынша жаңа бағдарлама іске қосылды.,0,human,101,long,consumer_reviews,754,Қазақс -тан Республика -сы -нда энергетикалық инфрақұрылы -м -ды жаңғырту бойынша жаңа бағдарлама іске қосылды.,1,0.9807302951812744,0,0.005311200395226479,0,7.047201506793499e-05
Қазақстан Республикасында энергетикалық инфрақұрылымды жаңғырту бойынша жаңа бағдарлама іске қосылды.,0,human,101,long,consumer_reviews,755,Қазақс -тан Республика -сы -нда энергетикалық инфрақұрылы -м -ды жаңғырту бойынша жаңа бағдарлама іске қосылды.,1,0.9807302951812744,0,0.005311200395226479,0,7.047201506793499e-05
Қазақстан Республикасында энергетикалық инфрақұрылымды жаңғырту бойынша жаңа бағдарлама іске қосылды.,0,human,101,long,consumer_reviews,756,Қазақс -тан Республика -сы -нда энергетикалық инфрақұрылы -м -ды жаңғырту бойынша жаңа бағдарлама іске қосылды.,1,0.9807302951812744,0,0.005311200395226479,0,7.047201506793499e-05
Қазақстан Республикасында энергетикалық инфрақұрылымды жаңғырту бойынша жаңа бағдарлама іске қосылды.,0,human,101,long,consumer_reviews,757,Қазақс -тан Республика -сы -нда энергетикалық инфрақұрылы -м -ды жаңғырту бойынша жаңа бағдарлама іске қосылды.,1,0.9807302951812744,0,0.005311200395226479,0,7.047201506793499e-05
Қазақстан Республикасында энергетикалық инфрақұрылымды жаңғырту бойынша жаңа бағдарлама іске қосылды.,0,human,101,long,consumer_reviews,758,Қазақс -тан Республика -сы -нда энергетикалық инфрақұрылы -м -ды жаңғырту бойынша жаңа бағдарлама іске қосылды.,1,0.9807302951812744,0,0.005311200395226479,0,7.047201506793499e-05
"Қазақстан – Орталық Азияда орналасқан, аумағы бойынша әлемде тоғызыншы орын алатын мемлекет.",0,human,92,long,consumer_reviews,759,"Қазақс -тан – Орталық Азия -да орналасқан, аумағ -ы бойынша әле -м -де тоғызынш -ы орын алатын мемлекет.",0,0.21606382727622986,0,0.0005412919563241303,0,8.218105358537287e-05
"Қазақстан – Орталық Азияда орналасқан, аумағы бойынша әлемде тоғызыншы орын алатын мемлекет.",0,human,92,long,consumer_reviews,760,"Қазақс -тан – Орталық Азия -да орналасқан, аумағ -ы бойынша әле -м -де тоғызынш -ы орын алатын мемлекет.",0,0.21606382727622986,0,0.0005412919563241303,0,8.218105358537287e-05
"Қазақстан – Орталық Азияда орналасқан, аумағы бойынша әлемде тоғызыншы орын алатын мемлекет.",0,human,92,long,consumer_reviews,761,"Қазақс -тан – Орталық Азия -да орналасқан, аумағ -ы бойынша әле -м -де тоғызынш -ы орын алатын мемлекет.",0,0.21606382727622986,0,0.0005412919563241303,0,8.218105358537287e-05
Қазақстан Республикасында энергетикалық инфрақұрылымды жаңғырту бойынша жаңа бағдарлама іске қосылды.,0,human,101,long,consumer_reviews,762,Қазақс -тан Республика -сы -нда энергетикалық инфрақұрылы -м -ды жаңғырту бойынша жаңа бағдарлама іске қосылды.,1,0.9807302951812744,0,0.005311200395226479,0,7.047201506793499e-05
"алаяқтар,өтірік алдап ақша алып жоқ болып кетті 1690000 ға 5млн гранд плып берем деп сенбеңдер",0,human,94,long,consumer_reviews,763,"алаяқтар,өтірік алдап ақша алып жоқ болып кет -ті 1690000 ға 5млн гранд плып бере -м деп сенбең -дер",0,0.006786086596548557,0,0.005215909797698259,0,0.0002167161146644503
Қазақстан Республикасында энергетикалық инфрақұрылымды жаңғырту бойынша жаңа бағдарлама іске қосылды.,0,human,101,long,consumer_reviews,764,Қазақс -тан Республика -сы -нда энергетикалық инфрақұрылы -м -ды жаңғырту бойынша жаңа бағдарлама іске қосылды.,1,0.9807302951812744,0,0.005311200395226479,0,7.047201506793499e-05
Қазақстан Республикасында энергетикалық инфрақұрылымды жаңғырту бойынша жаңа бағдарлама іске қосылды.,0,human,101,long,consumer_reviews,765,Қазақс -тан Республика -сы -нда энергетикалық инфрақұрылы -м -ды жаңғырту бойынша жаңа бағдарлама іске қосылды.,1,0.9807302951812744,0,0.005311200395226479,0,7.047201506793499e-05
"Қазақстан – Орталық Азияда орналасқан, аумағы бойынша әлемде тоғызыншы орын алатын мемлекет.",0,human,92,long,consumer_reviews,766,"Қазақс -тан – Орталық Азия -да орналасқан, аумағ -ы бойынша әле -м -де тоғызынш -ы орын алатын мемлекет.",0,0.21606382727622986,0,0.0005412919563241303,0,8.218105358537287e-05
"Қазақстан – Орталық Азияда орналасқан, аумағы бойынша әлемде тоғызыншы орын алатын мемлекет.",0,human,92,long,consumer_reviews,767,"Қазақс -тан – Орталық Азия -да орналасқан, аумағ -ы бойынша әле -м -де тоғызынш -ы орын алатын мемлекет.",0,0.21606382727622986,0,0.0005412919563241303,0,8.218105358537287e-05
Қазақстан Республикасында энергетикалық инфрақұрылымды жаңғырту бойынша жаңа бағдарлама іске қосылды.,0,human,101,long,consumer_reviews,768,Қазақс -тан Республика -сы -нда энергетикалық инфрақұрылы -м -ды жаңғырту бойынша жаңа бағдарлама іске қосылды.,1,0.9807302951812744,0,0.005311200395226479,0,7.047201506793499e-05
Қазақстан Республикасында энергетикалық инфрақұрылымды жаңғырту бойынша жаңа бағдарлама іске қосылды.,0,human,101,long,consumer_reviews,769,Қазақс -тан Республика -сы -нда энергетикалық инфрақұрылы -м -ды жаңғырту бойынша жаңа бағдарлама іске қосылды.,1,0.9807302951812744,0,0.005311200395226479,0,7.047201506793499e-05
Қазақстан Республикасында энергетикалық инфрақұрылымды жаңғырту бойынша жаңа бағдарлама іске қосылды.,0,human,101,long,consumer_reviews,770,Қазақс -тан Республика -сы -нда энергетикалық инфрақұрылы -м -ды жаңғырту бойынша жаңа бағдарлама іске қосылды.,1,0.9807302951812744,0,0.005311200395226479,0,7.047201506793499e-05
Қазақстан Республикасында энергетикалық инфрақұрылымды жаңғырту бойынша жаңа бағдарлама іске қосылды.,0,human,101,long,consumer_reviews,771,Қазақс -тан Республика -сы -нда энергетикалық инфрақұрылы -м -ды жаңғырту бойынша жаңа бағдарлама іске қосылды.,1,0.9807302951812744,0,0.005311200395226479,0,7.047201506793499e-05
Қазақстан Республикасында энергетикалық инфрақұрылымды жаңғырту бойынша жаңа бағдарлама іске қосылды.,0,human,101,long,consumer_reviews,772,Қазақс -тан Республика -сы -нда энергетикалық инфрақұрылы -м -ды жаңғырту бойынша жаңа бағдарлама іске қосылды.,1,0.9807302951812744,0,0.005311200395226479,0,7.047201506793499e-05
Қазақстан Республикасында энергетикалық инфрақұрылымды жаңғырту бойынша жаңа бағдарлама іске қосылды.,0,human,101,long,consumer_reviews,773,Қазақс -тан Республика -сы -нда энергетикалық инфрақұрылы -м -ды жаңғырту бойынша жаңа бағдарлама іске қосылды.,1,0.9807302951812744,0,0.005311200395226479,0,7.047201506793499e-05
"Қазақстан – Орталық Азияда орналасқан, аумағы бойынша әлемде тоғызыншы орын алатын мемлекет.",0,human,92,long,consumer_reviews,774,"Қазақс -тан – Орталық Азия -да орналасқан, аумағ -ы бойынша әле -м -де тоғызынш -ы орын алатын мемлекет.",0,0.21606382727622986,0,0.0005412919563241303,0,8.218105358537287e-05
Қазақстан Республикасында энергетикалық инфрақұрылымды жаңғырту бойынша жаңа бағдарлама іске қосылды.,0,human,101,long,consumer_reviews,775,Қазақс -тан Республика -сы -нда энергетикалық инфрақұрылы -м -ды жаңғырту бойынша жаңа бағдарлама іске қосылды.,1,0.9807302951812744,0,0.005311200395226479,0,7.047201506793499e-05
"Қазақстан – Орталық Азияда орналасқан, аумағы бойынша әлемде тоғызыншы орын алатын мемлекет.",0,human,92,long,consumer_reviews,776,"Қазақс -тан – Орталық Азия -да орналасқан, аумағ -ы бойынша әле -м -де тоғызынш -ы орын алатын мемлекет.",0,0.21606382727622986,0,0.0005412919563241303,0,8.218105358537287e-05
"Қазақстан – Орталық Азияда орналасқан, аумағы бойынша әлемде тоғызыншы орын алатын мемлекет.",0,human,92,long,consumer_reviews,777,"Қазақс -тан – Орталық Азия -да орналасқан, аумағ -ы бойынша әле -м -де тоғызынш -ы орын алатын мемлекет.",0,0.21606382727622986,0,0.0005412919563241303,0,8.218105358537287e-05
Қазақстан Республикасында энергетикалық инфрақұрылымды жаңғырту бойынша жаңа бағдарлама іске қосылды.,0,human,101,long,consumer_reviews,778,Қазақс -тан Республика -сы -нда энергетикалық инфрақұрылы -м -ды жаңғырту бойынша жаңа бағдарлама іске қосылды.,1,0.9807302951812744,0,0.005311200395226479,0,7.047201506793499e-05
Қазақстан Республикасында энергетикалық инфрақұрылымды жаңғырту бойынша жаңа бағдарлама іске қосылды.,0,human,101,long,consumer_reviews,779,Қазақс -тан Республика -сы -нда энергетикалық инфрақұрылы -м -ды жаңғырту бойынша жаңа бағдарлама іске қосылды.,1,0.9807302951812744,0,0.005311200395226479,0,7.047201506793499e-05
Қазақстан Республикасында энергетикалық инфрақұрылымды жаңғырту бойынша жаңа бағдарлама іске қосылды.,0,human,101,long,consumer_reviews,780,Қазақс -тан Республика -сы -нда энергетикалық инфрақұрылы -м -ды жаңғырту бойынша жаңа бағдарлама іске қосылды.,1,0.9807302951812744,0,0.005311200395226479,0,7.047201506793499e-05
Қазақстан Республикасында энергетикалық инфрақұрылымды жаңғырту бойынша жаңа бағдарлама іске қосылды.,0,human,101,long,consumer_reviews,781,Қазақс -тан Республика -сы -нда энергетикалық инфрақұрылы -м -ды жаңғырту бойынша жаңа бағдарлама іске қосылды.,1,0.9807302951812744,0,0.005311200395226479,0,7.047201506793499e-05
Қазақстан Республикасында энергетикалық инфрақұрылымды жаңғырту бойынша жаңа бағдарлама іске қосылды.,0,human,101,long,consumer_reviews,782,Қазақс -тан Республика -сы -нда энергетикалық инфрақұрылы -м -ды жаңғырту бойынша жаңа бағдарлама іске қосылды.,1,0.9807302951812744,0,0.005311200395226479,0,7.047201506793499e-05
Қазақстан Республикасында энергетикалық инфрақұрылымды жаңғырту бойынша жаңа бағдарлама іске қосылды.,0,human,101,long,consumer_reviews,783,Қазақс -тан Республика -сы -нда энергетикалық инфрақұрылы -м -ды жаңғырту бойынша жаңа бағдарлама іске қосылды.,1,0.9807302951812744,0,0.005311200395226479,0,7.047201506793499e-05
Қазақстан Республикасында энергетикалық инфрақұрылымды жаңғырту бойынша жаңа бағдарлама іске қосылды.,0,human,101,long,consumer_reviews,784,Қазақс -тан Республика -сы -нда энергетикалық инфрақұрылы -м -ды жаңғырту бойынша жаңа бағдарлама іске қосылды.,1,0.9807302951812744,0,0.005311200395226479,0,7.047201506793499e-05
Қазақстан Республикасында энергетикалық инфрақұрылымды жаңғырту бойынша жаңа бағдарлама іске қосылды.,0,human,101,long,consumer_reviews,785,Қазақс -тан Республика -сы -нда энергетикалық инфрақұрылы -м -ды жаңғырту бойынша жаңа бағдарлама іске қосылды.,1,0.9807302951812744,0,0.005311200395226479,0,7.047201506793499e-05
Қазақстан Республикасында энергетикалық инфрақұрылымды жаңғырту бойынша жаңа бағдарлама іске қосылды.,0,human,101,long,consumer_reviews,786,Қазақс -тан Республика -сы -нда энергетикалық инфрақұрылы -м -ды жаңғырту бойынша жаңа бағдарлама іске қосылды.,1,0.9807302951812744,0,0.005311200395226479,0,7.047201506793499e-05
Қазақстан Республикасында энергетикалық инфрақұрылымды жаңғырту бойынша жаңа бағдарлама іске қосылды.,0,human,101,long,consumer_reviews,787,Қазақс -тан Республика -сы -нда энергетикалық инфрақұрылы -м -ды жаңғырту бойынша жаңа бағдарлама іске қосылды.,1,0.9807302951812744,0,0.005311200395226479,0,7.047201506793499e-05
Қазақстан Республикасында энергетикалық инфрақұрылымды жаңғырту бойынша жаңа бағдарлама іске қосылды.,0,human,101,long,consumer_reviews,788,Қазақс -тан Республика -сы -нда энергетикалық инфрақұрылы -м -ды жаңғырту бойынша жаңа бағдарлама іске қосылды.,1,0.9807302951812744,0,0.005311200395226479,0,7.047201506793499e-05
"Қазақстан – Орталық Азияда орналасқан, аумағы бойынша әлемде тоғызыншы орын алатын мемлекет.",0,human,92,long,consumer_reviews,789,"Қазақс -тан – Орталық Азия -да орналасқан, аумағ -ы бойынша әле -м -де тоғызынш -ы орын алатын мемлекет.",0,0.21606382727622986,0,0.0005412919563241303,0,8.218105358537287e-05
Қазақстан Республикасында энергетикалық инфрақұрылымды жаңғырту бойынша жаңа бағдарлама іске қосылды.,0,human,101,long,consumer_reviews,790,Қазақс -тан Республика -сы -нда энергетикалық инфрақұрылы -м -ды жаңғырту бойынша жаңа бағдарлама іске қосылды.,1,0.9807302951812744,0,0.005311200395226479,0,7.047201506793499e-05
"Қазақстан – Орталық Азияда орналасқан, аумағы бойынша әлемде тоғызыншы орын алатын мемлекет.",0,human,92,long,consumer_reviews,791,"Қазақс -тан – Орталық Азия -да орналасқан, аумағ -ы бойынша әле -м -де тоғызынш -ы орын алатын мемлекет.",0,0.21606382727622986,0,0.0005412919563241303,0,8.218105358537287e-05
"Қазақстан – Орталық Азияда орналасқан, аумағы бойынша әлемде тоғызыншы орын алатын мемлекет.",0,human,92,long,consumer_reviews,792,"Қазақс -тан – Орталық Азия -да орналасқан, аумағ -ы бойынша әле -м -де тоғызынш -ы орын алатын мемлекет.",0,0.21606382727622986,0,0.0005412919563241303,0,8.218105358537287e-05
"Қазақстан – Орталық Азияда орналасқан, аумағы бойынша әлемде тоғызыншы орын алатын мемлекет.",0,human,92,long,consumer_reviews,793,"Қазақс -тан – Орталық Азия -да орналасқан, аумағ -ы бойынша әле -м -де тоғызынш -ы орын алатын мемлекет.",0,0.21606382727622986,0,0.0005412919563241303,0,8.218105358537287e-05
"Қазақстан – Орталық Азияда орналасқан, аумағы бойынша әлемде тоғызыншы орын алатын мемлекет.",0,human,92,long,consumer_reviews,794,"Қазақс -тан – Орталық Азия -да орналасқан, аумағ -ы бойынша әле -м -де тоғызынш -ы орын алатын мемлекет.",0,0.21606382727622986,0,0.0005412919563241303,0,8.218105358537287e-05
"Қазақстан – Орталық Азияда орналасқан, аумағы бойынша әлемде тоғызыншы орын алатын мемлекет.",0,human,92,long,consumer_reviews,795,"Қазақс -тан – Орталық Азия -да орналасқан, аумағ -ы бойынша әле -м -де тоғызынш -ы орын алатын мемлекет.",0,0.21606382727622986,0,0.0005412919563241303,0,8.218105358537287e-05
"Қазақстан – Орталық Азияда орналасқан, аумағы бойынша әлемде тоғызыншы орын алатын мемлекет.",0,human,92,long,consumer_reviews,796,"Қазақс -тан – Орталық Азия -да орналасқан, аумағ -ы бойынша әле -м -де тоғызынш -ы орын алатын мемлекет.",0,0.21606382727622986,0,0.0005412919563241303,0,8.218105358537287e-05
"Қазақстан – Орталық Азияда орналасқан, аумағы бойынша әлемде тоғызыншы орын алатын мемлекет.",0,human,92,long,consumer_reviews,797,"Қазақс -тан – Орталық Азия -да орналасқан, аумағ -ы бойынша әле -м -де тоғызынш -ы орын алатын мемлекет.",0,0.21606382727622986,0,0.0005412919563241303,0,8.218105358537287e-05
Қазақстан Республикасында энергетикалық инфрақұрылымды жаңғырту бойынша жаңа бағдарлама іске қосылды.,0,human,101,long,consumer_reviews,798,Қазақс -тан Республика -сы -нда энергетикалық инфрақұрылы -м -ды жаңғырту бойынша жаңа бағдарлама іске қосылды.,1,0.9807302951812744,0,0.005311200395226479,0,7.047201506793499e-05
"Қазақстан – Орталық Азияда орналасқан, аумағы бойынша әлемде тоғызыншы орын алатын мемлекет.",0,human,92,long,consumer_reviews,799,"Қазақс -тан – Орталық Азия -да орналасқан, аумағ -ы бойынша әле -м -де тоғызынш -ы орын алатын мемлекет.",0,0.21606382727622986,0,0.0005412919563241303,0,8.218105358537287e-05
Қазақстан Республикасында энергетикалық инфрақұрылымды жаңғырту бойынша жаңа бағдарлама іске қосылды.,0,human,101,long,consumer_reviews,800,Қазақс -тан Республика -сы -нда энергетикалық инфрақұрылы -м -ды жаңғырту бойынша жаңа бағдарлама іске қосылды.,1,0.9807302951812744,0,0.005311200395226479,0,7.047201506793499e-05
"Қазақстан – Орталық Азияда орналасқан, аумағы бойынша әлемде тоғызыншы орын алатын мемлекет.",0,human,92,long,consumer_reviews,801,"Қазақс -тан – Орталық Азия -да орналасқан, аумағ -ы бойынша әле -м -де тоғызынш -ы орын алатын мемлекет.",0,0.21606382727622986,0,0.0005412919563241303,0,8.218105358537287e-05
Қазақстан Республикасында энергетикалық инфрақұрылымды жаңғырту бойынша жаңа бағдарлама іске қосылды.,0,human,101,long,consumer_reviews,802,Қазақс -тан Республика -сы -нда энергетикалық инфрақұрылы -м -ды жаңғырту бойынша жаңа бағдарлама іске қосылды.,1,0.9807302951812744,0,0.005311200395226479,0,7.047201506793499e-05
Қазақстан Республикасында энергетикалық инфрақұрылымды жаңғырту бойынша жаңа бағдарлама іске қосылды.,0,human,101,long,consumer_reviews,803,Қазақс -тан Республика -сы -нда энергетикалық инфрақұрылы -м -ды жаңғырту бойынша жаңа бағдарлама іске қосылды.,1,0.9807302951812744,0,0.005311200395226479,0,7.047201506793499e-05
"Қазақстан – Орталық Азияда орналасқан, аумағы бойынша әлемде тоғызыншы орын алатын мемлекет.",0,human,92,long,consumer_reviews,804,"Қазақс -тан – Орталық Азия -да орналасқан, аумағ -ы бойынша әле -м -де тоғызынш -ы орын алатын мемлекет.",0,0.21606382727622986,0,0.0005412919563241303,0,8.218105358537287e-05
"Қазақстан – Орталық Азияда орналасқан, аумағы бойынша әлемде тоғызыншы орын алатын мемлекет.",0,human,92,long,consumer_reviews,805,"Қазақс -тан – Орталық Азия -да орналасқан, аумағ -ы бойынша әле -м -де тоғызынш -ы орын алатын мемлекет.",0,0.21606382727622986,0,0.0005412919563241303,0,8.218105358537287e-05
Қазақстан Республикасында энергетикалық инфрақұрылымды жаңғырту бойынша жаңа бағдарлама іске қосылды.,0,human,101,long,consumer_reviews,806,Қазақс -тан Республика -сы -нда энергетикалық инфрақұрылы -м -ды жаңғырту бойынша жаңа бағдарлама іске қосылды.,1,0.9807302951812744,0,0.005311200395226479,0,7.047201506793499e-05
Қазақстан Республикасында энергетикалық инфрақұрылымды жаңғырту бойынша жаңа бағдарлама іске қосылды.,0,human,101,long,consumer_reviews,807,Қазақс -тан Республика -сы -нда энергетикалық инфрақұрылы -м -ды жаңғырту бойынша жаңа бағдарлама іске қосылды.,1,0.9807302951812744,0,0.005311200395226479,0,7.047201506793499e-05
"Қазақстан – Орталық Азияда орналасқан, аумағы бойынша әлемде тоғызыншы орын алатын мемлекет.",0,human,92,long,consumer_reviews,808,"Қазақс -тан – Орталық Азия -да орналасқан, аумағ -ы бойынша әле -м -де тоғызынш -ы орын алатын мемлекет.",0,0.21606382727622986,0,0.0005412919563241303,0,8.218105358537287e-05
"Қазақстан – Орталық Азияда орналасқан, аумағы бойынша әлемде тоғызыншы орын алатын мемлекет.",0,human,92,long,consumer_reviews,809,"Қазақс -тан – Орталық Азия -да орналасқан, аумағ -ы бойынша әле -м -де тоғызынш -ы орын алатын мемлекет.",0,0.21606382727622986,0,0.0005412919563241303,0,8.218105358537287e-05
Қазақстан Республикасында энергетикалық инфрақұрылымды жаңғырту бойынша жаңа бағдарлама іске қосылды.,0,human,101,long,consumer_reviews,810,Қазақс -тан Республика -сы -нда энергетикалық инфрақұрылы -м -ды жаңғырту бойынша жаңа бағдарлама іске қосылды.,1,0.9807302951812744,0,0.005311200395226479,0,7.047201506793499e-05
Қазақстан Республикасында энергетикалық инфрақұрылымды жаңғырту бойынша жаңа бағдарлама іске қосылды.,0,human,101,long,consumer_reviews,811,Қазақс -тан Республика -сы -нда энергетикалық инфрақұрылы -м -ды жаңғырту бойынша жаңа бағдарлама іске қосылды.,1,0.9807302951812744,0,0.005311200395226479,0,7.047201506793499e-05
"алаяқтар,өтірік алдап ақша алып жоқ болып кетті 1690000 ға 5млн гранд плып берем деп сенбеңдер",0,human,94,long,consumer_reviews,812,"алаяқтар,өтірік алдап ақша алып жоқ болып кет -ті 1690000 ға 5млн гранд плып бере -м деп сенбең -дер",0,0.006786086596548557,0,0.005215909797698259,0,0.0002167161146644503
Қазақстан Республикасында энергетикалық инфрақұрылымды жаңғырту бойынша жаңа бағдарлама іске қосылды.,0,human,101,long,consumer_reviews,813,Қазақс -тан Республика -сы -нда энергетикалық инфрақұрылы -м -ды жаңғырту бойынша жаңа бағдарлама іске қосылды.,1,0.9807302951812744,0,0.005311200395226479,0,7.047201506793499e-05
"Қазақстан – Орталық Азияда орналасқан, аумағы бойынша әлемде тоғызыншы орын алатын мемлекет.",0,human,92,long,consumer_reviews,814,"Қазақс -тан – Орталық Азия -да орналасқан, аумағ -ы бойынша әле -м -де тоғызынш -ы орын алатын мемлекет.",0,0.21606382727622986,0,0.0005412919563241303,0,8.218105358537287e-05
Қазақстан Республикасында энергетикалық инфрақұрылымды жаңғырту бойынша жаңа бағдарлама іске қосылды.,0,human,101,long,consumer_reviews,815,Қазақс -тан Республика -сы -нда энергетикалық инфрақұрылы -м -ды жаңғырту бойынша жаңа бағдарлама іске қосылды.,1,0.9807302951812744,0,0.005311200395226479,0,7.047201506793499e-05
"Қазақстан – Орталық Азияда орналасқан, аумағы бойынша әлемде тоғызыншы орын алатын мемлекет.",0,human,92,long,consumer_reviews,816,"Қазақс -тан – Орталық Азия -да орналасқан, аумағ -ы бойынша әле -м -де тоғызынш -ы орын алатын мемлекет.",0,0.21606382727622986,0,0.0005412919563241303,0,8.218105358537287e-05
Қазақстан Республикасында энергетикалық инфрақұрылымды жаңғырту бойынша жаңа бағдарлама іске қосылды.,0,human,101,long,consumer_reviews,817,Қазақс -тан Республика -сы -нда энергетикалық инфрақұрылы -м -ды жаңғырту бойынша жаңа бағдарлама іске қосылды.,1,0.9807302951812744,0,0.005311200395226479,0,7.047201506793499e-05
Қазақстан Республикасында энергетикалық инфрақұрылымды жаңғырту бойынша жаңа бағдарлама іске қосылды.,0,human,101,long,consumer_reviews,818,Қазақс -тан Республика -сы -нда энергетикалық инфрақұрылы -м -ды жаңғырту бойынша жаңа бағдарлама іске қосылды.,1,0.9807302951812744,0,0.005311200395226479,0,7.047201506793499e-05
Қазақстан Республикасында энергетикалық инфрақұрылымды жаңғырту бойынша жаңа бағдарлама іске қосылды.,0,human,101,long,consumer_reviews,819,Қазақс -тан Республика -сы -нда энергетикалық инфрақұрылы -м -ды жаңғырту бойынша жаңа бағдарлама іске қосылды.,1,0.9807302951812744,0,0.005311200395226479,0,7.047201506793499e-05
Қазақстан Республикасында энергетикалық инфрақұрылымды жаңғырту бойынша жаңа бағдарлама іске қосылды.,0,human,101,long,consumer_reviews,820,Қазақс -тан Республика -сы -нда энергетикалық инфрақұрылы -м -ды жаңғырту бойынша жаңа бағдарлама іске қосылды.,1,0.9807302951812744,0,0.005311200395226479,0,7.047201506793499e-05
Қазақстан Республикасында энергетикалық инфрақұрылымды жаңғырту бойынша жаңа бағдарлама іске қосылды.,0,human,101,long,consumer_reviews,821,Қазақс -тан Республика -сы -нда энергетикалық инфрақұрылы -м -ды жаңғырту бойынша жаңа бағдарлама іске қосылды.,1,0.9807302951812744,0,0.005311200395226479,0,7.047201506793499e-05
"Қазақстан – Орталық Азияда орналасқан, аумағы бойынша әлемде тоғызыншы орын алатын мемлекет.",0,human,92,long,consumer_reviews,822,"Қазақс -тан – Орталық Азия -да орналасқан, аумағ -ы бойынша әле -м -де тоғызынш -ы орын алатын мемлекет.",0,0.21606382727622986,0,0.0005412919563241303,0,8.218105358537287e-05
Қазақстан Республикасында энергетикалық инфрақұрылымды жаңғырту бойынша жаңа бағдарлама іске қосылды.,0,human,101,long,consumer_reviews,823,Қазақс -тан Республика -сы -нда энергетикалық инфрақұрылы -м -ды жаңғырту бойынша жаңа бағдарлама іске қосылды.,1,0.9807302951812744,0,0.005311200395226479,0,7.047201506793499e-05
Қазақстан Республикасында энергетикалық инфрақұрылымды жаңғырту бойынша жаңа бағдарлама іске қосылды.,0,human,101,long,consumer_reviews,824,Қазақс -тан Республика -сы -нда энергетикалық инфрақұрылы -м -ды жаңғырту бойынша жаңа бағдарлама іске қосылды.,1,0.9807302951812744,0,0.005311200395226479,0,7.047201506793499e-05
"Қазақстан – Орталық Азияда орналасқан, аумағы бойынша әлемде тоғызыншы орын алатын мемлекет.",0,human,92,long,consumer_reviews,825,"Қазақс -тан – Орталық Азия -да орналасқан, аумағ -ы бойынша әле -м -де тоғызынш -ы орын алатын мемлекет.",0,0.21606382727622986,0,0.0005412919563241303,0,8.218105358537287e-05
"Қазақстан – Орталық Азияда орналасқан, аумағы бойынша әлемде тоғызыншы орын алатын мемлекет.",0,human,92,long,consumer_reviews,826,"Қазақс -тан – Орталық Азия -да орналасқан, аумағ -ы бойынша әле -м -де тоғызынш -ы орын алатын мемлекет.",0,0.21606382727622986,0,0.0005412919563241303,0,8.218105358537287e-05
Қазақстан Республикасында энергетикалық инфрақұрылымды жаңғырту бойынша жаңа бағдарлама іске қосылды.,0,human,101,long,consumer_reviews,827,Қазақс -тан Республика -сы -нда энергетикалық инфрақұрылы -м -ды жаңғырту бойынша жаңа бағдарлама іске қосылды.,1,0.9807302951812744,0,0.005311200395226479,0,7.047201506793499e-05
"Қазақстан – Орталық Азияда орналасқан, аумағы бойынша әлемде тоғызыншы орын алатын мемлекет.",0,human,92,long,consumer_reviews,828,"Қазақс -тан – Орталық Азия -да орналасқан, аумағ -ы бойынша әле -м -де тоғызынш -ы орын алатын мемлекет.",0,0.21606382727622986,0,0.0005412919563241303,0,8.218105358537287e-05
"Қазақстан – Орталық Азияда орналасқан, аумағы бойынша әлемде тоғызыншы орын алатын мемлекет.",0,human,92,long,consumer_reviews,829,"Қазақс -тан – Орталық Азия -да орналасқан, аумағ -ы бойынша әле -м -де тоғызынш -ы орын алатын мемлекет.",0,0.21606382727622986,0,0.0005412919563241303,0,8.218105358537287e-05
Қазақстан Республикасында энергетикалық инфрақұрылымды жаңғырту бойынша жаңа бағдарлама іске қосылды.,0,human,101,long,consumer_reviews,830,Қазақс -тан Республика -сы -нда энергетикалық инфрақұрылы -м -ды жаңғырту бойынша жаңа бағдарлама іске қосылды.,1,0.9807302951812744,0,0.005311200395226479,0,7.047201506793499e-05
Қазақстан Республикасында энергетикалық инфрақұрылымды жаңғырту бойынша жаңа бағдарлама іске қосылды.,0,human,101,long,consumer_reviews,831,Қазақс -тан Республика -сы -нда энергетикалық инфрақұрылы -м -ды жаңғырту бойынша жаңа бағдарлама іске қосылды.,1,0.9807302951812744,0,0.005311200395226479,0,7.047201506793499e-05
"Қазақстан – Орталық Азияда орналасқан, аумағы бойынша әлемде тоғызыншы орын алатын мемлекет.",0,human,92,long,consumer_reviews,832,"Қазақс -тан – Орталық Азия -да орналасқан, аумағ -ы бойынша әле -м -де тоғызынш -ы орын алатын мемлекет.",0,0.21606434881687164,0,0.0005412919563241303,0,8.218105358537287e-05
Қазақстан Республикасында энергетикалық инфрақұрылымды жаңғырту бойынша жаңа бағдарлама іске қосылды.,0,human,101,long,consumer_reviews,833,Қазақс -тан Республика -сы -нда энергетикалық инфрақұрылы -м -ды жаңғырту бойынша жаңа бағдарлама іске қосылды.,1,0.9807302951812744,0,0.005311198066920042,0,7.047201506793499e-05
"Қазақстан – Орталық Азияда орналасқан, аумағы бойынша әлемде тоғызыншы орын алатын мемлекет.",0,human,92,long,consumer_reviews,834,"Қазақс -тан – Орталық Азия -да орналасқан, аумағ -ы бойынша әле -м -де тоғызынш -ы орын алатын мемлекет.",0,0.21606434881687164,0,0.0005412919563241303,0,8.218105358537287e-05
Қазақстан Республикасында энергетикалық инфрақұрылымды жаңғырту бойынша жаңа бағдарлама іске қосылды.,0,human,101,long,consumer_reviews,835,Қазақс -тан Республика -сы -нда энергетикалық инфрақұрылы -м -ды жаңғырту бойынша жаңа бағдарлама іске қосылды.,1,0.9807302951812744,0,0.005311198066920042,0,7.047201506793499e-05
"Қазақстан – Орталық Азияда орналасқан, аумағы бойынша әлемде тоғызыншы орын алатын мемлекет.",0,human,92,long,consumer_reviews,836,"Қазақс -тан – Орталық Азия -да орналасқан, аумағ -ы бойынша әле -м -де тоғызынш -ы орын алатын мемлекет.",0,0.21606434881687164,0,0.0005412919563241303,0,8.218105358537287e-05
"Қазақстан – Орталық Азияда орналасқан, аумағы бойынша әлемде тоғызыншы орын алатын мемлекет.",0,human,92,long,consumer_reviews,837,"Қазақс -тан – Орталық Азия -да орналасқан, аумағ -ы бойынша әле -м -де тоғызынш -ы орын алатын мемлекет.",0,0.21606434881687164,0,0.0005412919563241303,0,8.218105358537287e-05
Қазақстан Республикасында энергетикалық инфрақұрылымды жаңғырту бойынша жаңа бағдарлама іске қосылды.,0,human,101,long,consumer_reviews,838,Қазақс -тан Республика -сы -нда энергетикалық инфрақұрылы -м -ды жаңғырту бойынша жаңа бағдарлама іске қосылды.,1,0.9807302951812744,0,0.005311198066920042,0,7.047201506793499e-05
өте зор екен каспи керек емес деп жүрсем буфетке барып қалтаңа миллион тиын сиғыза алмай жүрсем күшті болды ғой аллаға мың да бір шүкір осы каспи пайда боланына!!!😀,0,human,164,long,consumer_reviews,839,өте зор екен каспи керек емес деп жүрсе -м буфет -ке барып қалтаңа миллион тиын сиғыза алмай жүрсе -м күш -ті бол -ды ғой алла -ға мың да бір шүкір осы каспи пай -да боланына!!!😀,0,0.0007445489172823727,0,0.0004663681611418724,0,0.0002418873191345483
"Қазақстан – Орталық Азияда орналасқан, аумағы бойынша әлемде тоғызыншы орын алатын мемлекет.",0,human,92,long,consumer_reviews,840,"Қазақс -тан – Орталық Азия -да орналасқан, аумағ -ы бойынша әле -м -де тоғызынш -ы орын алатын мемлекет.",0,0.21606434881687164,0,0.0005412919563241303,0,8.218105358537287e-05
"Қазақстан – Орталық Азияда орналасқан, аумағы бойынша әлемде тоғызыншы орын алатын мемлекет.",0,human,92,long,consumer_reviews,841,"Қазақс -тан – Орталық Азия -да орналасқан, аумағ -ы бойынша әле -м -де тоғызынш -ы орын алатын мемлекет.",0,0.21606434881687164,0,0.0005412919563241303,0,8.218105358537287e-05
Қазақстан Республикасында энергетикалық инфрақұрылымды жаңғырту бойынша жаңа бағдарлама іске қосылды.,0,human,101,long,consumer_reviews,842,Қазақс -тан Республика -сы -нда энергетикалық инфрақұрылы -м -ды жаңғырту бойынша жаңа бағдарлама іске қосылды.,1,0.9807302951812744,0,0.005311198066920042,0,7.047201506793499e-05
Қазақстан Республикасында энергетикалық инфрақұрылымды жаңғырту бойынша жаңа бағдарлама іске қосылды.,0,human,101,long,consumer_reviews,843,Қазақс -тан Республика -сы -нда энергетикалық инфрақұрылы -м -ды жаңғырту бойынша жаңа бағдарлама іске қосылды.,1,0.9807302951812744,0,0.005311198066920042,0,7.047201506793499e-05
Қазақстан Республикасында энергетикалық инфрақұрылымды жаңғырту бойынша жаңа бағдарлама іске қосылды.,0,human,101,long,consumer_reviews,844,Қазақс -тан Республика -сы -нда энергетикалық инфрақұрылы -м -ды жаңғырту бойынша жаңа бағдарлама іске қосылды.,1,0.9807302951812744,0,0.005311198066920042,0,7.047201506793499e-05
Қазақстан Республикасында энергетикалық инфрақұрылымды жаңғырту бойынша жаңа бағдарлама іске қосылды.,0,human,101,long,consumer_reviews,845,Қазақс -тан Республика -сы -нда энергетикалық инфрақұрылы -м -ды жаңғырту бойынша жаңа бағдарлама іске қосылды.,1,0.9807302951812744,0,0.005311198066920042,0,7.047201506793499e-05
Қазақстан Республикасында энергетикалық инфрақұрылымды жаңғырту бойынша жаңа бағдарлама іске қосылды.,0,human,101,long,consumer_reviews,846,Қазақс -тан Республика -сы -нда энергетикалық инфрақұрылы -м -ды жаңғырту бойынша жаңа бағдарлама іске қосылды.,1,0.9807302951812744,0,0.005311198066920042,0,7.047201506793499e-05
Қазақстан Республикасында энергетикалық инфрақұрылымды жаңғырту бойынша жаңа бағдарлама іске қосылды.,0,human,101,long,consumer_reviews,847,Қазақс -тан Республика -сы -нда энергетикалық инфрақұрылы -м -ды жаңғырту бойынша жаңа бағдарлама іске қосылды.,1,0.9807302951812744,0,0.005311198066920042,0,7.047201506793499e-05
Қазақстан Республикасында энергетикалық инфрақұрылымды жаңғырту бойынша жаңа бағдарлама іске қосылды.,0,human,101,long,consumer_reviews,848,Қазақс -тан Республика -сы -нда энергетикалық инфрақұрылы -м -ды жаңғырту бойынша жаңа бағдарлама іске қосылды.,1,0.9807302951812744,0,0.005311198066920042,0,7.047201506793499e-05
"Қазақстан – Орталық Азияда орналасқан, аумағы бойынша әлемде тоғызыншы орын алатын мемлекет.",0,human,92,long,consumer_reviews,849,"Қазақс -тан – Орталық Азия -да орналасқан, аумағ -ы бойынша әле -м -де тоғызынш -ы орын алатын мемлекет.",0,0.21606434881687164,0,0.0005412919563241303,0,8.218105358537287e-05
"Қазақстан – Орталық Азияда орналасқан, аумағы бойынша әлемде тоғызыншы орын алатын мемлекет.",0,human,92,long,consumer_reviews,850,"Қазақс -тан – Орталық Азия -да орналасқан, аумағ -ы бойынша әле -м -де тоғызынш -ы орын алатын мемлекет.",0,0.21606434881687164,0,0.0005412919563241303,0,8.218105358537287e-05
Қазақстан Республикасында энергетикалық инфрақұрылымды жаңғырту бойынша жаңа бағдарлама іске қосылды.,0,human,101,long,consumer_reviews,851,Қазақс -тан Республика -сы -нда энергетикалық инфрақұрылы -м -ды жаңғырту бойынша жаңа бағдарлама іске қосылды.,1,0.9807302951812744,0,0.005311198066920042,0,7.047201506793499e-05
Қазақстан Республикасында энергетикалық инфрақұрылымды жаңғырту бойынша жаңа бағдарлама іске қосылды.,0,human,101,long,consumer_reviews,852,Қазақс -тан Республика -сы -нда энергетикалық инфрақұрылы -м -ды жаңғырту бойынша жаңа бағдарлама іске қосылды.,1,0.9807302951812744,0,0.005311198066920042,0,7.047201506793499e-05
Қазақстан Республикасында энергетикалық инфрақұрылымды жаңғырту бойынша жаңа бағдарлама іске қосылды.,0,human,101,long,consumer_reviews,853,Қазақс -тан Республика -сы -нда энергетикалық инфрақұрылы -м -ды жаңғырту бойынша жаңа бағдарлама іске қосылды.,1,0.9807302951812744,0,0.005311198066920042,0,7.047201506793499e-05
"Қазақстан – Орталық Азияда орналасқан, аумағы бойынша әлемде тоғызыншы орын алатын мемлекет.",0,human,92,long,consumer_reviews,854,"Қазақс -тан – Орталық Азия -да орналасқан, аумағ -ы бойынша әле -м -де тоғызынш -ы орын алатын мемлекет.",0,0.21606434881687164,0,0.0005412919563241303,0,8.218105358537287e-05
Қазақстан Республикасында энергетикалық инфрақұрылымды жаңғырту бойынша жаңа бағдарлама іске қосылды.,0,human,101,long,consumer_reviews,855,Қазақс -тан Республика -сы -нда энергетикалық инфрақұрылы -м -ды жаңғырту бойынша жаңа бағдарлама іске қосылды.,1,0.9807302951812744,0,0.005311198066920042,0,7.047201506793499e-05
Қазақстан Республикасында энергетикалық инфрақұрылымды жаңғырту бойынша жаңа бағдарлама іске қосылды.,0,human,101,long,consumer_reviews,856,Қазақс -тан Республика -сы -нда энергетикалық инфрақұрылы -м -ды жаңғырту бойынша жаңа бағдарлама іске қосылды.,1,0.9807302951812744,0,0.005311198066920042,0,7.047201506793499e-05
"Қазақстан – Орталық Азияда орналасқан, аумағы бойынша әлемде тоғызыншы орын алатын мемлекет.",0,human,92,long,consumer_reviews,857,"Қазақс -тан – Орталық Азия -да орналасқан, аумағ -ы бойынша әле -м -де тоғызынш -ы орын алатын мемлекет.",0,0.21606434881687164,0,0.0005412919563241303,0,8.218105358537287e-05
"Қазақстан – Орталық Азияда орналасқан, аумағы бойынша әлемде тоғызыншы орын алатын мемлекет.",0,human,92,long,consumer_reviews,858,"Қазақс -тан – Орталық Азия -да орналасқан, аумағ -ы бойынша әле -м -де тоғызынш -ы орын алатын мемлекет.",0,0.21606434881687164,0,0.0005412919563241303,0,8.218105358537287e-05
Қазақстан Республикасында энергетикалық инфрақұрылымды жаңғырту бойынша жаңа бағдарлама іске қосылды.,0,human,101,long,consumer_reviews,859,Қазақс -тан Республика -сы -нда энергетикалық инфрақұрылы -м -ды жаңғырту бойынша жаңа бағдарлама іске қосылды.,1,0.9807302951812744,0,0.005311198066920042,0,7.047201506793499e-05
"Қазақстан – Орталық Азияда орналасқан, аумағы бойынша әлемде тоғызыншы орын алатын мемлекет.",0,human,92,long,consumer_reviews,860,"Қазақс -тан – Орталық Азия -да орналасқан, аумағ -ы бойынша әле -м -де тоғызынш -ы орын алатын мемлекет.",0,0.21606434881687164,0,0.0005412919563241303,0,8.218105358537287e-05
"Қазақстан – Орталық Азияда орналасқан, аумағы бойынша әлемде тоғызыншы орын алатын мемлекет.",0,human,92,long,consumer_reviews,861,"Қазақс -тан – Орталық Азия -да орналасқан, аумағ -ы бойынша әле -м -де тоғызынш -ы орын алатын мемлекет.",0,0.21606434881687164,0,0.0005412919563241303,0,8.218105358537287e-05
Қазақстан Республикасында энергетикалық инфрақұрылымды жаңғырту бойынша жаңа бағдарлама іске қосылды.,0,human,101,long,consumer_reviews,862,Қазақс -тан Республика -сы -нда энергетикалық инфрақұрылы -м -ды жаңғырту бойынша жаңа бағдарлама іске қосылды.,1,0.9807302951812744,0,0.005311198066920042,0,7.047201506793499e-05
Қазақстан Республикасында энергетикалық инфрақұрылымды жаңғырту бойынша жаңа бағдарлама іске қосылды.,0,human,101,long,consumer_reviews,863,Қазақс -тан Республика -сы -нда энергетикалық инфрақұрылы -м -ды жаңғырту бойынша жаңа бағдарлама іске қосылды.,1,0.9807302951812744,0,0.005311198066920042,0,7.047201506793499e-05
Қазақстан Республикасында энергетикалық инфрақұрылымды жаңғырту бойынша жаңа бағдарлама іске қосылды.,0,human,101,long,consumer_reviews,864,Қазақс -тан Республика -сы -нда энергетикалық инфрақұрылы -м -ды жаңғырту бойынша жаңа бағдарлама іске қосылды.,1,0.9807302951812744,0,0.005311198066920042,0,7.047201506793499e-05
Қазақстан Республикасында энергетикалық инфрақұрылымды жаңғырту бойынша жаңа бағдарлама іске қосылды.,0,human,101,long,consumer_reviews,865,Қазақс -тан Республика -сы -нда энергетикалық инфрақұрылы -м -ды жаңғырту бойынша жаңа бағдарлама іске қосылды.,1,0.9807302951812744,0,0.005311198066920042,0,7.047201506793499e-05
Қазақстан Республикасында энергетикалық инфрақұрылымды жаңғырту бойынша жаңа бағдарлама іске қосылды.,0,human,101,long,consumer_reviews,866,Қазақс -тан Республика -сы -нда энергетикалық инфрақұрылы -м -ды жаңғырту бойынша жаңа бағдарлама іске қосылды.,1,0.9807302951812744,0,0.005311198066920042,0,7.047201506793499e-05
"Қазақстан – Орталық Азияда орналасқан, аумағы бойынша әлемде тоғызыншы орын алатын мемлекет.",0,human,92,long,consumer_reviews,867,"Қазақс -тан – Орталық Азия -да орналасқан, аумағ -ы бойынша әле -м -де тоғызынш -ы орын алатын мемлекет.",0,0.21606434881687164,0,0.0005412919563241303,0,8.218105358537287e-05
"Қазақстан – Орталық Азияда орналасқан, аумағы бойынша әлемде тоғызыншы орын алатын мемлекет.",0,human,92,long,consumer_reviews,868,"Қазақс -тан – Орталық Азия -да орналасқан, аумағ -ы бойынша әле -м -де тоғызынш -ы орын алатын мемлекет.",0,0.21606434881687164,0,0.0005412919563241303,0,8.218105358537287e-05
Қазақстан Республикасында энергетикалық инфрақұрылымды жаңғырту бойынша жаңа бағдарлама іске қосылды.,0,human,101,long,consumer_reviews,869,Қазақс -тан Республика -сы -нда энергетикалық инфрақұрылы -м -ды жаңғырту бойынша жаңа бағдарлама іске қосылды.,1,0.9807302951812744,0,0.005311198066920042,0,7.047201506793499e-05
"Қазақстан – Орталық Азияда орналасқан, аумағы бойынша әлемде тоғызыншы орын алатын мемлекет.",0,human,92,long,consumer_reviews,870,"Қазақс -тан – Орталық Азия -да орналасқан, аумағ -ы бойынша әле -м -де тоғызынш -ы орын алатын мемлекет.",0,0.21606434881687164,0,0.0005412919563241303,0,8.218105358537287e-05
Қазақстан Республикасында энергетикалық инфрақұрылымды жаңғырту бойынша жаңа бағдарлама іске қосылды.,0,human,101,long,consumer_reviews,871,Қазақс -тан Республика -сы -нда энергетикалық инфрақұрылы -м -ды жаңғырту бойынша жаңа бағдарлама іске қосылды.,1,0.9807302951812744,0,0.005311198066920042,0,7.047201506793499e-05
Қазақстан Республикасында энергетикалық инфрақұрылымды жаңғырту бойынша жаңа бағдарлама іске қосылды.,0,human,101,long,consumer_reviews,872,Қазақс -тан Республика -сы -нда энергетикалық инфрақұрылы -м -ды жаңғырту бойынша жаңа бағдарлама іске қосылды.,1,0.9807302951812744,0,0.005311198066920042,0,7.047201506793499e-05
Қазақстан Республикасында энергетикалық инфрақұрылымды жаңғырту бойынша жаңа бағдарлама іске қосылды.,0,human,101,long,consumer_reviews,873,Қазақс -тан Республика -сы -нда энергетикалық инфрақұрылы -м -ды жаңғырту бойынша жаңа бағдарлама іске қосылды.,1,0.9807302951812744,0,0.005311198066920042,0,7.047201506793499e-05
"Қазақстан – Орталық Азияда орналасқан, аумағы бойынша әлемде тоғызыншы орын алатын мемлекет.",0,human,92,long,consumer_reviews,874,"Қазақс -тан – Орталық Азия -да орналасқан, аумағ -ы бойынша әле -м -де тоғызынш -ы орын алатын мемлекет.",0,0.21606434881687164,0,0.0005412919563241303,0,8.218105358537287e-05
"алаяқтар,өтірік алдап ақша алып жоқ болып кетті 1690000 ға 5млн гранд плып берем деп сенбеңдер",0,human,94,long,consumer_reviews,875,"алаяқтар,өтірік алдап ақша алып жоқ болып кет -ті 1690000 ға 5млн гранд плып бере -м деп сенбең -дер",0,0.006786076817661524,0,0.00521590793505311,0,0.0002167159109376371
каспи маған өте қатты ұнайды кез келген уақытта ақша аудара аласың магазиннен зат сатып аласың балаларға арналған каспиде бар тіпті құжаттардады осы каспиден ала бересің 10/10000,0,human,178,long,consumer_reviews,876,каспи маған өте қат -ты ұна -йды кез кел -ген уақыт -та ақша аудара ала -сың магазин -нен зат сатып ала -сың бала -лар -ға арна -лған каспи -де бар тіп -ті құжаттард -ады осы каспи -ден ала бере -сің 10/10000,0,0.0006133952992968261,0,0.000318952021189034,0,0.0001734389370540157
"Қазақстан – Орталық Азияда орналасқан, аумағы бойынша әлемде тоғызыншы орын алатын мемлекет.",0,human,92,long,consumer_reviews,877,"Қазақс -тан – Орталық Азия -да орналасқан, аумағ -ы бойынша әле -м -де тоғызынш -ы орын алатын мемлекет.",0,0.21606434881687164,0,0.0005412919563241303,0,8.218105358537287e-05
"Қазақстан – Орталық Азияда орналасқан, аумағы бойынша әлемде тоғызыншы орын алатын мемлекет.",0,human,92,long,consumer_reviews,878,"Қазақс -тан – Орталық Азия -да орналасқан, аумағ -ы бойынша әле -м -де тоғызынш -ы орын алатын мемлекет.",0,0.21606434881687164,0,0.0005412919563241303,0,8.218105358537287e-05
"Қазақстан – Орталық Азияда орналасқан, аумағы бойынша әлемде тоғызыншы орын алатын мемлекет.",0,human,92,long,consumer_reviews,879,"Қазақс -тан – Орталық Азия -да орналасқан, аумағ -ы бойынша әле -м -де тоғызынш -ы орын алатын мемлекет.",0,0.21606434881687164,0,0.0005412919563241303,0,8.218105358537287e-05
Қазақстан Республикасында энергетикалық инфрақұрылымды жаңғырту бойынша жаңа бағдарлама іске қосылды.,0,human,101,long,consumer_reviews,880,Қазақс -тан Республика -сы -нда энергетикалық инфрақұрылы -м -ды жаңғырту бойынша жаңа бағдарлама іске қосылды.,1,0.9807302951812744,0,0.005311198066920042,0,7.047201506793499e-05
"Қазақстан – Орталық Азияда орналасқан, аумағы бойынша әлемде тоғызыншы орын алатын мемлекет.",0,human,92,long,consumer_reviews,881,"Қазақс -тан – Орталық Азия -да орналасқан, аумағ -ы бойынша әле -м -де тоғызынш -ы орын алатын мемлекет.",0,0.21606434881687164,0,0.0005412919563241303,0,8.218105358537287e-05
"Қазақстан – Орталық Азияда орналасқан, аумағы бойынша әлемде тоғызыншы орын алатын мемлекет.",0,human,92,long,consumer_reviews,882,"Қазақс -тан – Орталық Азия -да орналасқан, аумағ -ы бойынша әле -м -де тоғызынш -ы орын алатын мемлекет.",0,0.21606434881687164,0,0.0005412919563241303,0,8.218105358537287e-05
"Қазақстан – Орталық Азияда орналасқан, аумағы бойынша әлемде тоғызыншы орын алатын мемлекет.",0,human,92,long,consumer_reviews,883,"Қазақс -тан – Орталық Азия -да орналасқан, аумағ -ы бойынша әле -м -де тоғызынш -ы орын алатын мемлекет.",0,0.21606434881687164,0,0.0005412919563241303,0,8.218105358537287e-05
"Қазақстан – Орталық Азияда орналасқан, аумағы бойынша әлемде тоғызыншы орын алатын мемлекет.",0,human,92,long,consumer_reviews,884,"Қазақс -тан – Орталық Азия -да орналасқан, аумағ -ы бойынша әле -м -де тоғызынш -ы орын алатын мемлекет.",0,0.21606434881687164,0,0.0005412919563241303,0,8.218105358537287e-05
"Қазақстан – Орталық Азияда орналасқан, аумағы бойынша әлемде тоғызыншы орын алатын мемлекет.",0,human,92,long,consumer_reviews,885,"Қазақс -тан – Орталық Азия -да орналасқан, аумағ -ы бойынша әле -м -де тоғызынш -ы орын алатын мемлекет.",0,0.21606434881687164,0,0.0005412919563241303,0,8.218105358537287e-05
"Каспи редті клиентке үлкен суммаға ашқызғандарың адамгершілікке жатпайды (недобросовестно). Кішкентай соманы менюдің бір жеріне тығып қойыпсыңдар. Білетін,шұқылайтын адам болмаса қораға кіргізіп тұрсыңдар ғой. Айтса айтты дейсіңдер. Плюсі, жылдам істейді. Барлығын егжей-тегжейімен жасауға тырысады каспи. UPD: бонусқа акция шығарсаңдар,логически ойлаңдаршы кішкене.5 күннің ішінде мен қайдан витаминнің әсерін тез біледі екем ,а???",0,human,432,long,consumer_reviews,886,"Каспи ред -ті клиент -ке үлкен сумма -ға ашқызғандары -ң адамгершілік -ке жатпа -йды (недобросовестно). Кішкентай сома -ны меню -дің бір жер -і -не тығып қойыпсыңдар. Білетін,шұқыла -йтын ада -м болмаса қора -ға кіргізіп тұрсың -дар ғой. Айтса айт -ты дейсіңдер. Плюс -і, жылда -м істейді. Барлығын егжей-тегжей -і -мен жасау -ға тырыс -ады каспи -. UPD: бонус -қа акция шығарсаңдар,логически ойлаңдарш -ы кішкене.5 күн -нің іші -нде мен қай -дан витамин -нің әсерін тез біл -еді еке -м ,а???",0,0.00017697786097414792,0,0.00020433968165889382,0,0.00046771447523497045
"Қазақстан – Орталық Азияда орналасқан, аумағы бойынша әлемде тоғызыншы орын алатын мемлекет.",0,human,92,long,consumer_reviews,887,"Қазақс -тан – Орталық Азия -да орналасқан, аумағ -ы бойынша әле -м -де тоғызынш -ы орын алатын мемлекет.",0,0.21606434881687164,0,0.0005412919563241303,0,8.218105358537287e-05
"алаяқтар,өтірік алдап ақша алып жоқ болып кетті 1690000 ға 5млн гранд плып берем деп сенбеңдер",0,human,94,long,consumer_reviews,888,"алаяқтар,өтірік алдап ақша алып жоқ болып кет -ті 1690000 ға 5млн гранд плып бере -м деп сенбең -дер",0,0.006786076817661524,0,0.00521590793505311,0,0.0002167159109376371
"Қазақстан – Орталық Азияда орналасқан, аумағы бойынша әлемде тоғызыншы орын алатын мемлекет.",0,human,92,long,consumer_reviews,889,"Қазақс -тан – Орталық Азия -да орналасқан, аумағ -ы бойынша әле -м -де тоғызынш -ы орын алатын мемлекет.",0,0.21606434881687164,0,0.0005412919563241303,0,8.218105358537287e-05
"Бүкіл жадты тазалап шықтым! 11 беттік файл ашылмай жатыр, қайтадан жіберулерін де сұрадым😡😡😡 Жазылуға болатын арналар деген тұрмасыншы‼️ Біртүрлі маған ұнамайтын арналар тұр, вообще өшіріп тастау болсыншы соны маған ұсыныстан. Ол арналар мүлде көзіме көрінгенін қаламаймын",0,human,272,long,consumer_reviews,890,"Бүкіл жад -ты тазалап шықтым! 11 беттік файл ашылмай жатыр, қайта -дан жіберулерін де сұрадым😡😡😡 Жазылу -ға бол -атын арна -лар деген тұрмасыншы‼️ Біртүрл -і маған ұнама -йтын арна -лар тұр, вообще өшіріп тастау болсынш -ы сон -ы маған ұсыныстан. Ол арна -лар мүл -де көзіме көрінгенін қаламай -мын",0,0.0016409892123192549,0,0.0003154567675665021,0,0.0003238585777580738
"Қазақстан – Орталық Азияда орналасқан, аумағы бойынша әлемде тоғызыншы орын алатын мемлекет.",0,human,92,long,consumer_reviews,891,"Қазақс -тан – Орталық Азия -да орналасқан, аумағ -ы бойынша әле -м -де тоғызынш -ы орын алатын мемлекет.",0,0.21606434881687164,0,0.0005412919563241303,0,8.218105358537287e-05
Қазақстан Республикасында энергетикалық инфрақұрылымды жаңғырту бойынша жаңа бағдарлама іске қосылды.,0,human,101,long,consumer_reviews,892,Қазақс -тан Республика -сы -нда энергетикалық инфрақұрылы -м -ды жаңғырту бойынша жаңа бағдарлама іске қосылды.,1,0.9807302951812744,0,0.005311198066920042,0,7.047201506793499e-05
Қазақстан Республикасында энергетикалық инфрақұрылымды жаңғырту бойынша жаңа бағдарлама іске қосылды.,0,human,101,long,consumer_reviews,893,Қазақс -тан Республика -сы -нда энергетикалық инфрақұрылы -м -ды жаңғырту бойынша жаңа бағдарлама іске қосылды.,1,0.9807302951812744,0,0.005311198066920042,0,7.047201506793499e-05
"Қазақстан – Орталық Азияда орналасқан, аумағы бойынша әлемде тоғызыншы орын алатын мемлекет.",0,human,92,long,consumer_reviews,894,"Қазақс -тан – Орталық Азия -да орналасқан, аумағ -ы бойынша әле -м -де тоғызынш -ы орын алатын мемлекет.",0,0.21606434881687164,0,0.0005412919563241303,0,8.218105358537287e-05
Қазақстан Республикасында энергетикалық инфрақұрылымды жаңғырту бойынша жаңа бағдарлама іске қосылды.,0,human,101,long,consumer_reviews,895,Қазақс -тан Республика -сы -нда энергетикалық инфрақұрылы -м -ды жаңғырту бойынша жаңа бағдарлама іске қосылды.,1,0.9807302951812744,0,0.005311198066920042,0,7.047201506793499e-05
Қазақстан Республикасында энергетикалық инфрақұрылымды жаңғырту бойынша жаңа бағдарлама іске қосылды.,0,human,101,long,consumer_reviews,896,Қазақс -тан Республика -сы -нда энергетикалық инфрақұрылы -м -ды жаңғырту бойынша жаңа бағдарлама іске қосылды.,1,0.9807302951812744,0,0.005311200395226479,0,7.047201506793499e-05
Қазақстан Республикасында энергетикалық инфрақұрылымды жаңғырту бойынша жаңа бағдарлама іске қосылды.,0,human,101,long,consumer_reviews,897,Қазақс -тан Республика -сы -нда энергетикалық инфрақұрылы -м -ды жаңғырту бойынша жаңа бағдарлама іске қосылды.,1,0.9807302951812744,0,0.005311200395226479,0,7.047201506793499e-05
"Қазақстан – Орталық Азияда орналасқан, аумағы бойынша әлемде тоғызыншы орын алатын мемлекет.",0,human,92,long,consumer_reviews,898,"Қазақс -тан – Орталық Азия -да орналасқан, аумағ -ы бойынша әле -м -де тоғызынш -ы орын алатын мемлекет.",0,0.21606434881687164,0,0.0005412919563241303,0,8.218105358537287e-05
"Қазақстан – Орталық Азияда орналасқан, аумағы бойынша әлемде тоғызыншы орын алатын мемлекет.",0,human,92,long,consumer_reviews,899,"Қазақс -тан – Орталық Азия -да орналасқан, аумағ -ы бойынша әле -м -де тоғызынш -ы орын алатын мемлекет.",0,0.21606434881687164,0,0.0005412919563241303,0,8.218105358537287e-05
Қазақстан Республикасында энергетикалық инфрақұрылымды жаңғырту бойынша жаңа бағдарлама іске қосылды.,0,human,101,long,consumer_reviews,900,Қазақс -тан Республика -сы -нда энергетикалық инфрақұрылы -м -ды жаңғырту бойынша жаңа бағдарлама іске қосылды.,1,0.9807302951812744,0,0.005311200395226479,0,7.047201506793499e-05
Қазақстан Республикасында энергетикалық инфрақұрылымды жаңғырту бойынша жаңа бағдарлама іске қосылды.,0,human,101,long,consumer_reviews,901,Қазақс -тан Республика -сы -нда энергетикалық инфрақұрылы -м -ды жаңғырту бойынша жаңа бағдарлама іске қосылды.,1,0.9807302951812744,0,0.005311200395226479,0,7.047201506793499e-05
"Қазақстан – Орталық Азияда орналасқан, аумағы бойынша әлемде тоғызыншы орын алатын мемлекет.",0,human,92,long,consumer_reviews,902,"Қазақс -тан – Орталық Азия -да орналасқан, аумағ -ы бойынша әле -м -де тоғызынш -ы орын алатын мемлекет.",0,0.21606434881687164,0,0.0005412919563241303,0,8.218105358537287e-05
"Қазақстан – Орталық Азияда орналасқан, аумағы бойынша әлемде тоғызыншы орын алатын мемлекет.",0,human,92,long,consumer_reviews,903,"Қазақс -тан – Орталық Азия -да орналасқан, аумағ -ы бойынша әле -м -де тоғызынш -ы орын алатын мемлекет.",0,0.21606434881687164,0,0.0005412919563241303,0,8.218105358537287e-05
Қазақстан Республикасында энергетикалық инфрақұрылымды жаңғырту бойынша жаңа бағдарлама іске қосылды.,0,human,101,long,consumer_reviews,904,Қазақс -тан Республика -сы -нда энергетикалық инфрақұрылы -м -ды жаңғырту бойынша жаңа бағдарлама іске қосылды.,1,0.9807302951812744,0,0.005311200395226479,0,7.047201506793499e-05
"Қазақстан – Орталық Азияда орналасқан, аумағы бойынша әлемде тоғызыншы орын алатын мемлекет.",0,human,92,long,consumer_reviews,905,"Қазақс -тан – Орталық Азия -да орналасқан, аумағ -ы бойынша әле -м -де тоғызынш -ы орын алатын мемлекет.",0,0.21606434881687164,0,0.0005412919563241303,0,8.218105358537287e-05
Қазақстан Республикасында энергетикалық инфрақұрылымды жаңғырту бойынша жаңа бағдарлама іске қосылды.,0,human,101,long,consumer_reviews,906,Қазақс -тан Республика -сы -нда энергетикалық инфрақұрылы -м -ды жаңғырту бойынша жаңа бағдарлама іске қосылды.,1,0.9807302951812744,0,0.005311200395226479,0,7.047201506793499e-05
Қазақстан Республикасында энергетикалық инфрақұрылымды жаңғырту бойынша жаңа бағдарлама іске қосылды.,0,human,101,long,consumer_reviews,907,Қазақс -тан Республика -сы -нда энергетикалық инфрақұрылы -м -ды жаңғырту бойынша жаңа бағдарлама іске қосылды.,1,0.9807302951812744,0,0.005311200395226479,0,7.047201506793499e-05
Қазақстан Республикасында энергетикалық инфрақұрылымды жаңғырту бойынша жаңа бағдарлама іске қосылды.,0,human,101,long,consumer_reviews,908,Қазақс -тан Республика -сы -нда энергетикалық инфрақұрылы -м -ды жаңғырту бойынша жаңа бағдарлама іске қосылды.,1,0.9807302951812744,0,0.005311200395226479,0,7.047201506793499e-05
Қазақстан Республикасында энергетикалық инфрақұрылымды жаңғырту бойынша жаңа бағдарлама іске қосылды.,0,human,101,long,consumer_reviews,909,Қазақс -тан Республика -сы -нда энергетикалық инфрақұрылы -м -ды жаңғырту бойынша жаңа бағдарлама іске қосылды.,1,0.9807302951812744,0,0.005311200395226479,0,7.047201506793499e-05
Қазақстан Республикасында энергетикалық инфрақұрылымды жаңғырту бойынша жаңа бағдарлама іске қосылды.,0,human,101,long,consumer_reviews,910,Қазақс -тан Республика -сы -нда энергетикалық инфрақұрылы -м -ды жаңғырту бойынша жаңа бағдарлама іске қосылды.,1,0.9807302951812744,0,0.005311200395226479,0,7.047201506793499e-05
Қазақстан Республикасында энергетикалық инфрақұрылымды жаңғырту бойынша жаңа бағдарлама іске қосылды.,0,human,101,long,consumer_reviews,911,Қазақс -тан Республика -сы -нда энергетикалық инфрақұрылы -м -ды жаңғырту бойынша жаңа бағдарлама іске қосылды.,1,0.9807302951812744,0,0.005311200395226479,0,7.047201506793499e-05
"Қазақстан – Орталық Азияда орналасқан, аумағы бойынша әлемде тоғызыншы орын алатын мемлекет.",0,human,92,long,consumer_reviews,912,"Қазақс -тан – Орталық Азия -да орналасқан, аумағ -ы бойынша әле -м -де тоғызынш -ы орын алатын мемлекет.",0,0.21606434881687164,0,0.0005412919563241303,0,8.218105358537287e-05
"Қазақстан – Орталық Азияда орналасқан, аумағы бойынша әлемде тоғызыншы орын алатын мемлекет.",0,human,92,long,consumer_reviews,913,"Қазақс -тан – Орталық Азия -да орналасқан, аумағ -ы бойынша әле -м -де тоғызынш -ы орын алатын мемлекет.",0,0.21606434881687164,0,0.0005412919563241303,0,8.218105358537287e-05
Қазақстан Республикасында энергетикалық инфрақұрылымды жаңғырту бойынша жаңа бағдарлама іске қосылды.,0,human,101,long,consumer_reviews,914,Қазақс -тан Республика -сы -нда энергетикалық инфрақұрылы -м -ды жаңғырту бойынша жаңа бағдарлама іске қосылды.,1,0.9807302951812744,0,0.005311200395226479,0,7.047201506793499e-05
"Қазақстан – Орталық Азияда орналасқан, аумағы бойынша әлемде тоғызыншы орын алатын мемлекет.",0,human,92,long,consumer_reviews,915,"Қазақс -тан – Орталық Азия -да орналасқан, аумағ -ы бойынша әле -м -де тоғызынш -ы орын алатын мемлекет.",0,0.21606434881687164,0,0.0005412919563241303,0,8.218105358537287e-05
Қазақстан Республикасында энергетикалық инфрақұрылымды жаңғырту бойынша жаңа бағдарлама іске қосылды.,0,human,101,long,consumer_reviews,916,Қазақс -тан Республика -сы -нда энергетикалық инфрақұрылы -м -ды жаңғырту бойынша жаңа бағдарлама іске қосылды.,1,0.9807302951812744,0,0.005311200395226479,0,7.047201506793499e-05
Қазақстан Республикасында энергетикалық инфрақұрылымды жаңғырту бойынша жаңа бағдарлама іске қосылды.,0,human,101,long,consumer_reviews,917,Қазақс -тан Республика -сы -нда энергетикалық инфрақұрылы -м -ды жаңғырту бойынша жаңа бағдарлама іске қосылды.,1,0.9807302951812744,0,0.005311200395226479,0,7.047201506793499e-05
Қазақстан Республикасында энергетикалық инфрақұрылымды жаңғырту бойынша жаңа бағдарлама іске қосылды.,0,human,101,long,consumer_reviews,918,Қазақс -тан Республика -сы -нда энергетикалық инфрақұрылы -м -ды жаңғырту бойынша жаңа бағдарлама іске қосылды.,1,0.9807302951812744,0,0.005311200395226479,0,7.047201506793499e-05
"Қазақстан – Орталық Азияда орналасқан, аумағы бойынша әлемде тоғызыншы орын алатын мемлекет.",0,human,92,long,consumer_reviews,919,"Қазақс -тан – Орталық Азия -да орналасқан, аумағ -ы бойынша әле -м -де тоғызынш -ы орын алатын мемлекет.",0,0.21606434881687164,0,0.0005412919563241303,0,8.218105358537287e-05
Қазақстан Республикасында энергетикалық инфрақұрылымды жаңғырту бойынша жаңа бағдарлама іске қосылды.,0,human,101,long,consumer_reviews,920,Қазақс -тан Республика -сы -нда энергетикалық инфрақұрылы -м -ды жаңғырту бойынша жаңа бағдарлама іске қосылды.,1,0.9807302951812744,0,0.005311200395226479,0,7.047201506793499e-05
"Қазақстан – Орталық Азияда орналасқан, аумағы бойынша әлемде тоғызыншы орын алатын мемлекет.",0,human,92,long,consumer_reviews,921,"Қазақс -тан – Орталық Азия -да орналасқан, аумағ -ы бойынша әле -м -де тоғызынш -ы орын алатын мемлекет.",0,0.21606434881687164,0,0.0005412919563241303,0,8.218105358537287e-05
Қазақстан Республикасында энергетикалық инфрақұрылымды жаңғырту бойынша жаңа бағдарлама іске қосылды.,0,human,101,long,consumer_reviews,922,Қазақс -тан Республика -сы -нда энергетикалық инфрақұрылы -м -ды жаңғырту бойынша жаңа бағдарлама іске қосылды.,1,0.9807302951812744,0,0.005311200395226479,0,7.047201506793499e-05
өте зор екен каспи керек емес деп жүрсем буфетке барып қалтаңа миллион тиын сиғыза алмай жүрсем күшті болды ғой аллаға мың да бір шүкір осы каспи пайда боланына!!!😀,0,human,164,long,consumer_reviews,923,өте зор екен каспи керек емес деп жүрсе -м буфет -ке барып қалтаңа миллион тиын сиғыза алмай жүрсе -м күш -ті бол -ды ғой алла -ға мың да бір шүкір осы каспи пай -да боланына!!!😀,0,0.0007445489172823727,0,0.0004663681611418724,0,0.0002418873191345483
"Қазақстан – Орталық Азияда орналасқан, аумағы бойынша әлемде тоғызыншы орын алатын мемлекет.",0,human,92,long,consumer_reviews,924,"Қазақс -тан – Орталық Азия -да орналасқан, аумағ -ы бойынша әле -м -де тоғызынш -ы орын алатын мемлекет.",0,0.21606434881687164,0,0.0005412919563241303,0,8.218105358537287e-05
Қазақстан Республикасында энергетикалық инфрақұрылымды жаңғырту бойынша жаңа бағдарлама іске қосылды.,0,human,101,long,consumer_reviews,925,Қазақс -тан Республика -сы -нда энергетикалық инфрақұрылы -м -ды жаңғырту бойынша жаңа бағдарлама іске қосылды.,1,0.9807302951812744,0,0.005311200395226479,0,7.047201506793499e-05
"Қазақстан – Орталық Азияда орналасқан, аумағы бойынша әлемде тоғызыншы орын алатын мемлекет.",0,human,92,long,consumer_reviews,926,"Қазақс -тан – Орталық Азия -да орналасқан, аумағ -ы бойынша әле -м -де тоғызынш -ы орын алатын мемлекет.",0,0.21606434881687164,0,0.0005412919563241303,0,8.218105358537287e-05
Қазақстан Республикасында энергетикалық инфрақұрылымды жаңғырту бойынша жаңа бағдарлама іске қосылды.,0,human,101,long,consumer_reviews,927,Қазақс -тан Республика -сы -нда энергетикалық инфрақұрылы -м -ды жаңғырту бойынша жаңа бағдарлама іске қосылды.,1,0.9807302951812744,0,0.005311200395226479,0,7.047201506793499e-05
өте зор екен каспи керек емес деп жүрсем буфетке барып қалтаңа миллион тиын сиғыза алмай жүрсем күшті болды ғой аллаға мың да бір шүкір осы каспи пайда боланына!!!😀,0,human,164,long,consumer_reviews,928,өте зор екен каспи керек емес деп жүрсе -м буфет -ке барып қалтаңа миллион тиын сиғыза алмай жүрсе -м күш -ті бол -ды ғой алла -ға мың да бір шүкір осы каспи пай -да боланына!!!😀,0,0.0007445489172823727,0,0.0004663681611418724,0,0.0002418873191345483
"Қазақстан – Орталық Азияда орналасқан, аумағы бойынша әлемде тоғызыншы орын алатын мемлекет.",0,human,92,long,consumer_reviews,929,"Қазақс -тан – Орталық Азия -да орналасқан, аумағ -ы бойынша әле -м -де тоғызынш -ы орын алатын мемлекет.",0,0.21606434881687164,0,0.0005412919563241303,0,8.218105358537287e-05
Қазақстан Республикасында энергетикалық инфрақұрылымды жаңғырту бойынша жаңа бағдарлама іске қосылды.,0,human,101,long,consumer_reviews,930,Қазақс -тан Республика -сы -нда энергетикалық инфрақұрылы -м -ды жаңғырту бойынша жаңа бағдарлама іске қосылды.,1,0.9807302951812744,0,0.005311200395226479,0,7.047201506793499e-05
"Қазақстан – Орталық Азияда орналасқан, аумағы бойынша әлемде тоғызыншы орын алатын мемлекет.",0,human,92,long,consumer_reviews,931,"Қазақс -тан – Орталық Азия -да орналасқан, аумағ -ы бойынша әле -м -де тоғызынш -ы орын алатын мемлекет.",0,0.21606434881687164,0,0.0005412919563241303,0,8.218105358537287e-05
Қазақстан Республикасында энергетикалық инфрақұрылымды жаңғырту бойынша жаңа бағдарлама іске қосылды.,0,human,101,long,consumer_reviews,932,Қазақс -тан Республика -сы -нда энергетикалық инфрақұрылы -м -ды жаңғырту бойынша жаңа бағдарлама іске қосылды.,1,0.9807302951812744,0,0.005311200395226479,0,7.047201506793499e-05
"Қазақстан – Орталық Азияда орналасқан, аумағы бойынша әлемде тоғызыншы орын алатын мемлекет.",0,human,92,long,consumer_reviews,933,"Қазақс -тан – Орталық Азия -да орналасқан, аумағ -ы бойынша әле -м -де тоғызынш -ы орын алатын мемлекет.",0,0.21606434881687164,0,0.0005412919563241303,0,8.218105358537287e-05
"Қазақстан – Орталық Азияда орналасқан, аумағы бойынша әлемде тоғызыншы орын алатын мемлекет.",0,human,92,long,consumer_reviews,934,"Қазақс -тан – Орталық Азия -да орналасқан, аумағ -ы бойынша әле -м -де тоғызынш -ы орын алатын мемлекет.",0,0.21606434881687164,0,0.0005412919563241303,0,8.218105358537287e-05
"Қазақстан – Орталық Азияда орналасқан, аумағы бойынша әлемде тоғызыншы орын алатын мемлекет.",0,human,92,long,consumer_reviews,935,"Қазақс -тан – Орталық Азия -да орналасқан, аумағ -ы бойынша әле -м -де тоғызынш -ы орын алатын мемлекет.",0,0.21606434881687164,0,0.0005412919563241303,0,8.218105358537287e-05
"Қазақстан – Орталық Азияда орналасқан, аумағы бойынша әлемде тоғызыншы орын алатын мемлекет.",0,human,92,long,consumer_reviews,936,"Қазақс -тан – Орталық Азия -да орналасқан, аумағ -ы бойынша әле -м -де тоғызынш -ы орын алатын мемлекет.",0,0.21606434881687164,0,0.0005412919563241303,0,8.218105358537287e-05
Қазақстан Республикасында энергетикалық инфрақұрылымды жаңғырту бойынша жаңа бағдарлама іске қосылды.,0,human,101,long,consumer_reviews,937,Қазақс -тан Республика -сы -нда энергетикалық инфрақұрылы -м -ды жаңғырту бойынша жаңа бағдарлама іске қосылды.,1,0.9807302951812744,0,0.005311200395226479,0,7.047201506793499e-05
Қазақстан Республикасында энергетикалық инфрақұрылымды жаңғырту бойынша жаңа бағдарлама іске қосылды.,0,human,101,long,consumer_reviews,938,Қазақс -тан Республика -сы -нда энергетикалық инфрақұрылы -м -ды жаңғырту бойынша жаңа бағдарлама іске қосылды.,1,0.9807302951812744,0,0.005311200395226479,0,7.047201506793499e-05
Қазақстан Республикасында энергетикалық инфрақұрылымды жаңғырту бойынша жаңа бағдарлама іске қосылды.,0,human,101,long,consumer_reviews,939,Қазақс -тан Республика -сы -нда энергетикалық инфрақұрылы -м -ды жаңғырту бойынша жаңа бағдарлама іске қосылды.,1,0.9807302951812744,0,0.005311200395226479,0,7.047201506793499e-05
Қазақстан Республикасында энергетикалық инфрақұрылымды жаңғырту бойынша жаңа бағдарлама іске қосылды.,0,human,101,long,consumer_reviews,940,Қазақс -тан Республика -сы -нда энергетикалық инфрақұрылы -м -ды жаңғырту бойынша жаңа бағдарлама іске қосылды.,1,0.9807302951812744,0,0.005311200395226479,0,7.047201506793499e-05
Қазақстан Республикасында энергетикалық инфрақұрылымды жаңғырту бойынша жаңа бағдарлама іске қосылды.,0,human,101,long,consumer_reviews,941,Қазақс -тан Республика -сы -нда энергетикалық инфрақұрылы -м -ды жаңғырту бойынша жаңа бағдарлама іске қосылды.,1,0.9807302951812744,0,0.005311200395226479,0,7.047201506793499e-05
"Қазақстан – Орталық Азияда орналасқан, аумағы бойынша әлемде тоғызыншы орын алатын мемлекет.",0,human,92,long,consumer_reviews,942,"Қазақс -тан – Орталық Азия -да орналасқан, аумағ -ы бойынша әле -м -де тоғызынш -ы орын алатын мемлекет.",0,0.21606434881687164,0,0.0005412919563241303,0,8.218105358537287e-05
Қазақстан Республикасында энергетикалық инфрақұрылымды жаңғырту бойынша жаңа бағдарлама іске қосылды.,0,human,101,long,consumer_reviews,943,Қазақс -тан Республика -сы -нда энергетикалық инфрақұрылы -м -ды жаңғырту бойынша жаңа бағдарлама іске қосылды.,1,0.9807302951812744,0,0.005311200395226479,0,7.047201506793499e-05
"Қазақстан – Орталық Азияда орналасқан, аумағы бойынша әлемде тоғызыншы орын алатын мемлекет.",0,human,92,long,consumer_reviews,944,"Қазақс -тан – Орталық Азия -да орналасқан, аумағ -ы бойынша әле -м -де тоғызынш -ы орын алатын мемлекет.",0,0.21606434881687164,0,0.0005412919563241303,0,8.218105358537287e-05
"Қазақстан – Орталық Азияда орналасқан, аумағы бойынша әлемде тоғызыншы орын алатын мемлекет.",0,human,92,long,consumer_reviews,945,"Қазақс -тан – Орталық Азия -да орналасқан, аумағ -ы бойынша әле -м -де тоғызынш -ы орын алатын мемлекет.",0,0.21606434881687164,0,0.0005412919563241303,0,8.218105358537287e-05
Қазақстан Республикасында энергетикалық инфрақұрылымды жаңғырту бойынша жаңа бағдарлама іске қосылды.,0,human,101,long,consumer_reviews,946,Қазақс -тан Республика -сы -нда энергетикалық инфрақұрылы -м -ды жаңғырту бойынша жаңа бағдарлама іске қосылды.,1,0.9807302951812744,0,0.005311200395226479,0,7.047201506793499e-05
өте зор екен каспи керек емес деп жүрсем буфетке барып қалтаңа миллион тиын сиғыза алмай жүрсем күшті болды ғой аллаға мың да бір шүкір осы каспи пайда боланына!!!😀,0,human,164,long,consumer_reviews,947,өте зор екен каспи керек емес деп жүрсе -м буфет -ке барып қалтаңа миллион тиын сиғыза алмай жүрсе -м күш -ті бол -ды ғой алла -ға мың да бір шүкір осы каспи пай -да боланына!!!😀,0,0.0007445489172823727,0,0.0004663681611418724,0,0.0002418873191345483
"Қазақстан – Орталық Азияда орналасқан, аумағы бойынша әлемде тоғызыншы орын алатын мемлекет.",0,human,92,long,consumer_reviews,948,"Қазақс -тан – Орталық Азия -да орналасқан, аумағ -ы бойынша әле -м -де тоғызынш -ы орын алатын мемлекет.",0,0.21606434881687164,0,0.0005412919563241303,0,8.218105358537287e-05
"Қазақстан – Орталық Азияда орналасқан, аумағы бойынша әлемде тоғызыншы орын алатын мемлекет.",0,human,92,long,consumer_reviews,949,"Қазақс -тан – Орталық Азия -да орналасқан, аумағ -ы бойынша әле -м -де тоғызынш -ы орын алатын мемлекет.",0,0.21606434881687164,0,0.0005412919563241303,0,8.218105358537287e-05
"Қазақстан – Орталық Азияда орналасқан, аумағы бойынша әлемде тоғызыншы орын алатын мемлекет.",0,human,92,long,consumer_reviews,950,"Қазақс -тан – Орталық Азия -да орналасқан, аумағ -ы бойынша әле -м -де тоғызынш -ы орын алатын мемлекет.",0,0.21606434881687164,0,0.0005412919563241303,0,8.218105358537287e-05
"Қазақстан – Орталық Азияда орналасқан, аумағы бойынша әлемде тоғызыншы орын алатын мемлекет.",0,human,92,long,consumer_reviews,951,"Қазақс -тан – Орталық Азия -да орналасқан, аумағ -ы бойынша әле -м -де тоғызынш -ы орын алатын мемлекет.",0,0.21606434881687164,0,0.0005412919563241303,0,8.218105358537287e-05
"Қазақстан – Орталық Азияда орналасқан, аумағы бойынша әлемде тоғызыншы орын алатын мемлекет.",0,human,92,long,consumer_reviews,952,"Қазақс -тан – Орталық Азия -да орналасқан, аумағ -ы бойынша әле -м -де тоғызынш -ы орын алатын мемлекет.",0,0.21606434881687164,0,0.0005412919563241303,0,8.218105358537287e-05
Қазақстан Республикасында энергетикалық инфрақұрылымды жаңғырту бойынша жаңа бағдарлама іске қосылды.,0,human,101,long,consumer_reviews,953,Қазақс -тан Республика -сы -нда энергетикалық инфрақұрылы -м -ды жаңғырту бойынша жаңа бағдарлама іске қосылды.,1,0.9807302951812744,0,0.005311200395226479,0,7.047201506793499e-05
"Қазақстан – Орталық Азияда орналасқан, аумағы бойынша әлемде тоғызыншы орын алатын мемлекет.",0,human,92,long,consumer_reviews,954,"Қазақс -тан – Орталық Азия -да орналасқан, аумағ -ы бойынша әле -м -де тоғызынш -ы орын алатын мемлекет.",0,0.21606434881687164,0,0.0005412919563241303,0,8.218105358537287e-05
Қазақстан Республикасында энергетикалық инфрақұрылымды жаңғырту бойынша жаңа бағдарлама іске қосылды.,0,human,101,long,consumer_reviews,955,Қазақс -тан Республика -сы -нда энергетикалық инфрақұрылы -м -ды жаңғырту бойынша жаңа бағдарлама іске қосылды.,1,0.9807302951812744,0,0.005311200395226479,0,7.047201506793499e-05
Қазақстан Республикасында энергетикалық инфрақұрылымды жаңғырту бойынша жаңа бағдарлама іске қосылды.,0,human,101,long,consumer_reviews,956,Қазақс -тан Республика -сы -нда энергетикалық инфрақұрылы -м -ды жаңғырту бойынша жаңа бағдарлама іске қосылды.,1,0.9807302951812744,0,0.005311200395226479,0,7.047201506793499e-05
"Қазақстан – Орталық Азияда орналасқан, аумағы бойынша әлемде тоғызыншы орын алатын мемлекет.",0,human,92,long,consumer_reviews,957,"Қазақс -тан – Орталық Азия -да орналасқан, аумағ -ы бойынша әле -м -де тоғызынш -ы орын алатын мемлекет.",0,0.21606434881687164,0,0.0005412919563241303,0,8.218105358537287e-05
"Қазақстан – Орталық Азияда орналасқан, аумағы бойынша әлемде тоғызыншы орын алатын мемлекет.",0,human,92,long,consumer_reviews,958,"Қазақс -тан – Орталық Азия -да орналасқан, аумағ -ы бойынша әле -м -де тоғызынш -ы орын алатын мемлекет.",0,0.21606434881687164,0,0.0005412919563241303,0,8.218105358537287e-05
"Қазақстан – Орталық Азияда орналасқан, аумағы бойынша әлемде тоғызыншы орын алатын мемлекет.",0,human,92,long,consumer_reviews,959,"Қазақс -тан – Орталық Азия -да орналасқан, аумағ -ы бойынша әле -м -де тоғызынш -ы орын алатын мемлекет.",0,0.21606434881687164,0,0.0005412919563241303,0,8.218105358537287e-05
"Бүкіл жадты тазалап шықтым! 11 беттік файл ашылмай жатыр, қайтадан жіберулерін де сұрадым😡😡😡 Жазылуға болатын арналар деген тұрмасыншы‼️ Біртүрлі маған ұнамайтын арналар тұр, вообще өшіріп тастау болсыншы соны маған ұсыныстан. Ол арналар мүлде көзіме көрінгенін қаламаймын",0,human,272,long,consumer_reviews,960,"Бүкіл жад -ты тазалап шықтым! 11 беттік файл ашылмай жатыр, қайта -дан жіберулерін де сұрадым😡😡😡 Жазылу -ға бол -атын арна -лар деген тұрмасыншы‼️ Біртүрл -і маған ұнама -йтын арна -лар тұр, вообще өшіріп тастау болсынш -ы сон -ы маған ұсыныстан. Ол арна -лар мүл -де көзіме көрінгенін қаламай -мын",0,0.0016409922391176224,0,0.0003154567675665021,0,0.0003238585777580738
Қазақстан Республикасында энергетикалық инфрақұрылымды жаңғырту бойынша жаңа бағдарлама іске қосылды.,0,human,101,long,consumer_reviews,961,Қазақс -тан Республика -сы -нда энергетикалық инфрақұрылы -м -ды жаңғырту бойынша жаңа бағдарлама іске қосылды.,1,0.9807302951812744,0,0.005311198066920042,0,7.047201506793499e-05
"Қазақстан – Орталық Азияда орналасқан, аумағы бойынша әлемде тоғызыншы орын алатын мемлекет.",0,human,92,long,consumer_reviews,962,"Қазақс -тан – Орталық Азия -да орналасқан, аумағ -ы бойынша әле -м -де тоғызынш -ы орын алатын мемлекет.",0,0.21606430411338806,0,0.0005412919563241303,0,8.218105358537287e-05
"Қазақстан – Орталық Азияда орналасқан, аумағы бойынша әлемде тоғызыншы орын алатын мемлекет.",0,human,92,long,consumer_reviews,963,"Қазақс -тан – Орталық Азия -да орналасқан, аумағ -ы бойынша әле -м -де тоғызынш -ы орын алатын мемлекет.",0,0.21606430411338806,0,0.0005412919563241303,0,8.218105358537287e-05
"Қазақстан – Орталық Азияда орналасқан, аумағы бойынша әлемде тоғызыншы орын алатын мемлекет.",0,human,92,long,consumer_reviews,964,"Қазақс -тан – Орталық Азия -да орналасқан, аумағ -ы бойынша әле -м -де тоғызынш -ы орын алатын мемлекет.",0,0.21606430411338806,0,0.0005412919563241303,0,8.218105358537287e-05
Қазақстан Республикасында энергетикалық инфрақұрылымды жаңғырту бойынша жаңа бағдарлама іске қосылды.,0,human,101,long,consumer_reviews,965,Қазақс -тан Республика -сы -нда энергетикалық инфрақұрылы -м -ды жаңғырту бойынша жаңа бағдарлама іске қосылды.,1,0.9807302951812744,0,0.005311198066920042,0,7.047201506793499e-05
"Қазақстан – Орталық Азияда орналасқан, аумағы бойынша әлемде тоғызыншы орын алатын мемлекет.",0,human,92,long,consumer_reviews,966,"Қазақс -тан – Орталық Азия -да орналасқан, аумағ -ы бойынша әле -м -де тоғызынш -ы орын алатын мемлекет.",0,0.21606430411338806,0,0.0005412919563241303,0,8.218105358537287e-05
Қазақстан Республикасында энергетикалық инфрақұрылымды жаңғырту бойынша жаңа бағдарлама іске қосылды.,0,human,101,long,consumer_reviews,967,Қазақс -тан Республика -сы -нда энергетикалық инфрақұрылы -м -ды жаңғырту бойынша жаңа бағдарлама іске қосылды.,1,0.9807302951812744,0,0.005311198066920042,0,7.047201506793499e-05
"Қазақстан – Орталық Азияда орналасқан, аумағы бойынша әлемде тоғызыншы орын алатын мемлекет.",0,human,92,long,consumer_reviews,968,"Қазақс -тан – Орталық Азия -да орналасқан, аумағ -ы бойынша әле -м -де тоғызынш -ы орын алатын мемлекет.",0,0.21606430411338806,0,0.0005412919563241303,0,8.218105358537287e-05
Қазақстан Республикасында энергетикалық инфрақұрылымды жаңғырту бойынша жаңа бағдарлама іске қосылды.,0,human,101,long,consumer_reviews,969,Қазақс -тан Республика -сы -нда энергетикалық инфрақұрылы -м -ды жаңғырту бойынша жаңа бағдарлама іске қосылды.,1,0.9807302951812744,0,0.005311198066920042,0,7.047201506793499e-05
Қазақстан Республикасында энергетикалық инфрақұрылымды жаңғырту бойынша жаңа бағдарлама іске қосылды.,0,human,101,long,consumer_reviews,970,Қазақс -тан Республика -сы -нда энергетикалық инфрақұрылы -м -ды жаңғырту бойынша жаңа бағдарлама іске қосылды.,1,0.9807302951812744,0,0.005311198066920042,0,7.047201506793499e-05
Қазақстан Республикасында энергетикалық инфрақұрылымды жаңғырту бойынша жаңа бағдарлама іске қосылды.,0,human,101,long,consumer_reviews,971,Қазақс -тан Республика -сы -нда энергетикалық инфрақұрылы -м -ды жаңғырту бойынша жаңа бағдарлама іске қосылды.,1,0.9807302951812744,0,0.005311198066920042,0,7.047201506793499e-05
"Қазақстан – Орталық Азияда орналасқан, аумағы бойынша әлемде тоғызыншы орын алатын мемлекет.",0,human,92,long,consumer_reviews,972,"Қазақс -тан – Орталық Азия -да орналасқан, аумағ -ы бойынша әле -м -де тоғызынш -ы орын алатын мемлекет.",0,0.21606430411338806,0,0.0005412919563241303,0,8.218105358537287e-05
Қазақстан Республикасында энергетикалық инфрақұрылымды жаңғырту бойынша жаңа бағдарлама іске қосылды.,0,human,101,long,consumer_reviews,973,Қазақс -тан Республика -сы -нда энергетикалық инфрақұрылы -м -ды жаңғырту бойынша жаңа бағдарлама іске қосылды.,1,0.9807302951812744,0,0.005311198066920042,0,7.047201506793499e-05
Қазақстан Республикасында энергетикалық инфрақұрылымды жаңғырту бойынша жаңа бағдарлама іске қосылды.,0,human,101,long,consumer_reviews,974,Қазақс -тан Республика -сы -нда энергетикалық инфрақұрылы -м -ды жаңғырту бойынша жаңа бағдарлама іске қосылды.,1,0.9807302951812744,0,0.005311198066920042,0,7.047201506793499e-05
Қазақстан Республикасында энергетикалық инфрақұрылымды жаңғырту бойынша жаңа бағдарлама іске қосылды.,0,human,101,long,consumer_reviews,975,Қазақс -тан Республика -сы -нда энергетикалық инфрақұрылы -м -ды жаңғырту бойынша жаңа бағдарлама іске қосылды.,1,0.9807302951812744,0,0.005311198066920042,0,7.047201506793499e-05
Қазақстан Республикасында энергетикалық инфрақұрылымды жаңғырту бойынша жаңа бағдарлама іске қосылды.,0,human,101,long,consumer_reviews,976,Қазақс -тан Республика -сы -нда энергетикалық инфрақұрылы -м -ды жаңғырту бойынша жаңа бағдарлама іске қосылды.,1,0.9807302951812744,0,0.005311198066920042,0,7.047201506793499e-05
Қазақстан Республикасында энергетикалық инфрақұрылымды жаңғырту бойынша жаңа бағдарлама іске қосылды.,0,human,101,long,consumer_reviews,977,Қазақс -тан Республика -сы -нда энергетикалық инфрақұрылы -м -ды жаңғырту бойынша жаңа бағдарлама іске қосылды.,1,0.9807302951812744,0,0.005311198066920042,0,7.047201506793499e-05
"Қазақстан – Орталық Азияда орналасқан, аумағы бойынша әлемде тоғызыншы орын алатын мемлекет.",0,human,92,long,consumer_reviews,978,"Қазақс -тан – Орталық Азия -да орналасқан, аумағ -ы бойынша әле -м -де тоғызынш -ы орын алатын мемлекет.",0,0.21606430411338806,0,0.0005412919563241303,0,8.218105358537287e-05
Қазақстан Республикасында энергетикалық инфрақұрылымды жаңғырту бойынша жаңа бағдарлама іске қосылды.,0,human,101,long,consumer_reviews,979,Қазақс -тан Республика -сы -нда энергетикалық инфрақұрылы -м -ды жаңғырту бойынша жаңа бағдарлама іске қосылды.,1,0.9807302951812744,0,0.005311198066920042,0,7.047201506793499e-05
"Қазақстан – Орталық Азияда орналасқан, аумағы бойынша әлемде тоғызыншы орын алатын мемлекет.",0,human,92,long,consumer_reviews,980,"Қазақс -тан – Орталық Азия -да орналасқан, аумағ -ы бойынша әле -м -де тоғызынш -ы орын алатын мемлекет.",0,0.21606430411338806,0,0.0005412919563241303,0,8.218105358537287e-05
"Қазақстан – Орталық Азияда орналасқан, аумағы бойынша әлемде тоғызыншы орын алатын мемлекет.",0,human,92,long,consumer_reviews,981,"Қазақс -тан – Орталық Азия -да орналасқан, аумағ -ы бойынша әле -м -де тоғызынш -ы орын алатын мемлекет.",0,0.21606430411338806,0,0.0005412919563241303,0,8.218105358537287e-05
"Қазақстан – Орталық Азияда орналасқан, аумағы бойынша әлемде тоғызыншы орын алатын мемлекет.",0,human,92,long,consumer_reviews,982,"Қазақс -тан – Орталық Азия -да орналасқан, аумағ -ы бойынша әле -м -де тоғызынш -ы орын алатын мемлекет.",0,0.21606430411338806,0,0.0005412919563241303,0,8.218105358537287e-05
Қазақстан Республикасында энергетикалық инфрақұрылымды жаңғырту бойынша жаңа бағдарлама іске қосылды.,0,human,101,long,consumer_reviews,983,Қазақс -тан Республика -сы -нда энергетикалық инфрақұрылы -м -ды жаңғырту бойынша жаңа бағдарлама іске қосылды.,1,0.9807302951812744,0,0.005311198066920042,0,7.047201506793499e-05
Қазақстан Республикасында энергетикалық инфрақұрылымды жаңғырту бойынша жаңа бағдарлама іске қосылды.,0,human,101,long,consumer_reviews,984,Қазақс -тан Республика -сы -нда энергетикалық инфрақұрылы -м -ды жаңғырту бойынша жаңа бағдарлама іске қосылды.,1,0.9807302951812744,0,0.005311198066920042,0,7.047201506793499e-05
Қазақстан Республикасында энергетикалық инфрақұрылымды жаңғырту бойынша жаңа бағдарлама іске қосылды.,0,human,101,long,consumer_reviews,985,Қазақс -тан Республика -сы -нда энергетикалық инфрақұрылы -м -ды жаңғырту бойынша жаңа бағдарлама іске қосылды.,1,0.9807302951812744,0,0.005311198066920042,0,7.047201506793499e-05
Қазақстан Республикасында энергетикалық инфрақұрылымды жаңғырту бойынша жаңа бағдарлама іске қосылды.,0,human,101,long,consumer_reviews,986,Қазақс -тан Республика -сы -нда энергетикалық инфрақұрылы -м -ды жаңғырту бойынша жаңа бағдарлама іске қосылды.,1,0.9807302951812744,0,0.005311198066920042,0,7.047201506793499e-05
Қазақстан Республикасында энергетикалық инфрақұрылымды жаңғырту бойынша жаңа бағдарлама іске қосылды.,0,human,101,long,consumer_reviews,987,Қазақс -тан Республика -сы -нда энергетикалық инфрақұрылы -м -ды жаңғырту бойынша жаңа бағдарлама іске қосылды.,1,0.9807302951812744,0,0.005311198066920042,0,7.047201506793499e-05
"Қазақстан – Орталық Азияда орналасқан, аумағы бойынша әлемде тоғызыншы орын алатын мемлекет.",0,human,92,long,consumer_reviews,988,"Қазақс -тан – Орталық Азия -да орналасқан, аумағ -ы бойынша әле -м -де тоғызынш -ы орын алатын мемлекет.",0,0.21606430411338806,0,0.0005412919563241303,0,8.218105358537287e-05
"Қазақстан – Орталық Азияда орналасқан, аумағы бойынша әлемде тоғызыншы орын алатын мемлекет.",0,human,92,long,consumer_reviews,989,"Қазақс -тан – Орталық Азия -да орналасқан, аумағ -ы бойынша әле -м -де тоғызынш -ы орын алатын мемлекет.",0,0.21606430411338806,0,0.0005412919563241303,0,8.218105358537287e-05
Қазақстан Республикасында энергетикалық инфрақұрылымды жаңғырту бойынша жаңа бағдарлама іске қосылды.,0,human,101,long,consumer_reviews,990,Қазақс -тан Республика -сы -нда энергетикалық инфрақұрылы -м -ды жаңғырту бойынша жаңа бағдарлама іске қосылды.,1,0.9807302951812744,0,0.005311198066920042,0,7.047201506793499e-05
Қазақстан Республикасында энергетикалық инфрақұрылымды жаңғырту бойынша жаңа бағдарлама іске қосылды.,0,human,101,long,consumer_reviews,991,Қазақс -тан Республика -сы -нда энергетикалық инфрақұрылы -м -ды жаңғырту бойынша жаңа бағдарлама іске қосылды.,1,0.9807302951812744,0,0.005311198066920042,0,7.047201506793499e-05
"Қазақстан – Орталық Азияда орналасқан, аумағы бойынша әлемде тоғызыншы орын алатын мемлекет.",0,human,92,long,consumer_reviews,992,"Қазақс -тан – Орталық Азия -да орналасқан, аумағ -ы бойынша әле -м -де тоғызынш -ы орын алатын мемлекет.",0,0.21606430411338806,0,0.0005412919563241303,0,8.218105358537287e-05
"Қазақстан – Орталық Азияда орналасқан, аумағы бойынша әлемде тоғызыншы орын алатын мемлекет.",0,human,92,long,consumer_reviews,993,"Қазақс -тан – Орталық Азия -да орналасқан, аумағ -ы бойынша әле -м -де тоғызынш -ы орын алатын мемлекет.",0,0.21606430411338806,0,0.0005412919563241303,0,8.218105358537287e-05
"Қазақстан – Орталық Азияда орналасқан, аумағы бойынша әлемде тоғызыншы орын алатын мемлекет.",0,human,92,long,consumer_reviews,994,"Қазақс -тан – Орталық Азия -да орналасқан, аумағ -ы бойынша әле -м -де тоғызынш -ы орын алатын мемлекет.",0,0.21606430411338806,0,0.0005412919563241303,0,8.218105358537287e-05
Қазақстан Республикасында энергетикалық инфрақұрылымды жаңғырту бойынша жаңа бағдарлама іске қосылды.,0,human,101,long,consumer_reviews,995,Қазақс -тан Республика -сы -нда энергетикалық инфрақұрылы -м -ды жаңғырту бойынша жаңа бағдарлама іске қосылды.,1,0.9807302951812744,0,0.005311198066920042,0,7.047201506793499e-05
Қазақстан Республикасында энергетикалық инфрақұрылымды жаңғырту бойынша жаңа бағдарлама іске қосылды.,0,human,101,long,consumer_reviews,996,Қазақс -тан Республика -сы -нда энергетикалық инфрақұрылы -м -ды жаңғырту бойынша жаңа бағдарлама іске қосылды.,1,0.9807302951812744,0,0.005311198066920042,0,7.047201506793499e-05
"Қазақстан – Орталық Азияда орналасқан, аумағы бойынша әлемде тоғызыншы орын алатын мемлекет.",0,human,92,long,consumer_reviews,997,"Қазақс -тан – Орталық Азия -да орналасқан, аумағ -ы бойынша әле -м -де тоғызынш -ы орын алатын мемлекет.",0,0.21606430411338806,0,0.0005412919563241303,0,8.218105358537287e-05
Қазақстан Республикасында энергетикалық инфрақұрылымды жаңғырту бойынша жаңа бағдарлама іске қосылды.,0,human,101,long,consumer_reviews,998,Қазақс -тан Республика -сы -нда энергетикалық инфрақұрылы -м -ды жаңғырту бойынша жаңа бағдарлама іске қосылды.,1,0.9807302951812744,0,0.005311198066920042,0,7.047201506793499e-05
Қазақстан Республикасында энергетикалық инфрақұрылымды жаңғырту бойынша жаңа бағдарлама іске қосылды.,0,human,101,long,consumer_reviews,999,Қазақс -тан Республика -сы -нда энергетикалық инфрақұрылы -м -ды жаңғырту бойынша жаңа бағдарлама іске қосылды.,1,0.9807302951812744,0,0.005311198066920042,0,7.047201506793499e-05
"Каспи банда әлеуметтік магазиндерге толуга арналған кредиттер бар. Сапатта шектеу болмаса, ұзақ",1,qwen_2.5_7b,95,short,consumer_reviews,0,"Каспи банда әлеуметтік магазин -дер -ге толуга арна -лған кредит -тер бар. Сапат -та шектеу болмаса, ұзақ",0,0.0008547897450625896,0,0.00034292787313461304,0,0.00032401856151409447
Каспи.kz да бар нәтижелер мен оқушылық болды. Тортура умумий жұмысты маңгыздығын барады.,1,qwen_2.5_7b,88,short,consumer_reviews,1,Каспи -.kz да бар нәтиже -лер мен оқушылық болды. Тортура умумий жұмыс -ты маңгыздығын барады.,1,0.6275214552879333,1,0.872377336025238,0,0.011009142734110355
"Каспи.kz - ұзақ турмалы кредиттер мен саласы бар, әлеуметтік банка же келесілерге тиіsmейді.",1,qwen_2.5_7b,92,short,consumer_reviews,2,"Каспи -.kz - ұзақ турмал -ы кредит -тер мен сала -сы бар, әлеуметтік банк -а же келесі -лер -ге тиіsmейді.",0,0.0007026728126220405,0,0.0003849777567666024,0,0.00023623061133548617
Каспи банда сәттер! Рахметtediktan!,1,qwen_2.5_7b,35,short,consumer_reviews,3,Каспи банда сәттер! Рахметtediktan!,0,0.009706907905638218,0,0.009706907905638218,0,0.00022035639267414808
"Кассピ магазинін жарияластырымын. Саптар маңызды, ценелер теребінді. Алдымен туралы сенімді бол",1,qwen_2.5_7b,94,short,consumer_reviews,4,"Кассピ магазинін жарияластырымын. Сап -тар маңызды, цене -лер теребінді. Алд -ы -мен турал -ы сені -м -ді бол",0,0.0002616130223032087,0,0.0002732676803134382,0,0.00024848891189321876
Каспи банда сәттер! Рахметted,1,qwen_2.5_7b,29,short,consumer_reviews,5,Каспи банда сәттер! Рахметted,0,0.0026983683928847313,0,0.0026983683928847313,0,0.0002386420383118093
"Касса удобтап, әлеуметтігі мүмкіндіктің бар. Рахмет!",1,qwen_2.5_7b,52,short,consumer_reviews,6,"Касса удобтап, әлеуметтіг -і мүмкіндік -тің бар. Рахмет!",1,0.9991387128829956,1,0.7018764019012451,0,0.018540557473897934
"Каспи.kz - бұл негизгі банк, сапатына сәт ету мүмкіндіктері бар, беті удобталған.",1,qwen_2.5_7b,81,short,consumer_reviews,7,"Каспи -.kz - бұл негизг -і банк -, сапат -ы -на сәт ету мүмкіндік -тері бар, бет -і удобталған.",0,0.002511481521651149,0,0.0005710701225325465,0,0.0009803365683183074
Каспи.kz - бұл негіздер емес сатып алу орынды. Туғанда же не? Келесі мазмунда қажет болса,1,qwen_2.5_7b,89,short,consumer_reviews,8,Каспи -.kz - бұл негіз -дер емес сатып алу орынды. Туға -нда же не? Келе -сі мазму -нда қажет болса,0,0.13687360286712646,0,0.006378772668540478,0,0.000948576140217483
Каспи банда сәтті бағалаушы! Ақша менеджменті жеткируден толығырақ уран.,1,qwen_2.5_7b,72,short,consumer_reviews,9,Каспи банда сәт -ті бағалаушы! Ақша менеджмен -ті жеткиру -ден толығырақ уран.,1,0.7062145471572876,0,0.10758950561285019,0,0.000553710910025984
"Каспи.kz дарыланғаны бар, ұстау мүмкіндігі ньетті. Азырқы менен бағдарламалық функци",1,qwen_2.5_7b,84,short,consumer_reviews,10,"Каспи -.kz дарыланға -ны бар, ұстау мүмкіндіг -і ньетті. Азырқ -ы менен бағдарламалық функци",0,0.00017385285173077136,0,0.00021884508896619081,0,0.00017050672613549978
"Карта шексиз, ұзақ аймақтарда саптама болмайды. Жетиш келеді, бир нечейden керектік болды.",1,qwen_2.5_7b,90,short,consumer_reviews,11,"Кар -та шексиз, ұзақ аймақ -тар -да саптама болмайды. Жетиш келеді, бир нечейden керектік болды.",0,0.00036542254383675754,0,0.001133836805820465,0,0.0015194107545539737
"Кассаптас бар, доставкаға умтулыған!",1,qwen_2.5_7b,36,short,consumer_reviews,12,"Кассаптас бар, доставка -ға умтулыған!",0,0.000916250457521528,0,0.0013537645572796464,0,0.00017258241132367402
Каспи.kz менен бірнеше нәтижелер алдын ала ұнатылады. Сатып алу процессіна да мүмкіндік бер,1,qwen_2.5_7b,91,short,consumer_reviews,13,Каспи -.kz менен бірнеше нәтиже -лер алдын ала ұнатылады. Сатып алу процес -сі -на да мүмкіндік бер,1,0.9992436170578003,1,0.9972965121269226,0,0.058824069797992706
Кассаптан кездейсо! Нәтижелері магазинге тең болған.,1,qwen_2.5_7b,52,short,consumer_reviews,14,Кассап -тан кездейсо! Нәтиже -лері магазин -ге тең болған.,0,0.0031200277153402567,0,0.01762492023408413,0,0.00027656153542920947
Кассо магазинін жақсы тәртіптен ұзақтастыратын. Азық ценалар мен растағы доставка!,1,qwen_2.5_7b,82,short,consumer_reviews,15,Кассо магазинін жақ -сы тәртіп -тен ұзақтастыратын. Азық цена -лар мен растағ -ы доставка -!,0,0.0008712839335203171,0,0.0005818617064505816,0,0.0005586575134657323
"Карточка ұ ');

Кордырулап, нәтижелерді бас тартып, қолдастырулмаған.",1,qwen_2.5_7b,69,short,consumer_reviews,16,"Карточка ұ '); Кордырулап, нәтиже -лер -ді бас тартып, қолдастырулмаған.",0,0.00068437255686149,0,0.004435950890183449,0,0.025588542222976685
"Каспи банда әлеуметтік кредит береді. Алдап беру мүмкін, бирde жеңіл болады.",1,qwen_2.5_7b,76,short,consumer_reviews,17,"Каспи банда әлеуметтік кредит береді. Алдап беру мүмкін, бирde жеңіл болады.",0,0.049871060997247696,0,0.049871060997247696,0,0.004917400423437357
"Каспи банка сыяктуу, әлеуметтік қадамдарды орындап, ұмтытын.",1,qwen_2.5_7b,60,short,consumer_reviews,18,"Каспи банк -а сыяктуу, әлеуметтік қадам -дар -ды орындап, ұмтытын.",0,0.001300079864449799,0,0.0014889608137309551,0,0.000369794579455629
"Каспи.kz дарыағынан кездейсоқ! Сапатта маңызды мәліметтер береді, сатып алудын процесси нег",1,qwen_2.5_7b,91,short,consumer_reviews,19,"Каспи -.kz дарыағ -ы -нан кездейсоқ! Сапат -та маңыз -ды мәлімет -тер береді, сатып алудын процесси нег",0,0.17285361886024475,0,0.0033922456204891205,0,0.0007078406633809209
"Каспи банда болжа сатып алуға мүмкіндік береді, сәтті реттеудің жеңелді.",1,qwen_2.5_7b,72,short,consumer_reviews,20,"Каспи банда болжа сатып алу -ға мүмкіндік береді, сәт -ті реттеу -дің жеңелді.",1,0.9984428286552429,1,0.9992308616638184,0,0.004746294114738703
"Касса удобстықтан тұрат, әлеуметтік мағынасы бар. Рейтингі 4/5.",1,qwen_2.5_7b,63,short,consumer_reviews,21,"Касса удобстық -тан тұрат, әлеуметтік мағына -сы бар. Рейтинг -і 4/5.",0,0.016864286735653877,0,0.0021658227778971195,0,0.0012260305229574442
Касспа银行的APP非常方便，操作简单。,1,qwen_2.5_7b,22,short,consumer_reviews,22,Касспа银行的APP非常方便，操作简单。,0,0.0013171298196539283,0,0.0013171298196539283,0,0.0006243750685825944
Касспа银行的客户服务很好，操作也很方便。,1,qwen_2.5_7b,23,short,consumer_reviews,23,Касспа银行的客户服务很好，操作也很方便。,0,0.0020838689524680376,0,0.0020838689524680376,0,0.0006506063509732485
Каспи.kz - бұл нәтижесі менің молдамдықкеремен ортадан келген және қаша сапта монетасы,1,qwen_2.5_7b,86,short,consumer_reviews,24,Каспи -.kz - бұл нәтиже -сі мені -ң молдамдықкере -мен орта -дан кел -ген және қаша сап -та монета -сы,0,0.0005396455526351929,0,0.00047313893446698785,0,0.00016431341646239161
Каспи.kz-та маңызды сатып алуға болды. Төлбір мен барлығы да нәтижелерге тең!,1,qwen_2.5_7b,77,short,consumer_reviews,25,Каспи -.kz-та маңыз -ды сатып алу -ға болды. Төлбір мен барлығ -ы да нәтиже -лер -ге тең!,1,0.9988960027694702,1,0.9691610932350159,0,0.001073728664778173
Касспі менен толығырақ! Алардың санасы багытталған жана мәрjігі маңызды.,1,qwen_2.5_7b,72,short,consumer_reviews,26,Кассп -і менен толығырақ! Алар -дың сана -сы багыттал -ған жана мәрjіг -і маңызды.,0,0.0021541775204241276,0,0.0008494252688251436,0,0.0003539482713676989
"Каспи банда әдетteryледі, ұстаған менен саптамалық қадамдар бар.",1,qwen_2.5_7b,64,short,consumer_reviews,27,"Каспи банда әдетteryледі, ұста -ған менен саптамалық қадам -дар бар.",0,0.0010769023792818189,0,0.0005270382389426231,0,0.0007981634698808193
Каспи.kzда ұсыныстар бар. Сәтті сатып аламын!,1,qwen_2.5_7b,45,short,consumer_reviews,28,Каспи -.kzда ұсыныс -тар бар. Сәт -ті сатып аламын!,1,0.9990659356117249,1,0.999284565448761,0,0.0005258336896076798
"Каспи.kz - әлеуметтік банки, өндіру магазиндерінде маңызды. Сапары болжа, доставка жоғ",1,qwen_2.5_7b,86,short,consumer_reviews,29,"Каспи -.kz - әлеуметтік банк -и, өндіру магазин -дері -нде маңызды. Сапар -ы болжа, доставка жоғ",0,0.00021281630324665457,0,0.000292729411739856,0,0.00028450845275074244
"Карта шындығы менен қолдануына жеткілікті, бір нече покуптартмалар ұябайда болды.",1,qwen_2.5_7b,81,short,consumer_reviews,30,"Кар -та шындығ -ы менен қолдану -ы -на жеткілікті, бір нече покуптартма -лар ұябай -да болды.",0,0.0002446233993396163,0,0.0003897117858286947,0,0.0012939884327352047
"Каспи.kz - бұл негізгі банка, сапаркерлерге мүмкіндік береді.",1,qwen_2.5_7b,61,short,consumer_reviews,31,"Каспи -.kz - бұл негізг -і банк -а, сапаркер -лер -ге мүмкіндік береді.",1,0.8885011672973633,0,0.003730419557541609,0,0.0005027125007472932
Каспи банда әлеуметтік сапардың бір чселігі. Уәлені жұмсқыштан алған жолмен сатып алу,1,qwen_2.5_7b,85,short,consumer_reviews,32,Каспи банда әлеуметтік сапар -дың бір чселігі. Уәле -ні жұмсқыш -тан алған жол -мен сатып алу,0,0.0034946382511407137,0,0.003879702650010586,0,0.00020520793623290956
Каспи банда сәләмет! Сатып алған магазиндерde ұзақ мерзімге барылатын нерселерді туралы ма,1,qwen_2.5_7b,90,short,consumer_reviews,33,Каспи банда сәләмет! Сатып алған магазиндерde ұзақ мерзі -м -ге барыл -атын нерсе -лер -ді турал -ы ма,0,0.0014019494410604239,0,0.0005387984565459192,0,0.00015037656703498214
Каспи.kz - ұсыныстардың маңгызды орындалған магазини. Барлық нәтижелерге сыймыр денед,1,qwen_2.5_7b,85,short,consumer_reviews,34,Каспи -.kz - ұсыныс -тар -дың маңгыз -ды орындал -ған магазини. Барлық нәтиже -лер -ге сыймыр денед,0,0.00029439301579259336,0,0.0002991773362737149,0,0.00016718705592211336
Каспи.kz дарыдағы ұзақ мереж алудан әртүрлі турмуштарды орналастыру қажет. Оның маг,1,qwen_2.5_7b,83,short,consumer_reviews,35,Каспи -.kz дарыдағ -ы ұзақ мереж алу -дан әртүрл -і турмуш -тар -ды орналастыру қажет. Оны -ң маг,0,0.003117383224889636,0,0.0011343784863129258,0,0.0002111967623932287
Каспи.kz да бар әлеуметтік банка сатып алудың негизгі мезжисі мен жетиштерге удоб болышына спаяса,1,qwen_2.5_7b,97,short,consumer_reviews,36,Каспи -.kz да бар әлеуметтік банк -а сатып алу -дың негизг -і мезжи -сі мен жетиш -тер -ге удоб болыш -ы -на спаяса,0,0.0005510689225047827,0,0.0008971760980784893,0,0.0001393605925841257
"Каспи.kz - кездейсоқ магазин, әдетteryм онлайн сатышта маңызды!",1,qwen_2.5_7b,63,short,consumer_reviews,37,"Каспи -.kz - кездейсоқ магазин, әдетtery -м онлайн сатыш -та маңызды!",0,0.019105512648820877,0,0.30240845680236816,0,0.0003999105538241565
Каспи банда әлеуметтік сапардық шарттар бар. Сатып алған мезгілтерге туындайды.,1,qwen_2.5_7b,79,short,consumer_reviews,38,Каспи банда әлеуметтік сапардық шарт -тар бар. Сатып алған мезгіл -тер -ге туындайды.,1,0.9897039532661438,0,0.2213636040687561,0,0.0009406901663169265
"Каспи банда алдымен кездейsov, уә барлығы менен негиздемелері оң.",1,qwen_2.5_7b,65,short,consumer_reviews,39,"Каспи банда алд -ы -мен кездейsov, уә барлығ -ы менен негиздеме -лері оң.",0,0.0002676830627024174,0,0.00027102927560918033,0,0.00018542011093813926
"Каспи.kz дарыялы магазин, әлеуметтік нав.BigCommerce платформасын қолданады.",1,qwen_2.5_7b,76,short,consumer_reviews,40,"Каспи -.kz дарыял -ы магазин, әлеуметтік нав.BigCommerce платформа -сын қолданады.",0,0.00016113581659737974,0,0.00020276315626688302,0,0.00035435540485195816
Касспа银行真的方便快捷，值得推荐！,1,qwen_2.5_7b,20,short,consumer_reviews,41,Касспа银行真的方便快捷，值得推荐！,0,0.002676455769687891,0,0.002676453208550811,0,0.0006642415537498891
"Каспи.kz дәrkен, негиздемелері мен көбейтіндірімдері бар, оларды сапаттауға мүмк",1,qwen_2.5_7b,80,short,consumer_reviews,42,"Каспи -.kz дәrkен, негиздеме -лері мен көбейтіндірім -дері бар, олар -ды сапаттау -ға мүмк",0,0.00021459061827044934,0,0.0002783327945508063,0,0.00041272921953350306
Каспи банда әлеуметтік қоғамдық стадиясына жеткен. Сапатта ұзақ шаарларда да магазиндер,1,qwen_2.5_7b,87,short,consumer_reviews,43,Каспи банда әлеуметтік қоғамдық стадия -сы -на жеткен. Сапат -та ұзақ шаар -лар -да да магазин -дер,0,0.0003201132931280881,0,0.0003073648258578032,0,0.000104439357528463
"Карта шектеулі, ұзақ беттерге кабыл алады. Але, қонымды және қосымшалар менен жолдау",1,qwen_2.5_7b,84,short,consumer_reviews,44,"Кар -та шектеулі, ұзақ бет -тер -ге кабыл алады. Але, қоны -м -ды және қосымша -лар менен жолдау",0,0.00012294943735469133,0,0.00018084178736899048,0,0.024522097781300545
Каспи банда өнімдер беретінін және доставкаға жетуге жардам бере алдынына көркем дейді. А,1,qwen_2.5_7b,89,short,consumer_reviews,45,Каспи банда өнім -дер беретінін және доставка -ға жету -ге жарда -м бере алдын -ы -на көрке -м дейді. А,0,0.00025130942231044173,0,0.00039761903462931514,0,0.00021070959337521344
Каспи банда әлеуметтік қоғамдық стандарттарды негизделген. Берилген мөлшерлерде өміржануға,1,qwen_2.5_7b,90,short,consumer_reviews,46,Каспи банда әлеуметтік қоғамдық стандарт -тар -ды негизделген. Берил -ген мөлшер -лер -де өміржану -ға,0,0.00023739703465253115,0,0.00026337915915064514,0,0.00017468968871980906
Каспи банда өмірімде маңызды барып оттy! Ақша менеджментін жетілдірдім.,1,qwen_2.5_7b,71,short,consumer_reviews,47,Каспи банда өмірі -м -де маңыз -ды барып оттy! Ақша менеджментін жетілдірдім.,1,0.9949637651443481,1,0.8520821928977966,0,0.00021869095508009195
Каспи банка онлайнdeo сатып алады. Алдағы нәтижелер менен оңай болды.,1,qwen_2.5_7b,69,short,consumer_reviews,48,Каспи банк -а онлайнdeo сатып алады. Алдағ -ы нәтиже -лер менен оңай болды.,1,0.9993224143981934,1,0.9965376853942871,0,0.0008575929678045213
"Каспи.kz деген сайт магазинінда ширелейтін товарды сатып албап, нәтижелер неғұSqlCommand not properly formatted. Here's a revised",1,qwen_2.5_7b,129,short,consumer_reviews,49,"Каспи -.kz деген сайт магазин -і -нда ширеле -йтін товар -ды сатып албап, нәтиже -лер неғұSqlCommand not properly formatted. Here's a revised",0,0.0012605219380930066,0,0.001484402921050787,0,0.00023124901053961366
Каспи банда сәтті сатып алдым. Рахмет!,1,qwen_2.5_7b,38,short,consumer_reviews,50,Каспи банда сәт -ті сатып алдым. Рахмет!,1,0.999060332775116,1,0.9994156360626221,0,0.00036460254341363907
Каспи.kz-ттен непорада сатып алған. Жетиштер менен ұзақ турмуштан кейін кездеседі. Барлығ,1,qwen_2.5_7b,89,short,consumer_reviews,51,Каспи -.kz-ттен непора -да сатып алған. Жетиш -тер менен ұзақ турмуш -тан кейін кездеседі. Барлығ,0,0.012755020521581173,0,0.007615884765982628,0,0.0002142539160558954
Каспи банда ұпап береді. Сәтті банка!,1,qwen_2.5_7b,37,short,consumer_reviews,52,Каспи банда ұпап береді. Сәт -ті банк -а!,0,0.015974510461091995,0,0.027689088135957718,0,0.0001631700579309836
"Кассый магазинің ішкі бетінде шамалар растаған. Белгілі мәнді орындап, ценалы жою ал",1,qwen_2.5_7b,84,short,consumer_reviews,53,"Кассый магази -нің ішк -і бет -і -нде шама -лар растаған. Белгіл -і мән -ді орындап, ценал -ы жою ал",0,0.00024828288587741554,0,0.0003082901530433446,0,0.0006655323086306453
Каспи.kz - бұл қоректенуші сатып алу мәртебесі. Сапар келесілерге негіздер енгізед,1,qwen_2.5_7b,82,short,consumer_reviews,54,Каспи -.kz - бұл қоректенуш -і сатып алу мәртебесі. Сапар келесі -лер -ге негіз -дер енгізед,0,0.04797172546386719,0,0.000537259504199028,0,0.0005335903260856867
"Каспи банда ұнатылып, жетишті барып алу мүмкіндігі мені жоюға келеді.",1,qwen_2.5_7b,69,short,consumer_reviews,55,"Каспи банда ұнатылып, жетиш -ті барып алу мүмкіндіг -і мен -і жою -ға келеді.",1,0.9993594288825989,0,0.024632269516587257,0,0.0008620658190920949
Каспи.kzда онлайн сатып алу менен уран алатынын! Рахметтер!,1,qwen_2.5_7b,59,short,consumer_reviews,56,Каспи -.kzда онлайн сатып алу менен уран алатынын! Рахметтер!,1,0.8690550923347473,1,0.9858520030975342,0,0.0005084373406134546
"Каспи.kzда маңгыздарды сатып алдым. Акс орналастырылып, достудан.",1,qwen_2.5_7b,65,short,consumer_reviews,57,"Каспи -.kzда маңгыз -дар -ды сатып алдым. Акс орналастырылып, достудан.",1,0.9583324790000916,1,0.9786843657493591,0,0.00030600521131418645
Каспи банда әлеуметтік қорғауы маңгызды! Оның онлайн платформасы негизделген.,1,qwen_2.5_7b,77,short,consumer_reviews,58,Каспи банда әлеуметтік қорғау -ы маңгызды! Оны -ң онлайн платформа -сы негизделген.,0,0.0035349808167666197,0,0.0023592791985720396,0,0.00011205711780348793
"Кассаптан мамиле бар, әртүрлі товардарды ретінде орындайды. Оң пікір.",1,qwen_2.5_7b,69,short,consumer_reviews,59,"Кассап -тан мамиле бар, әртүрл -і товар -дарды рет -і -нде орындайды. Оң пікір.",0,0.0052171554416418076,0,0.0006762181874364614,0,0.007474936079233885
Кассапті қолданған. Рахметted!,1,qwen_2.5_7b,30,short,consumer_reviews,60,Кассап -ті қолданған. Рахметted!,0,0.022988881915807724,0,0.02220933511853218,0,0.0013475200394168496
"Каспи банда өнімдер береді, удобтап, ішкі оюндарды оңай кездесет.",1,qwen_2.5_7b,65,short,consumer_reviews,61,"Каспи банда өнім -дер береді, удобтап, ішк -і оюн -дар -ды оңай кездесет.",0,0.00044823571806773543,0,0.0004258275148458779,0,0.0005247108056209981
"Каспи.kz - барлығы нәтижелермен! Сапан орташа, молдунда маңызды магазиндерді табуға бол",1,qwen_2.5_7b,87,short,consumer_reviews,62,"Каспи -.kz - барлығ -ы нәтижелермен! Сапан орташа, молду -нда маңыз -ды магазин -дер -ді табу -ға бол",0,0.0006767193553969264,0,0.0008557816036045551,0,0.00031796377152204514
"Кассピда сатып алу мейdanына жардам береді, бірақ қиын кодды кездешту қажет.",1,qwen_2.5_7b,75,short,consumer_reviews,63,"Кассピ -да сатып алу мейdan -ы -на жарда -м береді, бірақ қиын код -ды кездешту қажет.",1,0.9925332069396973,0,0.07727579772472382,0,0.00022254469513427466
"Касспалардың биіктігі мен диаметтері дұрыс, досты орналастырылған. Созашы нерселері бойынша",1,qwen_2.5_7b,91,short,consumer_reviews,64,"Касспа -лар -дың биіктіг -і мен диамет -тері дұрыс, дос -ты орналастырылған. Созаш -ы нерсе -лері бойынша",0,0.00021952009410597384,0,0.00019486516248434782,0,0.0006832197541370988
"Каспи банка кеңірмен іске асырылып, әртүрлі өндүрістен жетілдірулер мен нәтижелер",1,qwen_2.5_7b,81,short,consumer_reviews,65,"Каспи банк -а кеңір -мен іске асырылып, әртүрл -і өндүріс -тен жетілдіру -лер мен нәтиже -лер",0,0.00030342579702846706,0,0.00032480969093739986,0,0.00015629755216650665
Каспи.kz - барлығы маңызды! Сатып алган магазиндерден умтулуу сапарларды олттың ішінде,1,qwen_2.5_7b,86,short,consumer_reviews,66,Каспи -.kz - барлығ -ы маңызды! Сатып алган магазин -дер -ден умтулуу сапар -лар -ды олт -тың іші -нде,0,0.010457458905875683,0,0.031557343900203705,0,0.0001560287782922387
Кассый менен бардыктар! Рахметtedи кездешет.,1,qwen_2.5_7b,44,short,consumer_reviews,67,Кассый менен бардыктар! Рахметtedи кездешет.,0,0.000953338691033423,0,0.0009533382253721356,0,0.0007580181700177491
Каспи.kzда нәтижелер бар. Банкаға тиімді.,1,qwen_2.5_7b,41,short,consumer_reviews,68,Каспи -.kzда нәтиже -лер бар. Банк -аға тиімді.,0,0.0003265746054239571,0,0.0008966496679931879,0,0.0009788991883397102
Каспи банда әлеуметтік оюндар мен товарды сатуға мүмкіндік береді. Рахмет!,1,qwen_2.5_7b,74,short,consumer_reviews,69,Каспи банда әлеуметтік оюн -дар мен товар -ды сату -ға мүмкіндік береді. Рахмет!,1,0.9209895133972168,1,0.6808335781097412,0,0.0006126725347712636
Каспи бандағы сатып алу керектігі бар. Уәлим!,1,qwen_2.5_7b,45,short,consumer_reviews,70,Каспи бандағ -ы сатып алу керектіг -і бар. Уәлим!,1,0.9841113090515137,0,0.02449292503297329,0,0.00013317292905412614
"Каспи банда ұпай болды, рахмет! Сәтті сатып алған!",1,qwen_2.5_7b,50,short,consumer_reviews,71,"Каспи банда ұпай болды, рахмет! Сәт -ті сатып алған!",1,0.9990261793136597,1,0.9990783929824829,0,0.001043617958202958
"Каспи.kz - бағдарламаны дұрыс қолдану мүмкіндігі бар, бірақ беттері кездейсоқ.",1,qwen_2.5_7b,78,short,consumer_reviews,72,"Каспи -.kz - бағдарлама -ны дұрыс қолдану мүмкіндіг -і бар, бірақ бет -тері кездейсоқ.",1,0.9995586276054382,1,0.942268431186676,0,0.027862126007676125
Каспи.kz дарыяда және мебейлерden ұзақ түрde сатып алудан маңызды. Сапаттаушы жеңип оты,1,qwen_2.5_7b,87,short,consumer_reviews,73,Каспи -.kz дарыя -да және мебейлерden ұзақ түрde сатып алу -дан маңызды. Сапаттауш -ы жеңип оты,0,0.0053031775169074535,0,0.0027012676000595093,0,0.0003205451066605747
Кассапта барлығы нәтижелермен сұрайм! Себебі қолданушылардың саны мен цендері дұрыс.,1,qwen_2.5_7b,84,short,consumer_reviews,74,Кассап -та барлығ -ы нәтиже -лер -мен сұрайм! Себеб -і қолданушы -лар -дың сан -ы мен цен -дері дұрыс.,1,0.8361202478408813,0,0.00133145519066602,0,0.1699598878622055
"Каспи банда алдымен қолданылып, рәгіздер менен дауыс берген. Сатып алу过程已结束，以下是详细的步骤：

1. 理",1,qwen_2.5_7b,91,short,consumer_reviews,75,"Каспи банда алд -ы -мен қолданылып, рәгіз -дер менен дауыс берген. Сатып алу过程已结束，以下是详细的步骤： 1. 理",1,0.9823991656303406,0,0.025001542642712593,0,0.0002832539612427354
"Каспи.kz - бұл негизгі банк, әлеуметтік пайдаланушыларға тиімді сервистерді арRIEND",1,qwen_2.5_7b,83,short,consumer_reviews,76,"Каспи -.kz - бұл негизг -і банк -, әлеуметтік пайдаланушы -лар -ға тиі -м -ді сервис -терді арRIEND",0,0.0005870926543138921,0,0.0009080639574676752,0,0.00022981700021773577
Каспи банда сәтті бастапкы реттері! Сатып алған магазиндерден қолданымды жоюға болады.,1,qwen_2.5_7b,86,short,consumer_reviews,77,Каспи банда сәт -ті бастапк -ы реттері! Сатып алған магазин -дер -ден қолданы -м -ды жою -ға болады.,0,0.044360045343637466,0,0.003485277062281966,0,0.00017220615700352937
Каспи.kz менен бардыгында шектей ұзақтап отырғанымен және магазиндердің заттарымен жетишім,1,qwen_2.5_7b,90,short,consumer_reviews,78,Каспи -.kz менен бардыг -ы -нда шектей ұзақтап отырған -ы -мен және магазин -дер -дің зат -тары -мен жетиші -м,0,0.00023453820904251188,0,0.00023541490372736007,0,0.00014428944268729538
"Каспи.kz - іздерген, нәтижелер туралы маанилік мәліметтер мен банکтық қабылдаушыны бар.",1,qwen_2.5_7b,87,short,consumer_reviews,79,"Каспи -.kz - іздерген, нәтиже -лер турал -ы маанилік мәлімет -тер мен банکтық қабылдауш -ы -ны бар.",0,0.0035431920550763607,0,0.0004042717919219285,0,0.0002264561626361683
"Карта және мобилдық банка сызыған, ұзақ туралы менің денсаулығымда неприємстей болды.",1,qwen_2.5_7b,85,short,consumer_reviews,80,"Кар -та және мобилдық банк -а сызыған, ұзақ турал -ы мені -ң денсаулығы -м -да неприємстей болды.",0,0.0006088115624152124,0,0.0005629019578918815,0,0.00023668556241318583
Каспи.kz - бұл удоб мен ретінше онлайн магазин. Сатыған товардары негизгі.,1,qwen_2.5_7b,74,short,consumer_reviews,81,Каспи -.kz - бұл удоб мен ретінше онлайн магазин. Сат -ы -ған товар -дары негизгі.,0,0.0002942027640528977,0,0.00041989516466856003,0,0.0002703180362004787
Каспи.kz дарыға сәлеленген. Аксессуарлар тез достепті.,1,qwen_2.5_7b,54,short,consumer_reviews,82,Каспи -.kz дары -ға сәлеленген. Аксессуар -лар тез достепті.,1,0.9378941655158997,1,0.5725341439247131,0,0.0006971957045607269
"Каспи.kzда ұзын орналасқан менен, магазинде мағыналық ценделетін нәтижелерді табдырын. С",1,qwen_2.5_7b,88,short,consumer_reviews,83,"Каспи -.kzда ұзын орналас -қан менен, магази -нде мағыналық цендел -етін нәтиже -лер -ді табдырын. С",0,0.00016191191389225423,0,0.00019799533765763044,0,0.00022379797883331776
Карта нәтижіне умтама берген. Белгілі реттерде балағы тура.,1,qwen_2.5_7b,59,short,consumer_reviews,84,Кар -та нәтиж -і -не умтама берген. Белгіл -і рет -тер -де балағ -ы тура.,0,0.0001604478748049587,0,0.00025534824817441404,0,0.004071393981575966
"Карточка маңгыздық береді, удобстықтану мүмкіндіктері бар. Себепті!",1,qwen_2.5_7b,67,short,consumer_reviews,85,"Карточка маңгыздық береді, удобстықтану мүмкіндік -тері бар. Себепті!",1,0.9187130331993103,1,0.5664855241775513,0,0.22585493326187134
"Каспи банда ұнатқан. Белгілімдер дәрежесіне бейнеленген, қолданбайтын сапар.",1,qwen_2.5_7b,76,short,consumer_reviews,86,"Каспи банда ұнатқан. Белгілім -дер дәреже -сі -не бейнеленген, қолданба -йтын сапар.",0,0.45172691345214844,0,0.005723176524043083,0,0.000341594684869051
"Карточка ұзын, жетімді. Оқушы менен пайдалануға болады. Сәтті шарттар!",1,qwen_2.5_7b,70,short,consumer_reviews,87,"Карточка ұзын, жетімді. Оқуш -ы менен пайдалану -ға болады. Сәт -ті шарттар!",0,0.009342044591903687,0,0.06747827678918839,1,0.9915139079093933
"Каспи.kz дарыяланған, удобстары бар, сапатына рахмет!",1,qwen_2.5_7b,53,short,consumer_reviews,88,"Каспи -.kz дарыяланған, удобс -тары бар, сапат -ы -на рахмет!",0,0.0001572265464346856,0,0.00025040580658242106,0,0.0017313574207946658
"Кассо магазинінің сайттарына келген менен, алардың ценалығы дұrmамашылығымен маусолет. Созмында",1,qwen_2.5_7b,95,short,consumer_reviews,89,"Кассо магазин -і -нің сайт -тары -на кел -ген менен, алар -дың ценалығ -ы дұrmамашылығ -ы -мен маусолет. Созм -ы -нда",0,0.00021358797675929964,0,0.00019695298396982253,0,0.00011545722372829914
Каспи.kz менен шығармадан маңгыздық берейтін банк. Ақша менеджментта негиздеме берет.,1,qwen_2.5_7b,85,short,consumer_reviews,90,Каспи -.kz менен шығарма -дан маңгыздық бере -йтін банк -. Ақша менеджмент -та негиздеме берет.,0,0.00034173810854554176,0,0.0004240595444571227,0,0.0002697068848647177
"Каспи.kz дәмді сатып алуға болады, туындайдарды оңай таңдау мүмкін.",1,qwen_2.5_7b,67,short,consumer_reviews,91,"Каспи -.kz дәм -ді сатып алу -ға болады, туындай -дар -ды оңай таңдау мүмкін.",1,0.9742841720581055,1,0.9935843348503113,0,0.00048671726835891604
Каспи.kz - келесі менен штабды сатып алудан мүмкіндікті растеттимын.,1,qwen_2.5_7b,68,short,consumer_reviews,92,Каспи -.kz - келе -сі менен штаб -ды сатып алу -дан мүмкіндік -ті растеттимын.,1,0.8903937339782715,0,0.04013511911034584,0,0.0005392379825934768
"Кассаптас бар, доставка жетиштерге мезгіл береді. Оқиғамда маңызды болды!",1,qwen_2.5_7b,73,short,consumer_reviews,93,"Кассаптас бар, доставка жетиш -тер -ге мезгіл береді. Оқиға -м -да маңыз -ды болды!",0,0.02724972367286682,0,0.012354874983429909,0,0.0007261892315000296
"Каспи банда сәтті басқарма және қорғау, рахмет!",1,qwen_2.5_7b,47,short,consumer_reviews,94,"Каспи банда сәт -ті басқарма және қорғау, рахмет!",0,0.001778401667252183,0,0.014812154695391655,0,0.0020853467285633087
"Каспи.kz дары алуу маңгызды! Белгілі мәндірлер бар, бірақ ою процессі нудей болады.",1,qwen_2.5_7b,83,short,consumer_reviews,95,"Каспи -.kz дары алуу маңгызды! Белгіл -і мәндір -лер бар, бірақ ою процес -сі нудей болады.",0,0.007011513225734234,0,0.0012535403948277235,0,0.0007249808986671269
Каспи банка келесілерге ұзақ туралы маңгызды бағалаумен болды. Оның онлайн платформасы удоб ho және нәтиж,1,qwen_2.5_7b,105,short,consumer_reviews,96,Каспи банк -а келесі -лер -ге ұзақ турал -ы маңгыз -ды бағалау -мен болды. Оны -ң онлайн платформа -сы удоб ho және нәтиж,0,0.00041657726978883147,0,0.0006741275428794324,0,0.00015375095244962722
Каспи банка келесінің маңызды! Акциялықтар және онлайн транзакцияларда жетиштірімді.,1,qwen_2.5_7b,84,short,consumer_reviews,97,Каспи банк -а келе -сі -нің маңызды! Акция -лықтар және онлайн транзакция -лар -да жетиштірімді.,0,0.05650622770190239,0,0.005059007089585066,0,0.00018946523778140545
Касспа сатып алу менен танымдығым өткен. Рахмет берген!,1,qwen_2.5_7b,55,short,consumer_reviews,98,Касспа сатып алу менен танымдығы -м өткен. Рахмет берген!,1,0.9796494841575623,1,0.5456044673919678,0,0.0009362921700812876
"Кассый дұрыс, болжа! Себепtesи не? Сәтті жеткен магазин, растар бойына сипатталған.",1,qwen_2.5_7b,83,short,consumer_reviews,99,"Кассый дұрыс, болжа! Себепtesи не? Сәт -ті жет -кен магазин, рас -тар бой -ы -на сипатталған.",1,0.642450749874115,0,0.0023581681307405233,0,0.0021199784241616726
Каспи банда ұзын тarih берген магазин. Сатып алған товарларды растаяқ табамын. Доставка және возврат удоб,1,qwen_2.5_7b,105,short,consumer_reviews,100,Каспи банда ұзын тarih бер -ген магазин. Сатып алған товар -ларды растаяқ табамын. Доставка және возврат удоб,0,0.0012082757893949747,0,0.0011726582888513803,0,0.000781286449637264
Каспи.kzда әлеуметтік сатып алу менен жақсы көрнектігі!,1,qwen_2.5_7b,55,short,consumer_reviews,101,Каспи -.kzда әлеуметтік сатып алу менен жақ -сы көрнектігі!,0,0.008113814517855644,0,0.005721862893551588,0,0.00025675640790723264
"Каспи банка жоғары, әлеуметтік нормалуемыездері бар.",1,qwen_2.5_7b,52,short,consumer_reviews,102,"Каспи банк -а жоғары, әлеуметтік нормалуемыез -дері бар.",0,0.0003016502014361322,0,0.00047412901767529547,0,0.0002686013758648187
Кассаптің сайтына да бардык. Белгілі ретте ұсынылығы мен мәжбүр болдым. Сатып алған н,1,qwen_2.5_7b,85,short,consumer_reviews,103,Кассап -тің сайт -ы -на да бардык. Белгіл -і рет -те ұсынылығ -ы мен мәжбүр болдым. Сатып алған н,1,0.9993801116943359,0,0.011251273564994335,0,0.002433261601254344
Каспи.kzда маған сатып алдымын. Ақша жетімді болып табылады.,1,qwen_2.5_7b,60,short,consumer_reviews,104,Каспи -.kzда маған сатып алдымын. Ақша жеті -м -ді болып табылады.,0,0.0004282369918655604,0,0.0026505724526941776,0,0.00036715721944347024
"Каспи банда әлеуметтік қолданба, әдетте қорғау үшін пайдаланумен болады.",1,qwen_2.5_7b,72,short,consumer_reviews,105,"Каспи банда әлеуметтік қолданба, әдет -те қорғау үшін пайдалану -мен болады.",1,0.9989457726478577,0,0.002630408853292465,0,0.0016842930344864726
Каспи.kz - ұжымдық сатып алу қоргойт. Нәтиже жоғары.,1,qwen_2.5_7b,52,short,consumer_reviews,106,Каспи -.kz - ұжымдық сатып алу қоргойт. Нәтиже жоғары.,1,0.9976504445075989,1,0.9988569021224976,0,0.0004163930716458708
Каспи банда ұпай болды. Барлығы нәтижелер менен!,1,qwen_2.5_7b,48,short,consumer_reviews,107,Каспи банда ұпай болды. Барлығ -ы нәтиже -лер менен!,1,0.9727634191513062,1,0.9559532999992371,0,0.0010471720015630126
Каспи.kz - бұл оқиғаны сәтті қолдануға мүмкіндік беретін онлайн банкақа!,1,qwen_2.5_7b,72,short,consumer_reviews,108,Каспи -.kz - бұл оқиға -ны сәт -ті қолдану -ға мүмкіндік бер -етін онлайн банк -ақа!,1,0.9959949254989624,1,0.9983881711959839,0,0.00035758758895099163
"Касса жоғары, ұлттык символдар мен магазиндері дурасқан.",1,qwen_2.5_7b,56,short,consumer_reviews,109,"Касса жоғары, ұлттык символ -дар мен магазин -дері дурасқан.",0,0.0004208613536320627,0,0.0002931359922513366,0,0.0007657271344214678
"Каспи.kz деген интернет магазин непорада, ұзак доставка бар.",1,qwen_2.5_7b,60,short,consumer_reviews,110,"Каспи -.kz деген интернет магазин непорада, ұзак доставка бар.",0,0.0004486655816435814,0,0.0005350859719328582,0,0.00030213576974347234
"Каспи.kz - бағдарламаның негизгі мезгілдері бар, әлеуметтік функциялдықтарда маңызды.",1,qwen_2.5_7b,85,short,consumer_reviews,111,"Каспи -.kz - бағдарлама -ның негизг -і мезгіл -дері бар, әлеуметтік функциялдық -тар -да маңызды.",0,0.026132522150874138,0,0.0004426543600857258,0,0.0009231930016539991
"Каспи банда өткен, баға маңызды, бирдей аз!",1,qwen_2.5_7b,43,short,consumer_reviews,112,"Каспи банда өткен, баға маңызды, бирдей аз!",0,0.008863115683197975,0,0.008863108232617378,0,0.0010557223577052355
"Каспи банда әдеттен умтылып, сапармен жұмыс істейді. Сатып алған миздерге негизделген сұрай",1,qwen_2.5_7b,91,short,consumer_reviews,113,"Каспи банда әдет -тен умтылып, сапар -мен жұмыс істейді. Сатып алған миз -дер -ге негиздел -ген сұрай",0,0.010566499084234238,0,0.005038422532379627,0,0.0011943146819248796
"Каспи.kz - бұл негізгі банк, рахмет сапары мен сатып алу过程已结束，以下是结论部分的内容：

综上所述，这是一个非常简短的",1,qwen_2.5_7b,89,short,consumer_reviews,114,"Каспи -.kz - бұл негізг -і банк -, рахмет сапар -ы мен сатып алу过程已结束，以下是结论部分的内容： 综上所述，这是一个非常简短的",1,0.5807135105133057,0,0.022753514349460602,0,0.00043825339525938034
"Каспи банка керектігіндей, бірақ техникалық мәселелер бар.",1,qwen_2.5_7b,58,short,consumer_reviews,115,"Каспи банк -а керектігіндей, бірақ техникалық мәселе -лер бар.",0,0.0034369616769254208,0,0.0013308287598192692,0,0.0003281244426034391
"Каспи.kz - рухани магазин, ценовую политику понимаешь сразу!",1,qwen_2.5_7b,60,short,consumer_reviews,116,"Каспи -.kz - рухани магазин, ценовую политику понимаешь сразу!",0,0.3508930802345276,1,0.6672080755233765,0,0.0008443398401141167
Каспи бандағы санаттар мен желілер негизинен маңызды. Нәтижелері болжол.,1,qwen_2.5_7b,72,short,consumer_reviews,117,Каспи бандағ -ы санат -тар мен желі -лер негизи -нен маңызды. Нәтиже -лері болжол.,0,0.0008995754178613424,0,0.0009616676834411919,0,0.0002819523506332189
"Кассапта алдымен ұнатқаным. Нәтижелері болжа, әлеуметтік код жетімді. Созмын!",1,qwen_2.5_7b,77,short,consumer_reviews,118,"Кассап -та алд -ы -мен ұнатқаным. Нәтиже -лері болжа, әлеуметтік код жетімді. Созмын!",0,0.1395130306482315,0,0.004690208937972784,0,0.0007228377507999539
"Карта керезе, ұжымдастыру легитимдігі бойынша тәжірибемі оң. Созмын бағалаумен кетед",1,qwen_2.5_7b,84,short,consumer_reviews,119,"Кар -та керезе, ұжымдастыру легитимдіг -і бойынша тәжірибем -і оң. Соз -мын бағалау -мен кетед",0,0.00025422839098609984,0,0.00031282659620046616,0,0.0008215971756726503
"Каспи.kz - барлығы онлайн, ұжымдық шағындар мен архивдерді орындайды. Сәтті бағалаушы!",1,qwen_2.5_7b,86,short,consumer_reviews,120,"Каспи -.kz - барлығ -ы онлайн, ұжымдық шағын -дар мен архив -дер -ді орындайды. Сәт -ті бағалаушы!",1,0.996507465839386,1,0.519324779510498,0,0.035861533135175705
"Каспи.kz - бұл қолданушта отырған магазин, нәтижелеріне сәйкес сатып алу мен доставка процесстер",1,qwen_2.5_7b,96,short,consumer_reviews,121,"Каспи -.kz - бұл қолдануш -та отыр -ған магазин, нәтиже -лері -не сәйкес сатып алу мен доставка процесс -тер",0,0.010715926066040993,0,0.001205985201522708,0,0.0007478291518054903
"Каспи.kz-тің сайттері менен иштеп отырмын, барлығына рахмет!",1,qwen_2.5_7b,60,short,consumer_reviews,122,"Каспи -.kz-тің сайт -тері менен иштеп отырмын, барлығ -ы -на рахмет!",0,0.036881592124700546,0,0.0015166787197813392,0,0.0017542236018925905
"Каспи.kz - бұл әдеттегі негізгі банктан айналаған онлайн магазин. Сапаттар толық, алдымен мей",1,qwen_2.5_7b,93,short,consumer_reviews,123,"Каспи -.kz - бұл әдеттег -і негізг -і банк -тан айнала -ған онлайн магазин. Сапат -тар толық, алд -ы -мен мей",0,0.0006603782530874014,0,0.00024656503228470683,0,0.00020160494023002684
"Кассピ.kz - удобстары бар, тура мәліметтерden.",1,qwen_2.5_7b,45,short,consumer_reviews,124,"Кассピ.kz - удобс -тары бар, тура мәліметтерden.",0,0.0003612699219956994,0,0.00027005220181308687,0,0.001278240466490388
"Каспи.kz - баған мен сатып алу көбейткылықтары бар, нәтижелері уздарды.",1,qwen_2.5_7b,71,short,consumer_reviews,125,"Каспи -.kz - баған мен сатып алу көбейткылық -тары бар, нәтиже -лері уздарды.",0,0.0020069286692887545,0,0.0017868562135845423,0,0.00370599702000618
Каспи.kz дарыға сатып алу үчін непорада мен оңай. Оюндарды растап отыруда маңызды сә,1,qwen_2.5_7b,84,short,consumer_reviews,126,Каспи -.kz дары -ға сатып алу үчін непора -да мен оңай. Оюн -дар -ды растап отыру -да маңыз -ды сә,0,0.0013713978696614504,0,0.002140953904017806,0,0.0003992600832134485
"Касса оюндарында маңгұлаған, бытқыштан бастап шамалады. Рейтинг: 4/5.",1,qwen_2.5_7b,69,short,consumer_reviews,127,"Касса оюн -дары -нда маңгұлаған, бытқыш -тан бастап шамалады. Рейтинг: 4/5.",0,0.248771533370018,0,0.005504090804606676,0,0.0002226321230409667
Кассапті оқушылық мен келгенге дұрыс. Сәйкестен арналған магазин.,1,qwen_2.5_7b,65,short,consumer_reviews,128,Кассап -ті оқушылық мен келген -ге дұрыс. Сәйкес -тен арна -лған магазин.,0,0.0002563419984653592,0,0.000382470665499568,0,0.2517738342285156
Кассый менен бардык маған дұрыс түрde сәуділерге рахмет! Белгілі міндеттермен жетеді.,1,qwen_2.5_7b,85,short,consumer_reviews,129,Кассый менен бардык маған дұрыс түрde сәуді -лер -ге рахмет! Белгіл -і міндет -тер -мен жетеді.,0,0.0007374309934675694,0,0.00037434499245136976,0,0.041156105697155
"Каспи.kz - бұл қажетті магазин, удобстыққа орташа. Сатып алған товардыздарға рекомендация.",1,qwen_2.5_7b,90,short,consumer_reviews,130,"Каспи -.kz - бұл қажет -ті магазин, удобстық -қа орташа. Сатып алған товар -дыздарға рекомендация.",0,0.0022695809602737427,0,0.0037312419153749943,0,0.012124360539019108
Каспи банда әлеуметтік оюндар мен онлайн барактарды колдануға мүмкіндік береді. Келесі заманғы менен,1,qwen_2.5_7b,100,short,consumer_reviews,131,Каспи банда әлеуметтік оюн -дар мен онлайн барак -тар -ды колдану -ға мүмкіндік береді. Келе -сі заманғ -ы менен,0,0.0006848390330560505,0,0.00032084135455079377,0,0.00012171748676337302
"Кассаптан сәбейлерді олай ету мүмкін, бетте жұптамдылық. Себептермен шаралады.",1,qwen_2.5_7b,78,short,consumer_reviews,132,"Кассап -тан сәбей -лер -ді олай ету мүмкін, бет -те жұптамдылық. Себеп -тер -мен шаралады.",1,0.9829913377761841,0,0.020835082978010178,0,0.004971481394022703
Каспи банда әдетte сатып алу менен кездейстік. Рахметtedі молдоған!,1,qwen_2.5_7b,67,short,consumer_reviews,133,Каспи банда әдетte сатып алу менен кездейстік. Рахметted -і молдоған!,0,0.2879817485809326,0,0.22634583711624146,0,0.0005721477791666985
"Каспи.kz дарыялық, әдеттен жетімді.",1,qwen_2.5_7b,35,short,consumer_reviews,134,"Каспи -.kz дарыялық, әдет -тен жетімді.",0,0.0001598131493665278,0,0.00027151446556672454,0,0.0010692343348637223
Каспи.kz дұryлық және сапардық адам менен болжаған. Сатып алған магазиндерді қордаушы.,1,qwen_2.5_7b,86,short,consumer_reviews,135,Каспи -.kz дұryлық және сапардық ада -м менен болжаған. Сатып алған магазин -дер -ді қордаушы.,0,0.4326059818267822,0,0.11368270963430405,0,0.0006362517597153783
Кассピда сатып алу керектігі бар. Орташа мәртебеден ұпай берет.,1,qwen_2.5_7b,62,short,consumer_reviews,136,Кассピ -да сатып алу керектіг -і бар. Орташа мәртебе -ден ұпай берет.,0,0.20460131764411926,0,0.01736379787325859,0,0.11938587576150894
"Каспи банда ұанаған. Сатып аламынып, маңызды болды.",1,qwen_2.5_7b,51,short,consumer_reviews,137,"Каспи банда ұанаған. Сатып аламынып, маңыз -ды болды.",1,0.9056896567344666,0,0.02293177880346775,0,0.0010701147839426994
"Каспи банда әлеуметтік сұрауларды орындап, м да нәтижелерге болады. Бандағы стейтмэнagement жө",1,qwen_2.5_7b,94,short,consumer_reviews,138,"Каспи банда әлеуметтік сұрау -лар -ды орындап, м да нәтиже -лер -ге болады. Бандағ -ы стейтмэнagement жө",0,0.002056446857750416,0,0.0006362861022353172,0,0.0005584934842772782
Каспи.kz дарыяға тығызды! Белгілі реттерде басты мәліметтер оюнуна да байланысты проблемаларды,1,qwen_2.5_7b,94,short,consumer_reviews,139,Каспи -.kz дарыя -ға тығызды! Белгіл -і рет -тер -де бас -ты мәлімет -тер оюну -на да байланыс -ты проблема -лар -ды,0,0.00033392978366464376,0,0.00040242308750748634,0,0.00021964948973618448
Кассаптан маңгыздық! Нәтижелерді табу қоршылығы мен уюмында бар.,1,qwen_2.5_7b,64,short,consumer_reviews,140,Кассап -тан маңгыздық! Нәтиже -лер -ді табу қоршылығ -ы мен уюм -ы -нда бар.,1,0.998643696308136,0,0.044205036014318466,0,0.00021454665693454444
"Каспи.kz - керекті бар, рахметtar! Сапатынан маңгұлы және шамамен.",1,qwen_2.5_7b,66,short,consumer_reviews,141,"Каспи -.kz - керек -ті бар, рахметtar! Сапат -ы -нан маңгұл -ы және шамамен.",0,0.0019379579462110996,0,0.0048674773424863815,0,0.00028474617283791304
"Каспи.kz - бұл негизгі банк, сапары ретінде маңызды.",1,qwen_2.5_7b,52,short,consumer_reviews,142,"Каспи -.kz - бұл негизг -і банк -, сапар -ы рет -і -нде маңызды.",0,0.27435845136642456,0,0.0011312814895063639,0,0.00027542535099200904
Кассаптасу ұнатылығына тең. Сапар нәтижелері бойынша да маңызды.,1,qwen_2.5_7b,64,short,consumer_reviews,143,Кассаптасу ұнатылығ -ы -на тең. Сапар нәтиже -лері бойынша да маңызды.,1,0.9993128776550293,1,0.9887080192565918,1,0.8430200815200806
"Каспи.kz - негизгі магазин, барлығына келгендерге сәтты сатып алу үшін керектір.",1,qwen_2.5_7b,80,short,consumer_reviews,144,"Каспи -.kz - негизг -і магазин, барлығ -ы -на келген -дер -ге сәт -ты сатып алу үшін керектір.",0,0.12029893696308136,0,0.0044401176273822784,0,0.000407153507694602
"Карта жоғары, монетасы келесіге түрленген. Сатып алдымда дауыс берермен болды.",1,qwen_2.5_7b,78,short,consumer_reviews,145,"Кар -та жоғары, монета -сы келе -сі -ге түрленген. Сатып алды -м -да дауыс берер -мен болды.",0,0.0018815348157659173,0,0.009294548071920872,0,0.23871749639511108
"Каспи.kz - нәтижелерды оңай табу мүмкіндігі бар, бирde суреттер мен нұрттарды көру ө",1,qwen_2.5_7b,84,short,consumer_reviews,146,"Каспи -.kz - нәтиже -лер -ды оңай табу мүмкіндіг -і бар, бирde сурет -тер мен нұрт -тар -ды көру ө",1,0.884478747844696,0,0.005311432294547558,0,0.00026218732818961143
"Кассапта алғашқы мамиелер болды, барлығы іздеп атқанды. Оқушылар мен адамдар ұзақ сәбеттен п",1,qwen_2.5_7b,92,short,consumer_reviews,147,"Кассап -та алғашқ -ы мамие -лер болды, барлығ -ы іздеп атқанды. Оқушы -лар мен адам -дар ұзақ сәбет -тен п",0,0.0005354274762794375,0,0.0008448677835986018,0,0.0017103292047977448
Карта және кредиттер неше мезгілдерде маңызды. Оң нәтижелер!,1,qwen_2.5_7b,60,short,consumer_reviews,148,Кар -та және кредит -тер неше мезгіл -дер -де маңызды. Оң нәтижелер!,0,0.0005761634674854577,0,0.0036299005150794983,0,0.006745929364115
"Каспи.kz дарыяға келген! Азықтап, ұзақ беттерге навигациясы жоқ.",1,qwen_2.5_7b,64,short,consumer_reviews,149,"Каспи -.kz дарыя -ға келген! Азықтап, ұзақ бет -тер -ге навигация -сы жоқ.",0,0.1610681414604187,0,0.001527136075310409,0,0.0003323563723824918
"Каспи.kz - удобстары бар, тура сәлALCHEMYбеттік. Сатып аламында жолдары маңызды!",1,qwen_2.5_7b,80,short,consumer_reviews,150,"Каспи -.kz - удобс -тары бар, тура сәлALCHEMYбеттік. Сатып алам -ы -нда жол -дары маңызды!",1,0.9848737716674805,0,0.46306467056274414,0,0.0002435672504361719
"Каспи.kzда сатып алдым. Ақша мен тартиби оңай, достоинстары бар.",1,qwen_2.5_7b,64,short,consumer_reviews,151,"Каспи -.kzда сатып алдым. Ақша мен тартиби оңай, достоинс -тары бар.",1,0.9821017384529114,1,0.9903568625450134,0,0.0008279031608253717
Каспи банда әдеттей бар табиғатты сатып аламын. Белгілі реттерде да оюмбұстарды же накты,1,qwen_2.5_7b,88,short,consumer_reviews,152,Каспи банда әдеттей бар табиғат -ты сатып аламын. Белгіл -і рет -тер -де да оюмбұс -тар -ды же нак -ты,0,0.0016493166331201792,0,0.0012326255673542619,0,0.00014574703527614474
"Каспи банка сыниктап, ұшақтарды жетілдетті. Барлығы нәтижелерге танымал.",1,qwen_2.5_7b,72,short,consumer_reviews,153,"Каспи банк -а сыниктап, ұшақ -тар -ды жетілдетті. Барлығ -ы нәтиже -лер -ге танымал.",1,0.9710010290145874,0,0.015754038468003273,0,0.0004774106200784445
Каспи.kz - өмірге рұқсат ететін магазин! Кожаңыздарды оңай сатып алуға және дост,1,qwen_2.5_7b,80,short,consumer_reviews,154,Каспи -.kz - өмір -ге рұқсат ететін магазин! Кожаңыз -дар -ды оңай сатып алу -ға және дост,1,0.8981042504310608,0,0.19792470335960388,0,0.00036488196928985417
"Каспи.kz дарыялық, әлеуметтік қоғамдық манапаны менен іздеп көрдім. Сатып алб",1,qwen_2.5_7b,77,short,consumer_reviews,155,"Каспи -.kz дарыялық, әлеуметтік қоғамдық манапа -ны менен іздеп көрдім. Сатып алб",0,0.0010085846297442913,0,0.0013016248121857643,0,0.0003246830601710826
Каспи.kz дә帽地网购平台，购物方便快捷。,1,qwen_2.5_7b,25,short,consumer_reviews,156,Каспи -.kz дә帽地网购平台，购物方便快捷。,0,0.0006644212990067899,0,0.0010856692679226398,0,0.0004618935054168105
Каспи банда әлеуметтік пікірді бардык туралы. Сатып алған адамдардан тыныштаулар кездесет,1,qwen_2.5_7b,89,short,consumer_reviews,157,Каспи банда әлеуметтік пікір -ді бардык туралы. Сатып алған адам -дар -дан тыныштау -лар кездесет,0,0.03858845680952072,0,0.0115605304017663,0,0.00018833322974387556
"Карта жоғары. Барлық функцияларды борда, ұсыныстарды орындап береді. Сәтті нұмбау!",1,qwen_2.5_7b,82,short,consumer_reviews,158,"Кар -та жоғары. Барлық функция -лар -ды борда, ұсыныс -тар -ды орындап береді. Сәт -ті нұмбау!",1,0.99859219789505,1,0.7615019679069519,1,0.9934960603713989
"Кассый деңгейі继译
user
Кассипті сатып алу керектігіне болжап сенімді дәkeypress to continue...",1,qwen_2.5_7b,93,short,consumer_reviews,159,Кассый деңгейі继译 user Кассип -ті сатып алу керектіг -і -не болжап сені -м -ді дәkeypress to continue...,0,0.019535459578037262,0,0.005211387295275927,0,0.00016961328219622374
Кассый астында сапармен ұзақ кездесейтін нәтижелерды ойндайды. Сәліктігі мен цендалуы менен,1,qwen_2.5_7b,91,short,consumer_reviews,160,Кассый аст -ы -нда сапар -мен ұзақ кездесе -йтін нәтиже -лер -ды ойндайды. Сәліктіг -і мен цендалу -ы менен,0,0.000285390269709751,0,0.00036877411184832454,0,0.00020493185729719698
"Касспа банка менен багытталған, сатып алудан маңызды нәтиже олай болды.",1,qwen_2.5_7b,71,short,consumer_reviews,161,"Касспа банк -а менен багытталған, сатып алу -дан маңыз -ды нәтиже олай болды.",1,0.9812381863594055,1,0.5709858536720276,0,0.003828913439065218
Каспи.kz дарыялық және жетишті! Сапатына сұрақ бейбеймый.,1,qwen_2.5_7b,57,short,consumer_reviews,162,Каспи -.kz дарыялық және жетишті! Сапат -ы -на сұрақ бейбеймый.,0,0.0008176612318493426,0,0.0010567542631179094,0,0.00022400675516109914
"Каспи банда бастауға мүмкіндікті береді, рахмет!",1,qwen_2.5_7b,48,short,consumer_reviews,163,"Каспи банда бастау -ға мүмкіндік -ті береді, рахмет!",0,0.10147430002689362,0,0.03571101650595665,0,0.0005996361142024398
Карта мен сапатты маңгыздықтан қолдануға болады. Алдағы ретте алдымен монеттану қажет.,1,qwen_2.5_7b,86,short,consumer_reviews,164,Кар -та мен сапат -ты маңгыздық -тан қолдану -ға болады. Алдағ -ы рет -те алд -ы -мен монеттану қажет.,0,0.15944872796535492,0,0.003946051001548767,0,0.0006500125746242702
Каспи банка менің танымамдықтым мен оны жеңедімен сапардаған. Акс кейиңіздегі бас ретті сат,1,qwen_2.5_7b,91,short,consumer_reviews,165,Каспи банк -а мені -ң танымамдықты -м мен оны жеңед -і -мен сапардаған. Акс кейиңіздег -і бас рет -ті сат,0,0.05306899920105934,0,0.0034260237589478493,0,0.00012768343731295317
"Каспи банда әлеумейт мезгілдері бар, ұсыналуына да көп кешенет.",1,qwen_2.5_7b,63,short,consumer_reviews,166,"Каспи банда әлеумейт мезгіл -дері бар, ұсыналу -ы -на да көп кешенет.",0,0.0004794386331923306,0,0.00038871439755894244,0,0.0003446198534220457
"Каспи.kz - негизгі магазин, бардығында оңай сатып алуға болады.",1,qwen_2.5_7b,63,short,consumer_reviews,167,"Каспи -.kz - негизг -і магазин, бардығ -ы -нда оңай сатып алу -ға болады.",0,0.007549762725830078,0,0.0017517146188765764,0,0.00021561859466601163
"Каспи банка магазинінен алдын ала сатып алады, әдетте да маңызды.",1,qwen_2.5_7b,65,short,consumer_reviews,168,"Каспи банк -а магазин -і -нен алдын ала сатып алады, әдет -те да маңызды.",1,0.9994158744812012,0,0.0020722795743495226,0,0.0048650531098246574
Каспи.kzда маңгыздықтан сатып алдым. Аксессуарларды реттеуден толаптамды.,1,qwen_2.5_7b,73,short,consumer_reviews,169,Каспи -.kzда маңгыздық -тан сатып алдым. Аксессуар -лар -ды реттеу -ден толаптамды.,1,0.9991046786308289,1,0.9993159770965576,0,0.0002166805643355474
"Кассапен кездешет, сатып алған адамдардың турмушылы болуп шығадар. Белгілі реттерде басты сұ",1,qwen_2.5_7b,92,short,consumer_reviews,170,"Касса -пен кездешет, сатып алған адам -дар -дың турмушыл -ы болуп шығадар. Белгіл -і рет -тер -де бас -ты сұ",0,0.0004701752623077482,0,0.0009344046702608466,0,0.00023812064318917692
"Карта шамалдаған, достурлық қоры және нептунды. Сапаттары бастаушыға жетейт.",1,qwen_2.5_7b,76,short,consumer_reviews,171,"Кар -та шамалдаған, достурлық қор -ы және нептунды. Сапат -тары бастауш -ы -ға жетейт.",0,0.0001848552201408893,0,0.0002737352333497256,0,0.0005539981066249311
"Касспi кездешетін, мүмкіндіктен барлығы пайдалануға болады. Белгілі сәттерде арнал",1,qwen_2.5_7b,82,short,consumer_reviews,172,"Касспi кездешетін, мүмкіндік -тен барлығ -ы пайдалану -ға болады. Белгіл -і сәт -тер -де арна -л",0,0.0005477269878610969,0,0.0004645558656193316,0,0.0032820701599121094
"Касспа мененişтері нәтижелерге тең! Сапар толығырақ, қоңылып отыр.",1,qwen_2.5_7b,66,short,consumer_reviews,173,"Касспа мененiş -тері нәтиже -лер -ге тең! Сапар толығырақ, қоңылып отыр.",0,0.49212557077407837,0,0.4610162377357483,0,0.0003352210042066872
Каспи бандағы онлайн магазинін кездешетимен. Ақша және доставка оң. Себептерімді бағалау келеді.,1,qwen_2.5_7b,96,short,consumer_reviews,174,Каспи бандағ -ы онлайн магазинін кездешетимен. Ақша және доставка оң. Себептері -м -ді бағалау келеді.,0,0.0005442301044240594,0,0.0003383022849448025,0,0.0010262125870212913
"Каспи.kz - бағдарламаларды әртүрлі сапанда бери отырған, ұзақ мезгілге келген қад",1,qwen_2.5_7b,81,short,consumer_reviews,175,"Каспи -.kz - бағдарлама -лар -ды әртүрл -і сапа -нда бери отырған, ұзақ мезгіл -ге кел -ген қад",0,0.00026051458553411067,0,0.0002300234918948263,0,0.0003249698202125728
"Каспи.kz дарыяда, уәлі болады. Саптаманы оң.",1,qwen_2.5_7b,44,short,consumer_reviews,176,"Каспи -.kz дарыяда, уәл -і болады. Саптама -ны оң.",0,0.0002569692151155323,0,0.0003759120008908212,0,0.0009359376272186637
"Каспи банка онлайн жетиштірмей алуға мүмкіндік береді, барлық кезинде рұқсат енгізді.",1,qwen_2.5_7b,85,short,consumer_reviews,177,"Каспи банк -а онлайн жетиштірмей алу -ға мүмкіндік береді, барлық кези -нде рұқсат енгізді.",0,0.0006237276829779148,0,0.000643974868580699,0,0.0007234890945255756
Каспи.kz - өнімдері барлығына рахмет! Атап ұстау және доставка орташа. Сатып алдында ма,1,qwen_2.5_7b,87,short,consumer_reviews,178,Каспи -.kz - өнім -дері барлығ -ы -на рахмет! Атап ұстау және доставка орташа. Сатып алд -ы -нда ма,0,0.006666963454335928,0,0.0007174808997660875,0,0.025206923484802246
Кассピда әлеуметтік магазиндері мен онлайн платформасына сатып алу ұнатылған. Тортурулуші және достав,1,qwen_2.5_7b,100,short,consumer_reviews,179,Кассピ -да әлеуметтік магазин -дері мен онлайн платформа -сы -на сатып алу ұнатылған. Тортурулуш -і және достав,0,0.002053608885034919,0,0.0008119092672131956,0,0.0002473861095495522
"Каспи.kz дұрыс, барылыша жетілдірілген сатып алу платформасы!",1,qwen_2.5_7b,61,short,consumer_reviews,180,"Каспи -.kz дұрыс, барылыша жетілдіріл -ген сатып алу платформасы!",0,0.17194508016109467,0,0.04874726012349129,0,0.0005421976093202829
"Кассаптобы жоғары, ұлақтық ценына!",1,qwen_2.5_7b,34,short,consumer_reviews,181,"Кассаптоб -ы жоғары, ұлақтық ценына!",0,0.0009404339361935854,0,0.0006701583042740822,0,0.00016260813572444022
Каспи банда әлеуметтік мемлекеттен жол бар. Сатып аламының ішкі процесстері натанышта шындығ,1,qwen_2.5_7b,92,short,consumer_reviews,182,Каспи банда әлеуметтік мемлекет -тен жол бар. Сатып алам -ы -ның ішк -і процесс -тері натаныш -та шындығ,0,0.004258054308593273,0,0.0014628613134846091,0,0.00010478261538082734
"Каспи.kz - керекті бар, әртүрлі сатып алу мүмкіндігі болғанда да негизгі туралы",1,qwen_2.5_7b,79,short,consumer_reviews,183,"Каспи -.kz - керек -ті бар, әртүрл -і сатып алу мүмкіндіг -і болға -нда да негизг -і турал -ы",0,0.00875947531312704,0,0.0010582997929304838,0,0.0001811133697628975
Кассапен онлайнда шамалды беттеп алуға болады. Оң пікір!,1,qwen_2.5_7b,56,short,consumer_reviews,184,Касса -пен онлай -нда шамал -ды беттеп алу -ға болады. Оң пікір!,1,0.6852898001670837,0,0.480253666639328,0,0.00019501404312904924
"Каспи.kzда сатып алған, уәдізді растармаға тұрақты. Рахмет!",1,qwen_2.5_7b,59,short,consumer_reviews,185,"Каспи -.kzда сатып алған, уәдіз -ді растарма -ға тұрақты. Рахмет!",1,0.9966586828231812,1,0.9898684024810791,0,0.001619746908545494
"Каспи банда ұнатуы мүмкін, барлығы нәтижелерды тыңдайтыныр, рахмет!",1,qwen_2.5_7b,67,short,consumer_reviews,186,"Каспи банда ұнату -ы мүмкін, барлығ -ы нәтиже -лер -ды тыңдайтыныр, рахмет!",1,0.9983804225921631,0,0.03423944488167763,0,0.001224501640535891
"Каспи.kz да барып, нәтижелерге маңызды ой жеткізе алдымен магазинге ұзақ уақытта пай",1,qwen_2.5_7b,84,short,consumer_reviews,187,"Каспи -.kz да барып, нәтиже -лер -ге маңыз -ды ой жеткізе алд -ы -мен магазин -ге ұзақ уақыт -та пай",0,0.0005043984274379909,0,0.00027709046844393015,0,0.0016631282633170485
Каспи.kz - бұл магазинда маңызды санаттарды орналастыратын жана нәтижелеріңізді оюндасты,1,qwen_2.5_7b,88,short,consumer_reviews,188,Каспи -.kz - бұл магази -нда маңыз -ды санат -тар -ды орналастыр -атын жана нәтиже -леріңіз -ді оюндас -ты,0,0.00015991146210581064,0,0.00019580384832806885,0,0.00015766384603921324
"Касса мейdana келген, бірнеше товарды сатады. Оңай қолданылады.",1,qwen_2.5_7b,63,short,consumer_reviews,189,"Касса мейdana келген, бірнеше товар -ды сатады. Оңай қолданылады.",0,0.004298596177250147,0,0.008831430226564407,0,0.014107643626630306
"Каспи.kzда маңызды сапарлар бар, доставка ұшақ. Ақша мен тарыхтуу карточкаларды қолдану мүм",1,qwen_2.5_7b,91,short,consumer_reviews,190,"Каспи -.kzда маңыз -ды сапар -лар бар, доставка ұшақ. Ақша мен тарыхтуу карточка -лар -ды қолдану мүм",0,0.01798919215798378,0,0.0016908628167584538,0,0.00045255848090164363
"Касспі кері бетіне тырысу мүмкіндігі бар, әлеуметтік шағыны мен бағалау кем.",1,qwen_2.5_7b,76,short,consumer_reviews,191,"Кассп -і кер -і бет -і -не тырысу мүмкіндіг -і бар, әлеуметтік шағ -ы -ны мен бағалау кем.",0,0.001771898940205574,0,0.0005202620523050427,0,0.12965895235538483
"Каспи.kz - ұзақ қаржы бор, сатып алған магазиндерден кейбірі неше аптанында келеді.",1,qwen_2.5_7b,83,short,consumer_reviews,192,"Каспи -.kz - ұзақ қарж -ы бор, сатып алған магазин -дер -ден кейбір -і неше аптан -ы -нда келеді.",0,0.00029483227990567684,0,0.0003383340663276613,0,0.0002503821742720902
"Каспи.kz дарыя бар, әлеуметтік пайдаланушылар менен болғонда тынышу мүмкін.",1,qwen_2.5_7b,75,short,consumer_reviews,193,"Каспи -.kz дарыя бар, әлеуметтік пайдаланушы -лар менен болғо -нда тынышу мүмкін.",1,0.6186625957489014,0,0.0006722545367665589,0,0.00033792885369621217
"Каспи.kz дарыяға жеткенімізді баяндайды, баға нәтижелері мен уақытta камтималығы",1,qwen_2.5_7b,80,short,consumer_reviews,194,"Каспи -.kz дарыя -ға жеткен -іміз -ді баяндайды, баға нәтиже -лері мен уақытta камтималығ -ы",0,0.0003488473012112081,0,0.00031276370282284915,0,0.004067760892212391
"Каспи.kz - бұл негизгі банк. Сапар маңызды, мәтінді жетілуі мезгилдей.",1,qwen_2.5_7b,70,short,consumer_reviews,195,"Каспи -.kz - бұл негизг -і банк -. Сапар маңызды, мәтін -ді жетілу -і мезгилдей.",0,0.00922080222517252,0,0.0023762183263897896,0,0.0009985169162973762
Каспи банда ұзақ беттен пайдаланушылар менімен толығырақ мезгілде ойндайды және саптамалы,1,qwen_2.5_7b,89,short,consumer_reviews,196,Каспи банда ұзақ бет -тен пайдаланушы -лар мен -і -мен толығырақ мезгіл -де ойнда -йды және саптамал -ы,0,0.00020974224025849253,0,0.0002240761969005689,0,0.00023127679014578462
"Каспи.kz - бұл негизгі банк, алдағы магазиндерден сатып алу үшін маңызды. Белgiнен к",1,qwen_2.5_7b,84,short,consumer_reviews,197,"Каспи -.kz - бұл негизг -і банк -, алдағ -ы магазин -дер -ден сатып алу үшін маңызды. Белgi -нен к",0,0.0642898753285408,0,0.0022898013703525066,0,0.00023735039576422423
"Касспа умтылы, ұзақ мезгілтірімен жарияланады.",1,qwen_2.5_7b,46,short,consumer_reviews,198,"Касспа умтылы, ұзақ мезгілтір -і -мен жарияланады.",0,0.00034594390308484435,0,0.00030086981132626534,0,0.002395060146227479
Каспи.kz дарыға тур алу үчен мыnzан ұзақша біреуім. Саптама және ценалар тестеткенмен м,1,qwen_2.5_7b,87,short,consumer_reviews,199,Каспи -.kz дары -ға тур алу үчен мыnzан ұзақша біреуім. Саптама және цена -лар тестеткен -мен м,0,0.00029969547176733613,0,0.0002760204952210188,0,0.0003976478474214673
Каспи.kz-та сатып алу ұнатылығы маңгызды! Рахметted!,1,qwen_2.5_7b,52,short,consumer_reviews,200,Каспи -.kz-та сатып алу ұнатылығ -ы маңгызды! Рахметted!,1,0.998339056968689,1,0.9979318380355835,0,0.0004918671911582351
Кассаптобы ретінde жоғары бағалаңыз. Берилген нәтижелерді оюздармен болжады.,1,qwen_2.5_7b,76,short,consumer_reviews,201,Кассаптоб -ы ретінde жоғар -ы бағалаңыз. Берил -ген нәтиже -лер -ді оюз -дар -мен болжады.,0,0.013779012486338615,0,0.0004236161184962839,0,0.001149234245531261
"Каспи.kz - кеңінен маңгыздық берет, сатып алу过程已结束，以下是生成的评论：

在Kaspi.kz购物非常方便快捷，商品种类",1,qwen_2.5_7b,84,short,consumer_reviews,202,"Каспи -.kz - кең -і -нен маңгыздық берет, сатып алу过程已结束，以下是生成的评论： 在Kaspi.kz购物非常方便快捷，商品种类",0,0.15705418586730957,0,0.002018250059336424,0,0.00032943306723609567
Каспи банда ұзак істемесім дарығанымен сәтті сатып алдымын. Белгілі бағасы мен негиз,1,qwen_2.5_7b,84,short,consumer_reviews,203,Каспи банда ұзак істемесі -м дарыған -ы -мен сәт -ті сатып алдымын. Белгіл -і баға -сы мен негиз,0,0.001078071421943605,0,0.0008695712313055992,0,0.00017899810336530209
Кассый адамдар менен шеттігімді. Табиғатта болуп келген және маңызды мөлдіктермен барылады,1,qwen_2.5_7b,90,short,consumer_reviews,204,Кассый адам -дар менен шеттігімді. Табиғат -та болуп кел -ген және маңыз -ды мөлдік -тер -мен барыл -ады,0,0.00023315343423746526,0,0.00032713866676203907,0,0.00031100044725462794
"Каспи банда ұябанным! Рахметted!/ Каспи баннаға рахмет, әлеуметтік пайдаланушылар менен бірдей",1,qwen_2.5_7b,94,short,consumer_reviews,205,"Каспи банда ұябанным! Рахметted!/ Каспи банна -ға рахмет, әлеуметтік пайдаланушы -лар менен бірдей",0,0.0024750002194195986,0,0.00155598483979702,0,0.000474215776193887
Каспи банда әлеуметтік магазиндерді жогору бағалаушылардан танымал. Сапарлык сатып алуға,1,qwen_2.5_7b,88,short,consumer_reviews,206,Каспи банда әлеуметтік магазин -дер -ді жогору бағалаушы -лар -дан танымал. Сапарлык сатып алу -ға,0,0.014779963530600071,0,0.004462025593966246,0,0.00016985506226774305
Каспи банда ұзақ бардығы мені жетілетуге мүмкіндік береді. Сәтті нөмірлер менен атта,1,qwen_2.5_7b,84,short,consumer_reviews,207,Каспи банда ұзақ бардығ -ы мен -і жетілету -ге мүмкіндік береді. Сәт -ті нөмір -лер менен атта,0,0.0019751330837607384,0,0.00036445213481783867,0,0.003889797953888774
Каспи банда әлеуметтік магазиндер мен онлайн аудармаларды ұпап береді. Рейтинги ма undecided.,1,qwen_2.5_7b,93,short,consumer_reviews,208,Каспи банда әлеуметтік магазин -дер мен онлайн аударма -лар -ды ұпап береді. Рейтинги ма undecided.,0,0.001694742008112371,0,0.0011831540614366531,0,0.00027198446332477033
"Каспи банка онлайн сатып алу过程如下：

1. 打开Kaspi.kz网站或应用。
2. 在搜索栏输入您要购买的商品名称，例如“手机”、“电视”等。",1,qwen_2.5_7b,87,short,consumer_reviews,209,Каспи банк -а онлайн сатып алу过程如下： 1. 打开Kaspi.kz网站或应用。 2. 在搜索栏输入您要购买的商品名称，例如“手机”、“电视”等。,0,0.026189642027020454,0,0.031123405322432518,0,0.0004480013740248978
"Кассаптан нәтижесін ойндайды, барлығы менен тұрақты.",1,qwen_2.5_7b,52,short,consumer_reviews,210,"Кассап -тан нәтиже -сін ойндайды, барлығ -ы менен тұрақты.",0,0.0002706963859964162,0,0.000439026509411633,0,0.06419805437326431
"Каспи.kz деген онлайн магазин неперебири және ұзақ ретке түседі. Сапарлар болжа, қорғаныш",1,qwen_2.5_7b,89,short,consumer_reviews,211,"Каспи -.kz деген онлайн магазин неперебири және ұзақ рет -ке түседі. Сапар -лар болжа, қорғаныш",0,0.00035443430533632636,0,0.0005214297561906278,0,0.001102843671105802
Каспи банда әлеуметтік саясатына нерсел! Ақша мензелилері жана кредиттери жоғары қаланған.,1,qwen_2.5_7b,90,short,consumer_reviews,212,Каспи банда әлеуметтік саясат -ы -на нерсел! Ақша мензели -лері жана кредиттери жоғар -ы қаланған.,0,0.0031419263686984777,0,0.0007479588966816664,0,0.00010998977813869715
"Кассピ келтірмегі менен ұжастыған. Сапаттар оңай, әртүрлі түрлерdedан тиіндірі",1,qwen_2.5_7b,77,short,consumer_reviews,213,"Кассピ келтірмег -і менен ұжастыған. Сапат -тар оңай, әртүрл -і түрлерdedан тиіндір -і",0,0.0001240507554030046,0,0.0001467060501454398,0,0.000990677741356194
"Каспи.kz - барлығы мұжым, нәтиже болды! Аздақтары ретінde орналасқан, қолданушылар мен",1,qwen_2.5_7b,86,short,consumer_reviews,214,"Каспи -.kz - барлығ -ы мұжым, нәтиже болды! Аздақ -тары ретінde орналасқан, қолданушы -лар мен",0,0.001273728790692985,0,0.0006658615893684328,0,0.004802125971764326
Каспи банда ұнаймыздары нәтижелермен! Сапан менен қолдануда кездестіреді.,1,qwen_2.5_7b,73,short,consumer_reviews,215,Каспи банда ұнаймыз -дары нәтижелермен! Сапан менен қолдану -да кездестіреді.,0,0.0015403663273900747,0,0.026465104892849922,0,0.000506232085172087
Карта функциялдығына және ұпай рети менен м дауыс береймін. Оқушылық штабында біздің,1,qwen_2.5_7b,84,short,consumer_reviews,216,Кар -та функциялдығ -ы -на және ұпай рети менен м дауыс береймін. Оқушылық штаб -ы -нда біз -дің,0,0.00023579993285238743,0,0.0005326520767994225,0,0.00048584374599158764
"Каспи.kz - нәтижелер тұрақтартылыма! Сапаттарына қарсы, қадамдық шешімдер бар.",1,qwen_2.5_7b,78,short,consumer_reviews,217,"Каспи -.kz - нәтиже -лер тұрақтартылыма! Сапат -тары -на қарсы, қадамдық шешім -дер бар.",1,0.9958904981613159,0,0.36141014099121094,0,0.0004419397155288607
"Кассапті ұзақ кездестермен орындады, мәжбүр болдымыздар. Оқиғаны менен багытталады.",1,qwen_2.5_7b,83,short,consumer_reviews,218,"Кассап -ті ұзақ кездес -тер -мен орындады, мәжбүр болдымыздар. Оқиға -ны менен багытталады.",0,0.03495524078607559,0,0.02163071744143963,1,0.6435192823410034
"Каспи.kz-ке сыйлаушы! Нәтижелері бар, да ұшақтар мен кадырлы оюныздар бар.",1,qwen_2.5_7b,74,short,consumer_reviews,219,"Каспи -.kz-ке сыйлаушы! Нәтиже -лері бар, да ұшақ -тар мен кадырл -ы оюныз -дар бар.",0,0.01726658269762993,0,0.0024832591880112886,0,0.0002676208096090704
Кассピ барыс магазині - негизгі мүмкіндіктен пайдалануға болады! Сапаттар ретінde ценелей,1,qwen_2.5_7b,88,short,consumer_reviews,220,Кассピ барыс магази -ні - негизг -і мүмкіндік -тен пайдалану -ға болады! Сапат -тар ретінde ценелей,0,0.0003427365736570209,0,0.00033496093237772584,0,0.00020214698452036828
Каспи.kz - бұл негіздеріне мүмкіндіктер мен тез доставка!,1,qwen_2.5_7b,57,short,consumer_reviews,221,Каспи -.kz - бұл негіз -дері -не мүмкіндік -тер мен тез доставка -!,1,0.9830816388130188,0,0.003629457438364625,0,0.0006773920613341033
"Каспи банда әдеттен негизделген, ұсыныстарды растабейлермен сатады. Сапаттағы магазинді бір нече",1,qwen_2.5_7b,96,short,consumer_reviews,222,"Каспи банда әдет -тен негизделген, ұсыныс -тар -ды растабей -лер -мен сатады. Сапаттағ -ы магазин -ді бір нече",0,0.0005017996882088482,0,0.00041427521500736475,0,0.00028004750492982566
"Каспи.kz - өндүрген магазиндердің бири, тура қаржы мен адамдық кері байланыштардан бар. Сат",1,qwen_2.5_7b,91,short,consumer_reviews,223,"Каспи -.kz - өндүр -ген магазин -дер -дің бири, тура қарж -ы мен адамдық кер -і байланыш -тар -дан бар. Сат",0,0.00040383960003964603,0,0.00042605874477885664,0,0.00013555334589909762
Каспи банда сәтті басқару мен растуға оқиға берген. Нерселер танымдылықтарына натыйжанын.,1,qwen_2.5_7b,89,short,consumer_reviews,224,Каспи банда сәт -ті басқару мен расту -ға оқи -ға берген. Нерсе -лер танымдылық -тары -на натыйжанын.,0,0.0009946811478585005,0,0.000563581648748368,0,0.00025420464226044714
Каспи бандағы сатып алу менен келген мамиле нерселерімен сурайы. Сәтті басқармадан!,1,qwen_2.5_7b,83,short,consumer_reviews,225,Каспи бандағ -ы сатып алу менен кел -ген мамиле нерсе -лері -мен сурайы. Сәт -ті басқармадан!,0,0.08167552202939987,0,0.0020918864756822586,0,0.0001686546893324703
"Карта негизінен жұмсуздықты орындайды, бірақ ценды жоғары мен тәулікті болашаған.",1,qwen_2.5_7b,81,short,consumer_reviews,226,"Кар -та негиз -і -нен жұмсуздық -ты орындайды, бірақ цен -ды жоғар -ы мен тәулік -ті болашаған.",0,0.0002830666198860854,0,0.001267655985429883,0,0.0018941271118819714
Каспи банка менен иштеп далау келесі орынды бармын. Альдааны жою үчүн чагылыштуу!,1,qwen_2.5_7b,81,short,consumer_reviews,227,Каспи банк -а менен иштеп далау келе -сі орын -ды бармын. Альдаа -ны жою үчүн чагылыштуу!,0,0.007187745533883572,0,0.0029486832208931446,0,0.00011931710469070822
Каспи банда сәттер бар. Сапатты ұзын ом berгенде жетишкен.,1,qwen_2.5_7b,58,short,consumer_reviews,228,Каспи банда сәт -тер бар. Сапат -ты ұзын ом berге -нде жетишкен.,0,0.0023510039318352938,0,0.0005387327400967479,0,0.00016191668692044914
"Кассипен келген! Нәтижесінің кейбі线索推理：这道题目的关键在于理解句子中的逻辑关系和情感倾向。首先，""Кассипен келген!""",1,qwen_2.5_7b,85,short,consumer_reviews,229,"Касси -пен келген! Нәтиже -сі -нің кейбі线索推理：这道题目的关键在于理解句子中的逻辑关系和情感倾向。首先，""Касси -пен келген!""",1,0.9908190369606018,1,0.6525737047195435,0,0.0003820763959083706
Каспи банда әлеуметтік қорғау және сапармен пайдалы. Сейри менен толық ақпарат береді.,1,qwen_2.5_7b,86,short,consumer_reviews,230,Каспи банда әлеуметтік қорғау және сапар -мен пайдалы. Сейри менен толық ақпарат береді.,1,0.6367546319961548,0,0.1921277642250061,0,0.009797744452953339
"Каспи.kz - келесі менен кездестереді! Аздағы ұлақтар мен беті удобтап, магазиндерге орналасқан.",1,qwen_2.5_7b,95,short,consumer_reviews,231,"Каспи -.kz - келе -сі менен кездестереді! Аздағ -ы ұлақ -тар мен бет -і удобтап, магазин -дер -ге орналасқан.",0,0.001216743839904666,0,0.00046382908476516604,0,0.00022990575234871358
"Каспи банка турмушта болып стаяды, әлеуметтік мезгілді орындайды.",1,qwen_2.5_7b,65,short,consumer_reviews,232,"Каспи банк -а турмуш -та болып стаяды, әлеуметтік мезгіл -ді орындайды.",0,0.010329936631023884,0,0.0018811605405062437,0,0.0004625473520718515
"Каспи банда ұзақ жариялық болғанымен, сертификаттар мен нәтижелері болжол.",1,qwen_2.5_7b,74,short,consumer_reviews,233,"Каспи банда ұзақ жариялық болғанымен, сертификат -тар мен нәтиже -лері болжол.",0,0.0022639150265604258,0,0.001986639341339469,0,0.008666923269629478
"Каспи.kz - әлеуметтік банки, ұзак саясаттағы кредиттер мен商品评价：卡斯皮.kz是一家在线银行，提供长期贷款服务。用户体验良好",1,qwen_2.5_7b,92,short,consumer_reviews,234,"Каспи -.kz - әлеуметтік банк -и, ұзак саясаттағ -ы кредит -тер мен商品评价：卡斯皮.kz是一家在线银行，提供长期贷款服务。用户体验良好",0,0.001534062554128468,0,0.0005327637773007154,0,0.00035348223173059523
"Каспи.kzда маңгылыстыруға болады. Саптаманы орындайды, бардығы тура.",1,qwen_2.5_7b,68,short,consumer_reviews,235,"Каспи -.kzда маңгылыстыру -ға болады. Саптама -ны орындайды, бардығ -ы тура.",0,0.0006318219238892198,0,0.0003746220318134874,0,0.016970062628388405
Каспи банда ұшақтан кездестер болды. Алаштырулар жетиштілігі бойынша да маңызды.,1,qwen_2.5_7b,80,short,consumer_reviews,236,Каспи банда ұшақ -тан кездес -тер болды. Алаштыру -лар жетиштіліг -і бойынша да маңызды.,1,0.8371669054031372,0,0.002990816254168749,0,0.00039701416972093284
"Каспи.kz деген сайт ұлы, барыс імнеулері нәтижелерге теушті!",1,qwen_2.5_7b,60,short,consumer_reviews,237,"Каспи -.kz деген сайт ұлы, барыс імнеу -лері нәтиже -лер -ге теушті!",0,0.0007294227252714336,0,0.0011530262418091297,0,0.0003238801728002727
Каспи.kz да орналастыруға сәтті! Банка ұзын тарактаны бар және қолданбайтынамдықтың,1,qwen_2.5_7b,83,short,consumer_reviews,238,Каспи -.kz да орналастыру -ға сәтті! Банк -а ұзын таракта -ны бар және қолданбайтынамдық -тың,0,0.001053126179613173,0,0.0018834880320355296,0,0.000173615146195516
Каспи банда әлеумейттік оюндарды сатып аламыны. Белгілі реттерде достурлығына мен маган дег,1,qwen_2.5_7b,91,short,consumer_reviews,239,Каспи банда әлеумейттік оюн -дар -ды сатып аламыны. Белгіл -і рет -тер -де достурлығ -ы -на мен маган дег,0,0.0004640095285139978,0,0.0002755963068921119,0,0.00013817250146530569
Каспи банда ұзақ менен пайдаланамын. Тәуелсіз сатып алуға болады.,1,qwen_2.5_7b,65,short,consumer_reviews,240,Каспи банда ұзақ менен пайдаланамын. Тәуелсіз сатып алу -ға болады.,0,0.34136876463890076,1,0.7952163815498352,0,0.0005290060653351247
"Кассピда барлығы дұрыс, әмбейттер негизинен маңызды.",1,qwen_2.5_7b,51,short,consumer_reviews,241,"Кассピ -да барлығ -ы дұрыс, әмбейт -тер негизи -нен маңызды.",0,0.00017128042236436158,0,0.0002772411098703742,0,0.0025524660013616085
Каспи банка менен шығынымен ұзақ бардықтан жұмыс істеп болдым. Алда актүвекті сәттерде маңызд,1,qwen_2.5_7b,93,short,consumer_reviews,242,Каспи банк -а менен шығын -ы -мен ұзақ бардық -тан жұмыс істеп болдым. Алда актүвек -ті сәт -тер -де маңызд,0,0.0029073250479996204,0,0.004726751707494259,0,0.00028421133174560964
"Каспи банка әлеумейттігі - сапатына ұнату мүмкін, бетін дарыялық.",1,qwen_2.5_7b,65,short,consumer_reviews,243,"Каспи банк -а әлеумейттіг -і - сапат -ы -на ұнату мүмкін, бетін дарыялық.",0,0.0004767089558299631,0,0.00031180595397017896,0,0.00016683943977113813
"Каспи.kz дарыялы, негизделген сатып алу магазині. Оң пікір.",1,qwen_2.5_7b,59,short,consumer_reviews,244,"Каспи -.kz дарыялы, негиздел -ген сатып алу магазині. Оң пікір.",0,0.001338804722763598,0,0.0008364999084733427,0,0.00036146820639260113
Каспи банда сәтті сатып алуға болды. Рахмет!,1,qwen_2.5_7b,44,short,consumer_reviews,245,Каспи банда сәт -ті сатып алу -ға болды. Рахмет!,1,0.9988501071929932,1,0.9993740916252136,0,0.0003657109336927533
"Кассаптан магазиніңізден алыптым, маған сәrazioneо! Рейтинги ұшақты.",1,qwen_2.5_7b,68,short,consumer_reviews,246,"Кассап -тан магазин -іңіз -ден алыптым, маған сәrazioneо! Рейтинги ұшақты.",0,0.008684988133609295,0,0.006413249298930168,0,0.00019796380365733057
"Карточка ұзын, ретіне несек болады. Сатып алған менен мейрамхана маңызды!",1,qwen_2.5_7b,73,short,consumer_reviews,247,"Карточка ұзын, рет -і -не несек болады. Сатып алған менен мейрамха -на маңызды!",1,0.999599039554596,1,0.9965818524360657,0,0.012798283249139786
"Карта сыяктуу, нәтижелер оңай. Сатып алғанда ұсынылатындықтар мен цендалыштап келе отырады.",1,qwen_2.5_7b,91,short,consumer_reviews,248,"Кар -та сыяктуу, нәтиже -лер оңай. Сатып алға -нда ұсынылатындық -тар мен цендалыштап келе отырады.",0,0.05679594352841377,0,0.03700319305062294,1,0.8997742533683777
Каспи банка тармактарында удобстық келеді. Альтернативалары бар.,1,qwen_2.5_7b,64,short,consumer_reviews,249,Каспи банк -а тармак -тары -нда удобстық келеді. Альтернатива -лары бар.,0,0.00033850697218440473,0,0.00042820104863494635,0,0.00012790241453330964
"Каспи.kz-та онлайн сатып алу менен жоғары рейтинги! Саптаманы орындайды, алдымен табиғаттануы м",1,qwen_2.5_7b,95,short,consumer_reviews,250,"Каспи -.kz-та онлайн сатып алу менен жоғар -ы рейтинги! Саптама -ны орындайды, алд -ы -мен табиғаттану -ы м",1,0.9983199238777161,0,0.020489392802119255,0,0.00020766380475834012
"Каспи банда ұзақ бекіткен мезгілге ээ, әлеуметтік және жарнамаға негизделген.",1,qwen_2.5_7b,77,short,consumer_reviews,251,"Каспи банда ұзақ бекіт -кен мезгіл -ге ээ, әлеуметтік және жарнама -ға негизделген.",0,0.0004883749643340707,0,0.00041920089279301465,0,0.0006224813987500966
"Касспі магазинін сатып алады, нәтижелерды оқтууға жардам береді, бірақ ценалары туынд",1,qwen_2.5_7b,85,short,consumer_reviews,252,"Кассп -і магазинін сатып алады, нәтиже -лер -ды оқтуу -ға жарда -м береді, бірақ цена -лары туынд",0,0.000438206538092345,0,0.00039176156860776246,0,0.000542178750038147
"Каспи банда әлеумейтtery санаттары бар, қолданылуы негизгі. Ол уюмдық шарттарға мезгил е",1,qwen_2.5_7b,88,short,consumer_reviews,253,"Каспи банда әлеумейтtery санат -тары бар, қолданылу -ы негизгі. Ол уюмдық шарт -тар -ға мезгил е",0,0.00038147770101204515,0,0.0004006752569694072,0,0.0002655407879501581
Касспа сыняғаткерлігіне сәттер! Сатып алған мобилда барлық функциялар работадан! Рейтинги менен бағал,1,qwen_2.5_7b,101,short,consumer_reviews,254,Касспа сыняғаткерліг -і -не сәттер! Сатып алған мобил -да барлық функция -лар работадан! Рейтинги менен бағал,0,0.0005100488197058439,0,0.0021154889836907387,0,0.0003852522058878094
Каспи.kzда шамалдық нәтижелерді сату мүмкін. Барлығы да дауыс бойына берілген.,1,qwen_2.5_7b,78,short,consumer_reviews,255,Каспи -.kzда шамалдық нәтиже -лер -ді сату мүмкін. Барлығ -ы да дауыс бой -ы -на берілген.,1,0.9848245978355408,0,0.0026128229219466448,0,0.0022140645887702703
"Каспи.kzда әртүрлі товардыр береді, бірақ сайты негизгі болып табылады.",1,qwen_2.5_7b,71,short,consumer_reviews,256,"Каспи -.kzда әртүрл -і товар -дыр береді, бірақ сай -ты негизг -і болып табылады.",0,0.00017258241132367402,0,0.00042139270226471126,0,0.0005110322963446379
Каспи банда ұпайды. Тәуліктері негизгі болашағында маңызды.,1,qwen_2.5_7b,59,short,consumer_reviews,257,Каспи банда ұпайды. Тәулік -тері негизг -і болашағ -ы -нда маңызды.,0,0.0003664171090349555,0,0.00023494043853133917,0,0.0001642127026570961
"Каспи.kz - бұл негизгі банк, әмбейткерлерге және меліметтерге өнімді береді.",1,qwen_2.5_7b,76,short,consumer_reviews,258,"Каспи -.kz - бұл негизг -і банк -, әмбейткер -лер -ге және мелімет -тер -ге өні -м -ді береді.",0,0.0007489545969292521,0,0.0004603348788805306,0,0.0001899552735267207
"Карта шектеуші, бірдей туралы маңызды әдетті.",1,qwen_2.5_7b,45,short,consumer_reviews,259,"Кар -та шектеуші, бірдей турал -ы маңыз -ды әдетті.",0,0.0005207437789067626,0,0.0007779277511872351,0,0.017733311280608177
Карточка ұстандықтан және негизгі функцияларға тиімді. Берилген қадамдар менаны бойыndo колдан,1,qwen_2.5_7b,94,short,consumer_reviews,260,Карточка ұстандық -тан және негизг -і функция -лар -ға тиімді. Берил -ген қадам -дар мена -ны бойыndo кол -дан,0,0.00023413871531374753,0,0.00028124675736762583,0,0.0005934643559157848
"Кассаптас бар, молдаған нәтижелерге тынышқан. Аммо кездейсоқ орташа.",1,qwen_2.5_7b,68,short,consumer_reviews,261,"Кассаптас бар, мол -да -ған нәтиже -лер -ге тынышқан. Аммо кездейсоқ орташа.",0,0.01221364364027977,0,0.0033971241209656,0,0.0008538183174096048
Каспи.kz-та онлайн сатып алу күчті ресурстармен болды. Эрtesет!,1,qwen_2.5_7b,63,short,consumer_reviews,262,Каспи -.kz-та онлайн сатып алу күч -ті ресурс -тар -мен болды. Эрtesет!,1,0.9995014667510986,1,0.9979841709136963,0,0.0002722179051488638
Каспи.kz - негизделген онлайн магазин. Сәтті бағаластыратын!,1,qwen_2.5_7b,60,short,consumer_reviews,263,Каспи -.kz - негиздел -ген онлайн магазин. Сәт -ті бағаластыратын!,0,0.0035704919137060642,0,0.012245473451912403,0,0.0006822404684498906
Карта және банки бойынша мүмкін алуудан да маңызды. Сапат негизінен табиғательденген.,1,qwen_2.5_7b,85,short,consumer_reviews,264,Кар -та және банк -и бойынша мүмкін алуу -дан да маңызды. Сапат негиз -і -нен табиғательденген.,0,0.0004986951826140285,0,0.0011022597318515182,0,0.0017462922260165215
Каспи.kz - ұзақ зорданы бар онлайн магазин. Сәтті бағалашу!,1,qwen_2.5_7b,59,short,consumer_reviews,265,Каспи -.kz - ұзақ зорда -ны бар онлайн магазин. Сәт -ті бағалашу!,0,0.29767516255378723,0,0.27306410670280457,0,0.00033673440339043736
"Каспи банда ұзақ оюға болады, әдеттен сапаттау кезінде маңгылы менеджерлермен байланышқан.",1,qwen_2.5_7b,90,short,consumer_reviews,266,"Каспи банда ұзақ оюға болады, әдет -тен сапаттау кез -і -нде маңгыл -ы менеджер -лер -мен байланышқан.",0,0.0030619055032730103,0,0.00040139173506759107,0,0.0007873939466662705
Каспи банда әдеттей сатып аламын. Убый жеңіл жана табиғаттағы.,1,qwen_2.5_7b,62,short,consumer_reviews,267,Каспи банда әдеттей сатып аламын. Убый жеңіл жана табиғаттағы.,0,0.0016549447318539023,0,0.0016549447318539023,0,0.00044196099042892456
Каспи.kzда шамалдық商品已经下架。购物体验一般，网页加载慢。,1,qwen_2.5_7b,39,short,consumer_reviews,268,Каспи -.kzда шамалдық商品已经下架。购物体验一般，网页加载慢。,0,0.00037947611417621374,0,0.000474901549750939,0,0.0004987773718312383
"Каспи.kz - ұсыныстарды негиздемейтін оқиғалы магазин, бірақ уәрімді бағаланыштар",1,qwen_2.5_7b,80,short,consumer_reviews,269,"Каспи -.kz - ұсыныс -тар -ды негиздеме -йтін оқиғал -ы магазин, бірақ уәрі -м -ді бағаланыш -тар",0,0.00027530614170245826,0,0.00032961968099698424,0,0.00028489824035204947
"Каспи.kz-тің сайтында әлеуметтік шағындар бар, ұзақ мезгілдерге жабдуу және сол",1,qwen_2.5_7b,79,short,consumer_reviews,270,"Каспи -.kz-тің сайт -ы -нда әлеуметтік шағын -дар бар, ұзақ мезгіл -дер -ге жабдуу және сол",0,0.00022113474551588297,0,0.0002245246578240767,0,0.00017880908853840083
Кассаптама ұжастығы мен нәтижелері дуран. Беттер және мобайлда барлығы кездейсоқ.,1,qwen_2.5_7b,81,short,consumer_reviews,271,Кассаптама ұжастығ -ы мен нәтиже -лері дуран. Бет -тер және мобайл -да барлығ -ы кездейсоқ.,0,0.0001836629817262292,0,0.00026766982045955956,0,0.0018482517916709185
"Каспи.kz - нәтижелерды раступтап, бағандағы ұпай-беттер мен жою-беттер бар, бірақ ою",1,qwen_2.5_7b,84,short,consumer_reviews,272,"Каспи -.kz - нәтиже -лер -ды раступтап, бағандағ -ы ұпай-бет -тер мен жою-бет -тер бар, бірақ ою",0,0.0010005192598327994,0,0.0009562911000102758,0,0.0004709416243713349
Каспи банда әлеуметтік пиримей! Оның ұзақ тарихы мен достанымдылығы менен толығырақ спортим,1,qwen_2.5_7b,91,short,consumer_reviews,273,Каспи банда әлеуметтік пиримей! Оны -ң ұзақ тарих -ы мен достанымдылығ -ы менен толығырақ спорти -м,0,0.0031439117155969143,0,0.0007328521460294724,0,0.00011014909978257492
"Кассый барлығы реттеңіз, әртүрлі товардар мен услуги. Орынды оңай табу мүмкін.",1,qwen_2.5_7b,78,short,consumer_reviews,274,"Кассый барлығ -ы реттеңіз, әртүрл -і товар -дар мен услуги. Орын -ды оңай табу мүмкін.",1,0.9498754143714905,0,0.2381163388490677,0,0.2851928770542145
"Кассо кеңінен нәтижелерді растайды, барлығына ұнатын!",1,qwen_2.5_7b,53,short,consumer_reviews,275,"Кассо кең -і -нен нәтиже -лер -ді растайды, барлығ -ы -на ұнатын!",1,0.8367165327072144,0,0.0007808239315636456,0,0.007276576943695545
"Каспи.kz - барлығы онлайн, растақтанған, ұзын арнаулеті болса да қоюға мүмкіндік беред",1,qwen_2.5_7b,86,short,consumer_reviews,276,"Каспи -.kz - барлығ -ы онлайн, растақтанған, ұзын арна -улеті болса да қою -ға мүмкіндік беред",0,0.0002141662989743054,0,0.0004304196045268327,0,0.0006141762714833021
Кассо кері беттері негизинен реттеудің маңызды. Саптамаларды оңай қорғайтын және ұша,1,qwen_2.5_7b,84,short,consumer_reviews,277,Кассо кер -і бет -тері негизи -нен реттеу -дің маңызды. Саптама -лар -ды оңай қор -ға -йтын және ұша,0,0.00039352101157419384,0,0.00036286425893194973,0,0.00018987106159329414
Каспи.kz - бағдарламаларды оңай сатып алуда әдетті. Көбейтіндірімдер жакшы.,1,qwen_2.5_7b,75,short,consumer_reviews,278,Каспи -.kz - бағдарлама -лар -ды оңай сатып алу -да әдетті. Көбейтіндірім -дер жакшы.,0,0.21412569284439087,0,0.020342061296105385,0,0.0003880150616168976
Каспи.kz - ұсыныстарды нептунда маңызды орналастыратын сайт. Саптамалық шарттар бар.,1,qwen_2.5_7b,84,short,consumer_reviews,279,Каспи -.kz - ұсыныс -тар -ды непту -нда маңыз -ды орналастыр -атын сайт. Саптамалық шарт -тар бар.,1,0.7193882465362549,0,0.0011086890008300543,0,0.00033381584216840565
"Кассピда өнімдер дамытпаған, қоргоуден ұзақшар нәтижелер емес. Адамдар тағы бір",1,qwen_2.5_7b,78,short,consumer_reviews,280,"Кассピ -да өнім -дер дамытпаған, қоргоу -ден ұзақшар нәтиже -лер емес. Адам -дар тағ -ы бір",0,0.0006315172649919987,0,0.0008279852918349206,0,0.00042969087371602654
"Каспи банда әлеуметтік сапармен маңызды, сатып алған мезгілдер дұрыс.",1,qwen_2.5_7b,69,short,consumer_reviews,281,"Каспи банда әлеуметтік сапар -мен маңызды, сатып алған мезгіл -дер дұрыс.",0,0.0007644434808753431,0,0.0030697144102305174,0,0.009464205242693424
"Карта шектелген, ұсыныстардыrapidкаунтадан қолдану қажет. Берилген жоғары.",1,qwen_2.5_7b,74,short,consumer_reviews,282,"Кар -та шектелген, ұсыныстардыrapidкаунта -дан қолдану қажет. Берил -ген жоғары.",0,0.0023804972879588604,1,0.7152261734008789,0,0.01276627741754055
Каспи банда әлеуметтік сапарды маңызды орындайды. Сатып алған адамдармен иштей бірдей болу м,1,qwen_2.5_7b,92,short,consumer_reviews,283,Каспи банда әлеуметтік сапар -ды маңыз -ды орындайды. Сатып алған адам -дар -мен иштей бірдей болу м,1,0.9444366097450256,0,0.07929833233356476,0,0.0008640309097245336
"Каспи банка керекті бар, шарттар непалады, әлеумейттерге даяр.",1,qwen_2.5_7b,62,short,consumer_reviews,284,"Каспи банк -а керек -ті бар, шарт -тар непалады, әлеумейт -тер -ге даяр.",0,0.00027698586927726865,0,0.0007222882704809308,0,0.002561821136623621
Каспи.kzда сатып алғанымен сәтті болдымызды ойндады. Рахмет!,1,qwen_2.5_7b,60,short,consumer_reviews,285,Каспи -.kzда сатып алған -ы -мен сәт -ті болд -ымыз -ды ойндады. Рахмет!,0,0.4248262643814087,0,0.10235227644443512,0,0.00033196245203725994
Каспи банда кездестіreme және нәтижелері белгілі. Оқушы болған менен барлығы да ұзақ беттен оқ,1,qwen_2.5_7b,94,short,consumer_reviews,286,Каспи банда кездестіreme және нәтиже -лері белгілі. Оқуш -ы бол -ған менен барлығ -ы да ұзақ бет -тен оқ,0,0.00021946275955997407,0,0.00029846711549907923,0,0.0004957872442901134
"Каспи банда сатып алу ұнатылығы бар, доставка де жоғары.",1,qwen_2.5_7b,56,short,consumer_reviews,287,"Каспи банда сатып алу ұнатылығ -ы бар, доставка де жоғары.",1,0.9996778964996338,1,0.9940398931503296,0,0.00155739882029593
Каспи.kz - удобство и широкий выбор товаров!,1,qwen_2.5_7b,44,short,consumer_reviews,288,Каспи -.kz - удобство и широкий выбор товар -ов!,0,0.007781703490763903,0,0.013305752538144588,0,0.0008258392917923629
"Каспи банда ұзақ менен байланыстымын. Жетиштіктер жөндәлді, сапарлығы нәтижелерге айнал",1,qwen_2.5_7b,87,short,consumer_reviews,289,"Каспи банда ұзақ менен байланыстымын. Жетиштік -тер жөндәлді, сапарлығ -ы нәтиже -лер -ге айнал",0,0.00027792336186394095,0,0.0002387881395407021,0,0.0009279515943489969
"Кассピ менен сәтті бірдей болды, сатып алған магазиндерді оқушылармен болжалауда кездешеді!",1,qwen_2.5_7b,90,short,consumer_reviews,290,"Кассピ менен сәт -ті бірдей болды, сатып алған магазин -дер -ді оқушы -лар -мен болжалау -да кездешеді!",0,0.0010763617465272546,0,0.041777707636356354,0,0.0006032259552739561
Касспа银行真的很快捷方便，尤其是在线支付。强烈推荐！,1,qwen_2.5_7b,29,short,consumer_reviews,291,Касспа银行真的很快捷方便，尤其是在线支付。强烈推荐！,0,0.006171491928398609,0,0.006171491928398609,0,0.000694125541485846
Каспи.kz дарыяттандыруға рахмет! Сәнді маңгыздар.,1,qwen_2.5_7b,49,short,consumer_reviews,292,Каспи -.kz дарыяттандыру -ға рахмет! Сән -ді маңгыздар.,0,0.002559409709647298,0,0.009231326170265675,0,0.001010944484733045
"Каспи.kz дарыялық, әлеуметтік қадамдар тура. Сатып алған магазиндердің аудандарына о",1,qwen_2.5_7b,84,short,consumer_reviews,293,"Каспи -.kz дарыялық, әлеуметтік қадам -дар тура. Сатып алған магазин -дер -дің аудан -дары -на о",0,0.0001895418536150828,0,0.00030853215139359236,0,0.0002469562750775367
"Карта мен сапат негизги. Белгіленген санайттар болып табылады, алдымен оқиғамды орнатады. Сезі",1,qwen_2.5_7b,94,short,consumer_reviews,294,"Кар -та мен сапат негизги. Белгілен -ген санайт -тар болып табылады, алд -ы -мен оқиға -м -ды орнатады. Сез -і",0,0.00032903975807130337,0,0.0004547780263237655,0,0.0003219011705368757
"Каспи банда әлеуметтік санады, ұзақ барылыʃы мүмкіндікті жетілдетеді.",1,qwen_2.5_7b,69,short,consumer_reviews,295,"Каспи банда әлеуметтік санады, ұзақ барылыʃ -ы мүмкіндік -ті жетілдетеді.",0,0.002638926962390542,0,0.003952927887439728,0,0.010859410278499126
Кассаптан алдын алуу керек! Ақша менеджменттен жоғары.,1,qwen_2.5_7b,54,short,consumer_reviews,296,Кассап -тан алдын алуу керек! Ақша менеджмент -тен жоғары.,1,0.9980536699295044,1,0.9928057789802551,0,0.000952805217821151
"Касспі кездейсоқ, әлеуметтік қадамдары бар. Саптаманы оң болды.",1,qwen_2.5_7b,63,short,consumer_reviews,297,"Кассп -і кездейсоқ, әлеуметтік қадам -дары бар. Саптама -ны оң болды.",0,0.11455697566270828,0,0.006540166214108467,1,0.8919895887374878
Кассапттан алу өмірі менге нәтижелерімен уздар! Белгілі реттерде бастағанда акцияларды кезд,1,qwen_2.5_7b,91,short,consumer_reviews,298,Кассапт -тан алу өмір -і мен -ге нәтиже -лері -мен уздар! Белгіл -і рет -тер -де бастаға -нда акция -ларды кезд,0,0.00038373071583919227,0,0.00036765579716302454,0,0.00030440371483564377
Каспи.kz да бардык. Аздағы сатып алумен убакыт жогорудан!,1,qwen_2.5_7b,57,short,consumer_reviews,299,Каспи -.kz да бардык. Аздағ -ы сатып алу -мен убакыт жогорудан!,1,0.9848950505256653,1,0.9967854022979736,0,0.00019571444136090577
"Каспи банда сәлелеймін! Негизгі функциялары бар, оюндар мен сипаттамалар туындайды. Ал сатып алудан қорытынданын маңызды!",1,qwen_2.5_7b,121,medium,consumer_reviews,300,"Каспи банда сәлелеймін! Негизг -і функция -лары бар, оюн -дар мен сипаттама -лар туындайды. Ал сатып алу -дан қорытынданын маңызды!",1,0.9990866184234619,1,0.6952196359634399,0,0.0012665765825659037
Каспи банкиның сайттарына нені сатып алумен мезгіл баскарауға болады. Онлайн тәуліктері және комфортылық интерфейсі мен арналған техникалаудар көбінесе маңызды. Сапаттары неше кездесетінін айт,1,qwen_2.5_7b,192,medium,consumer_reviews,301,Каспи банк -иның сайт -тары -на нен -і сатып алу -мен мезгіл баскарау -ға болады. Онлайн тәулік -тері және комфортылық интерфей -сі мен арна -лған техникалау -дар көбінесе маңызды. Сапат -тары неше кездесетінін айт,0,0.0012937216088175774,0,0.0006632117438130081,0,0.0009624321828596294
"Каспи банкиның сайттарына кіру бойынша мемлекеттік программалар мен акциялар орталығында маңызды кездесті. Амкей болса да, інформация тура же келесілерден отырып береді.",1,qwen_2.5_7b,169,medium,consumer_reviews,302,"Каспи банк -иның сайт -тары -на кіру бойынша мемлекеттік программа -лар мен акция -лар орталығ -ы -нда маңыз -ды кездесті. Амкей болса да, інформация тура же келесі -лер -ден отырып береді.",0,0.0008544579613953829,0,0.00033811674802564085,0,0.0002443375997245312
Каспи банка барлық мүмкіндіктермен әртүрлі клиенттерге молда береді. Ақылтанбайды жана жетишіздігі кездейсіз.,1,qwen_2.5_7b,109,medium,consumer_reviews,303,Каспи банк -а барлық мүмкіндік -тер -мен әртүрл -і клиент -терге мол -да береді. Ақылтанба -йды жана жетишіздіг -і кездейсіз.,0,0.00025388685753569007,0,0.00038987657171674073,0,0.0006301734829321504
Каспи банда барлық мүмкіндіктен пайдалануға болады. Сәтті төлбери мен оқушы рахмет!,1,qwen_2.5_7b,83,medium,consumer_reviews,304,Каспи банда барлық мүмкіндік -тен пайдалану -ға болады. Сәт -ті төлбери мен оқуш -ы рахмет!,0,0.0015043704770505428,0,0.0009475807310082018,0,0.004857394378632307
"Каспи банка онлайн сатып алу过程如下：
1. 打开Kaspi.kz网站或应用程序。
2. 在搜索栏中输入您想要的商品名称，然后按回车键进行搜索。
3. 浏览搜索结果，选择合适的商品并点击“购买”按钮。
4. 进入购物车页面确认订单详情，包括收货地址、支付方式等信息。
5. 输入您的银行卡号和密码完成在线支付",1,qwen_2.5_7b,168,medium,consumer_reviews,305,Каспи банк -а онлайн сатып алу过程如下： 1. 打开Kaspi.kz网站或应用程序。 2. 在搜索栏中输入您想要的商品名称，然后按回车键进行搜索。 3. 浏览搜索结果，选择合适的商品并点击“购买”按钮。 4. 进入购物车页面确认订单详情，包括收货地址、支付方式等信息。 5. 输入您的银行卡号和密码完成在线支付,0,0.0433267280459404,0,0.05116982385516167,0,0.0004622892593033612
"Каспи банда жетілуі мүмкіндігін бақылау мен рахмет ету шақырады. Толық маңызды маңыздылықтар бар, алдымен онлайн және физикалық банка сунаттарына же арналған программаларға. Сатып атқарадым",1,qwen_2.5_7b,189,medium,consumer_reviews,306,"Каспи банда жетілу -і мүмкіндігін бақылау мен рахмет ету шақырады. Толық маңыз -ды маңыздылық -тар бар, алд -ы -мен онлайн және физикалық банк -а сунат -тары -на же арна -лған программаларға. Сатып атқарады -м",0,0.0017146767349913716,0,0.0003727058647200465,0,0.0011359264608472586
"Каспи банка Казахстанда популярлық санаттардың бірі. Алардың онлайн сатып алу процесі негизге удобстар мен іс-әрекеттермен туралы ми锺ncy。请以 Kazakh 语言回复，总结上述内容，并保持意思一致。

Каспи банки Казакстанда маңызды санат бол",1,qwen_2.5_7b,210,medium,consumer_reviews,307,Каспи банк -а Казахста -нда популярлық санат -тар -дың бірі. Алар -дың онлайн сатып алу проце -сі негиз -ге удобс -тар мен іс-әрекет -тер -мен турал -ы ми锺ncy。请以 Kazakh 语言回复，总结上述内容，并保持意思一致。 Каспи банк -и Казакста -нда маңыз -ды санат бол,0,0.0030939190182834864,0,0.0012821705313399434,0,0.0001752241951180622
"Каспи банкиның сайттарына нәтижелері мен терезені жою үшін сынуі мүмкін. Сатып алу процессі жетілдірілген, барлығы да растетті.",1,qwen_2.5_7b,127,medium,consumer_reviews,308,"Каспи банк -иның сайт -тары -на нәтиже -лері мен терезе -ні жою үшін сыну -і мүмкін. Сатып алу процес -сі жетілдірілген, барлығ -ы да растетті.",1,0.9993526339530945,1,0.9007974863052368,0,0.004711394663900137
Каспи банка жоғары рейтингмен алудан орындады. Меньшениң мезгілдері де зор жетишбен жеңеді.,1,qwen_2.5_7b,91,medium,consumer_reviews,309,Каспи банк -а жоғар -ы рейтинг -мен алу -дан орындады. Меньшени -ң мезгіл -дері де зор жетиш -бен жеңеді.,1,0.7905118465423584,0,0.0011539122788235545,0,0.0004958090139552951
"Каспи банда онлайн сатып алу әртүрлі товардармен қоректену мүмкіндігі бар. Аларды растеп алу过程慢一些，让我直接用简洁明了的方式提供一个评论：

在Kaspi.kz购物非常方便。网站商品种类多，支付方式灵活，送货也快。
（约18字）",1,qwen_2.5_7b,162,medium,consumer_reviews,310,Каспи банда онлайн сатып алу әртүрл -і товар -дармен қоректену мүмкіндіг -і бар. Алар -ды растеп алу过程慢一些，让我直接用简洁明了的方式提供一个评论： 在Kaspi.kz购物非常方便。网站商品种类多，支付方式灵活，送货也快。 （约18字）,1,0.9859521389007568,0,0.004483532160520554,0,0.00035337996087037027
"Каспи банка Казип kз сайтында онлайн сатып алу процессі жоғары. Себептерімен - быстрый доставка және негизгі товардарды маңызды мүнenties бойынша өнімдер жөніндегі мәліметтер. Бірақ, да бір неше кө",1,qwen_2.5_7b,197,medium,consumer_reviews,311,"Каспи банк -а Казип kз сайт -ы -нда онлайн сатып алу процес -сі жоғары. Себеп -тері -мен - быстрый доставка және негизг -і товар -дарды маңыз -ды мүнenties бойынша өнім -дер жөніндег -і мәліметтер. Бірақ, да бір неше кө",0,0.00410356605425477,0,0.0004364914493635297,0,0.0004185871221125126
"Каспи банка онлайн магазинінің сайттарына сыйлық берейmen! Онда әртүрлі товардар бар, алар менен шектелген доставка қызметтери да орындалады. Амкей, архиверлерге даяр.",1,qwen_2.5_7b,167,medium,consumer_reviews,312,"Каспи банк -а онлайн магазин -і -нің сайт -тары -на сыйлық берейmen! Онда әртүрл -і товар -дар бар, алар менен шектел -ген доставка қызметтери да орындалады. Амкей, архивер -лер -ге даяр.",0,0.0032719685696065426,0,0.0009996630251407623,0,0.0005721420748159289
Каспи банда маңызды басқармамыздан орындады. Сатып алумен миқдары менән нәтиже алды. Бір нече рет онлайн төлбірулерden пайдалануды барадымын.,1,qwen_2.5_7b,141,medium,consumer_reviews,313,Каспи банда маңыз -ды басқарма -мыз -дан орындады. Сатып алу -мен миқ -дары менән нәтиже алды. Бір нече рет онлайн төлбірулерden пайдалану -ды барадымын.,0,0.027799071744084358,0,0.045742377638816833,0,0.0014559915289282799
Каспи банда сатып алу әдеттен жетімді. Маған рахметted!,1,qwen_2.5_7b,55,medium,consumer_reviews,314,Каспи банда сатып алу әдет -тен жетімді. Маған рахметted!,1,0.9916259050369263,1,0.8035581111907959,0,0.0004522837698459625
"Каспи банка онлайн сатып алу过程如下：

1. 打开Kaspi.kz网站或应用程序。
2. 在搜索栏输入想要购买的商品，然后点击搜索。
3. 浏览商品列表，筛选和排序以找到最合适的选项。
4. 点击您想买的商品图片或名称进入详情页面查看商品描述、价格等信息。
5. 如果满意则点击“立即购买”或类似按钮加入购物车/",1,qwen_2.5_7b,171,medium,consumer_reviews,315,Каспи банк -а онлайн сатып алу过程如下： 1. 打开Kaspi.kz网站或应用程序。 2. 在搜索栏输入想要购买的商品，然后点击搜索。 3. 浏览商品列表，筛选和排序以找到最合适的选项。 4. 点击您想买的商品图片或名称进入详情页面查看商品描述、价格等信息。 5. 如果满意则点击“立即购买”或类似按钮加入购物车/,0,0.027801061049103737,0,0.035725075751543045,0,0.0004725595354102552
"Каспи банка онлайн магазинде сатып алу әртүрлі өзгешелерге ие. Барлық товардар маңызды көбейткіндермен болжанылады, қоным зорыдан тез болады. Жалпысына да нәтижелер дәстүрленген.",1,qwen_2.5_7b,178,medium,consumer_reviews,316,"Каспи банк -а онлайн магази -нде сатып алу әртүрл -і өзгеше -лер -ге ие. Барлық товар -дар маңыз -ды көбейткін -дер -мен болжанылады, қоны -м зор -ы -дан тез болады. Жалпы -сы -на да нәтиже -лер дәстүрленген.",0,0.011560306884348392,0,0.00044485973194241524,0,0.001487113768234849
Каспи банда әлеуметтік саясаты мен ресурстары бойынша маңызды сапар болып табылады. Бананың онлайн платформасы негизгі функцияларына қадам етуі мүмкіндіктен тастық береді.,1,qwen_2.5_7b,171,medium,consumer_reviews,317,Каспи банда әлеуметтік саяса -ты мен ресурс -тары бойынша маңыз -ды сапар болып табылады. Бана -ның онлайн платформа -сы негизг -і функция -лары -на қада -м ету -і мүмкіндік -тен тастық береді.,1,0.8085776567459106,0,0.001276594353839755,0,0.00015396058734040707
"Каспи банда барлыq мүмкіндікті пайдалануға болады. Монетизация, кредиттер мен трасттар - барысында барысында маңызды. Сәтте руханиеттен басқа да кездешеді.",1,qwen_2.5_7b,155,medium,consumer_reviews,318,"Каспи банда барлыq мүмкіндік -ті пайдалану -ға болады. Монетизация, кредит -тер мен траст -тар - бары -сы -нда бары -сы -нда маңызды. Сәт -те руханиет -тен бас -қа да кездешеді.",1,0.9143360257148743,0,0.007859144359827042,0,0.0004069345013704151
Каспи банда сатып алу мүмкіндігі бар. Ал саптаманы негизде орындайды және шарттар тесттенейді. Сатып алудан маңызды болады.,1,qwen_2.5_7b,123,medium,consumer_reviews,319,Каспи банда сатып алу мүмкіндіг -і бар. Ал саптама -ны негиз -де оры -нда -йды және шарт -тар тесттенейді. Сатып алу -дан маңыз -ды болады.,1,0.9993802309036255,0,0.04334520921111107,0,0.0007281714933924377
"Каспи банда онлайн сатып алу керектігі бар. Өнімдер тәртібінше жетілетін, магазиндер мен архивалар бар. Ар дәмді болашаған, бағалар жөнді жеңіл.",1,qwen_2.5_7b,144,medium,consumer_reviews,320,"Каспи банда онлайн сатып алу керектіг -і бар. Өнім -дер тәртібінше жетілетін, магазин -дер мен архива -лар бар. Ар дәм -ді болашаған, баға -лар жөн -ді жеңіл.",1,0.99714595079422,0,0.005219158250838518,0,0.20704714953899384
"Каспи банда онлайн сатып алу әртүрлі барыстарды орындады. Меньджерлердің шеттері және негизгі товардар растақтануы керек. Кешірулер болса да, әдетте машиналық мезгілдерге ие. Болжа мен толығ",1,qwen_2.5_7b,190,medium,consumer_reviews,321,"Каспи банда онлайн сатып алу әртүрл -і барыс -тар -ды орындады. Меньджер -лер -дің шет -тері және негизг -і товар -дар растақтану -ы керек. Кешіру -лер болса да, әдет -те машиналық мезгіл -дер -ге ие. Болжа мен толығ",1,0.9996469020843506,0,0.004415604285895824,0,0.0008492553606629372
Каспи банда қажетті барлық нерселерді орындап береді. Сатып алган миқталар мен абонементтерden пайдаланумен кейбір нәтижелерге айналдыруға болады. Эсептеуден да маңызды ақпарат береді және тыны,1,qwen_2.5_7b,193,medium,consumer_reviews,322,Каспи банда қажет -ті барлық нерсе -лер -ді орындап береді. Сатып алган миқта -лар мен абонементтерden пайдалану -мен кейбір нәтиже -лер -ге айналдыру -ға болады. Эсептеу -ден да маңыз -ды ақпарат бер -еді және тын -ы,0,0.0025610264856368303,0,0.000611152732744813,0,0.004277845378965139
"Каспи банда әдетте маңгыздар менен магадырымын! Натыйжаны беттеп терең болуы мүмкін, бірақ сатып алу процесінде көптеген туралы жумшақ мағана саптамаштыру мүмкін. Мерекелей таб",1,qwen_2.5_7b,176,medium,consumer_reviews,323,"Каспи банда әдет -те маңгыз -дар менен магадырымын! Натыйжа -ны беттеп тере -ң болу -ы мүмкін, бірақ сатып алу проце -сі -нде көп -те -ген турал -ы жумшақ маға -на саптамаштыру мүмкін. Мерекелей таб",0,0.011608037166297436,0,0.0009220290812663734,0,0.00016871966363396496
"Каспи банда сынуі машиналанған технологиялық мүмкіндіктен ортада қалады. Табиғатты барылып, кездейсізіңіздерге негиздемелік менен бағалап отырымын. Ақша же кредиттен пайдалануына да руханиет",1,qwen_2.5_7b,190,medium,consumer_reviews,324,"Каспи банда сыну -і машиналан -ған технологиялық мүмкіндік -тен орта -да қалады. Табиғат -ты барылып, кездейсізіңіз -дер -ге негиздемелік менен бағалап отырымын. Ақша же кредит -тен пайдалану -ы -на да руханиет",0,0.0002789791615214199,0,0.0003219772770535201,0,0.0005131603102199733
"Каспи банка онлайн сатып алу процессі уздармен. Саптаманы шығаратын адмінistration-ге жетпеуден кейін сәнді бағалаушылыққа келеді. Рахмет берген менен, ізденгендіктен кездесетін мезгілдері бар.",1,qwen_2.5_7b,193,medium,consumer_reviews,325,"Каспи банк -а онлайн сатып алу процес -сі уздармен. Саптама -ны шығар -атын адмінistration- -ге жетпеу -ден кейін сән -ді бағалаушылық -қа келеді. Рахмет бер -ген менен, ізден -гендіктен кездес -етін мезгіл -дері бар.",0,0.03195820748806,0,0.0033110815566033125,0,0.002152121625840664
Каспи банка онлайн-данаптандары менен жеткиримді. Сатып аламында әртүрлі мүнenties және банк карталары бар. Кейбір функцияларды іске алу үчін табиғатталмаған мақсаттар бар деп айтадымын. А,1,qwen_2.5_7b,188,medium,consumer_reviews,326,Каспи банк -а онлайн-данаптан -дары менен жеткиримді. Сатып алам -ы -нда әртүрл -і мүнenties және банк карта -лары бар. Кейбір функция -лар -ды іске алу үчін табиғатталма -ған мақсат -тар бар деп айтадымын. А,0,0.002026819856837392,0,0.00048129342030733824,0,0.00022114590683486313
"Каспи банда сәтті барлығы мен сатып алуға маңгыздық береді. Рахметте отырып, негизги мүнөздеріне оқиған!",1,qwen_2.5_7b,104,medium,consumer_reviews,327,"Каспи банда сәт -ті барлығ -ы мен сатып алу -ға маңгыздық береді. Рахмет -те отырып, негизги мүнөз -дері -не оқиған!",0,0.0006632964359596372,0,0.0026613089721649885,0,0.0013291144277900457
Каспи банда барлық кредиттері мен зоммер санына келген маңызды ресурстар бар. Аларды сұраумен болады және кездейсоқ жою мүмкіндіктері да оңай. Берилеттік шарттар да негизгі.,1,qwen_2.5_7b,173,medium,consumer_reviews,328,Каспи банда барлық кредит -тері мен зоммер сан -ы -на кел -ген маңыз -ды ресурс -тар бар. Алар -ды сұрау -мен бол -ады және кездейсоқ жою мүмкіндік -тері да оңай. Берилеттік шарт -тар да негизгі.,1,0.9985175728797913,0,0.0009651101427152753,0,0.0012751349713653326
"Каспи банда сатып алу әдетте маңызды. Шарттар және көмектешілікті бар. Сапаттанушылы және мезгілдерде негизгі шарттар кездестіреді. Кэш бирдей болса да, толқыны бор реттерде қажетті т",1,qwen_2.5_7b,183,medium,consumer_reviews,329,"Каспи банда сатып алу әдет -те маңызды. Шарт -тар және көмектешілік -ті бар. Сапаттанушыл -ы және мезгіл -дер -де негизг -і шарт -тар кездестіреді. Кэш бирдей болса да, толқ -ы -ны бор рет -тер -де қажет -ті т",1,0.9245694875717163,0,0.0017435845220461488,0,0.0073133595287799835
"Каспи банда қажетті барлық мәселелерді растап отыратын, маңызды панельдерден сурауларына дейін әдетте кездешуді негизделген оң пікірім. Сатып алу мен аренда көбінесе да руханий бақыла",1,qwen_2.5_7b,183,medium,consumer_reviews,330,"Каспи банда қажет -ті барлық мәселе -лер -ді растап отыратын, маңыз -ды панель -дер -ден сурау -лары -на дейін әдет -те кездешу -ді негиздел -ген оң пікірім. Сатып алу мен аре -нда көбінесе да руханий бақыла",0,0.1334574967622757,0,0.0011178720742464066,0,0.001378262648358941
Каспи банда сатып алу мүмкіндігі менге нәтижесінше рахмет! Уәлсіздікке жетуге және кредиттерге барылатын оюндары көбінесе маңызды. Ал сонунда мемлекеттік финансовые услугаларды да беред,1,qwen_2.5_7b,185,medium,consumer_reviews,331,Каспи банда сатып алу мүмкіндіг -і мен -ге нәтижесінше рахмет! Уәлсіздік -ке жету -ге және кредит -тер -ге барыл -атын оюн -дары көбінесе маңызды. Ал сону -нда мемлекеттік финансовые услуга -лар -ды да беред,0,0.000593863776884973,0,0.0006080127786844969,0,0.0010279841953888535
"Каспи банда сәтті және қоректенуі мүмкін. Ақша сатып алу过程已结束，以下是结果：

您要求撰写一个关于Kaspi.kz的真实购买体验的简短评论。以下是一个示例评论（用哈萨克语写成）：

""Каспи банда сәтті және қоректенуі мүм",1,qwen_2.5_7b,159,medium,consumer_reviews,332,"Каспи банда сәт -ті және қоректену -і мүмкін. Ақша сатып алу过程已结束，以下是结果： 您要求撰写一个关于Kaspi.kz的真实购买体验的简短评论。以下是一个示例评论（用哈萨克语写成）： ""Каспи банда сәт -ті және қоректену -і мүм",1,0.9255755543708801,0,0.3624938428401947,0,0.00045991994556970894
"Каспи банка барлық мәліметтер мен негіздерінің маңызды болып стейтуден. Толық мəліметтер мен жетишіндігі дамытуы керек. Сатып алышпенің оюнануы жоғары, бірақ абонементtariffs ж",1,qwen_2.5_7b,176,medium,consumer_reviews,333,"Каспи банк -а барлық мәлімет -тер мен негіз -дері -нің маңыз -ды болып стейтуден. Толық мəлімет -тер мен жетишіндіг -і дамыту -ы керек. Сатып алышпе -нің оюнану -ы жоғары, бірақ абонементtariffs ж",0,0.0014034209307283163,0,0.000488480378407985,0,0.004651832394301891
"Каспи банка негизделгенда, мененік сатып алу过程已结束，以下是结论部分的内容：

总的来说，客户对Kaspi.kz的评价较为积极。他们认为这是一家方便、快捷且可靠的在线购物平台。消费者在评论中提到了网站易于导航和商品种类丰富等优点，但也指出了一些需要改进的地方，如物流速度有时较慢以及售后服务可以更加完善。这些反馈有助于提高服务质量并",1,qwen_2.5_7b,189,medium,consumer_reviews,334,"Каспи банк -а негизделгенда, мененік сатып алу过程已结束，以下是结论部分的内容： 总的来说，客户对Kaspi.kz的评价较为积极。他们认为这是一家方便、快捷且可靠的在线购物平台。消费者在评论中提到了网站易于导航和商品种类丰富等优点，但也指出了一些需要改进的地方，如物流速度有时较慢以及售后服务可以更加完善。这些反馈有助于提高服务质量并",0,0.008721845224499702,0,0.005304060410708189,0,0.00044840987538918853
Каспи банкиның сайтуан сатып алу мүмкіндигін пікір белгiле аламын. Саясаттары және процесстері негизделуден маңызды. Рейтингі 4/5 стендерге тең. Алдаған оң жетекшіліктен жалпына кел,1,qwen_2.5_7b,181,medium,consumer_reviews,335,Каспи банк -иның сайтуан сатып алу мүмкіндигін пікір белгiле аламын. Саясат -тары және процесс -тері негизделу -ден маңызды. Рейтинг -і 4/5 стен -дер -ге тең. Алда -ған оң жетекшілік -тен жалп -ы -на кел,0,0.004618040286004543,0,0.0033599426969885826,0,0.00039842817932367325
"Каспи банда онлайн сатып алуға болашақ тыныс береді. Банктен негизделген дүкендеге шаралар мен электрондық мәзделерден бірақ маңызды арттырулар жоқ. Жетишше да, удобстыққа мезгіл береді.",1,qwen_2.5_7b,186,medium,consumer_reviews,336,"Каспи банда онлайн сатып алу -ға болашақ тыныс береді. Банк -тен негиздел -ген дүкенде -ге шара -лар мен электрондық мәзде -лер -ден бірақ маңыз -ды арттыру -лар жоқ. Жетишше да, удобстық -қа мезгіл береді.",0,0.055630192160606384,0,0.0018315328052267432,0,0.0012176816817373037
"Каспи банкиның онлайн магазинін пайдалану менің тәрбиемімді барады. Ассортимент маңызды, ценалар рациональды. Толық жетектер мен негизгі товардар бар.",1,qwen_2.5_7b,150,medium,consumer_reviews,337,"Каспи банк -иның онлайн магазинін пайдалану мені -ң тәрбиемі -м -ді барады. Ассортимент маңызды, цена -лар рациональды. Толық жетек -тер мен негизг -і товар -дар бар.",0,0.06952357292175293,0,0.0007932176231406629,0,0.0011222402099519968
"Каспи банда әлеуметтік сапармен бірдей орналасқан. Сатып алу过程已终止。您想要我用哈萨克语写一个关于Kaspi.kz的真实购物体验吗？我可以为您生成一段约2到3句话的评价，大约20到35个词。
例如：

""Каспи банда сыйлық береді, шарттар ма",1,qwen_2.5_7b,170,medium,consumer_reviews,338,"Каспи банда әлеуметтік сапар -мен бірдей орналасқан. Сатып алу过程已终止。您想要我用哈萨克语写一个关于Kaspi.kz的真实购物体验吗？我可以为您生成一段约2到3句话的评价，大约20到35个词。 例如： ""Каспи банда сыйлық береді, шарт -тар ма",1,0.9915404915809631,1,0.992939829826355,0,0.0004846083465963602
"Каспи банда сатып алу әдетте маңызды. Толығырақ мәселе болмаса, неше жетістіктер бар. СәлALCHEMY же табиғи маданияттар менен болжану керек. АмкА!",1,qwen_2.5_7b,145,medium,consumer_reviews,339,"Каспи банда сатып алу әдет -те маңызды. Толығырақ мәселе болмаса, неше жетістік -тер бар. СәлALCHEMY же табиғи маданият -тар менен болжану керек. АмкА!",1,0.9993304014205933,1,0.9951745867729187,0,0.0008484885911457241
Каспи банда болашақ сатып алумен миң турмуш оюмынан! Жетілдіру бар менен келген сатып алуға маңызды нәтижедер берді.,1,qwen_2.5_7b,116,medium,consumer_reviews,340,Каспи банда болашақ сатып алу -мен миң турмуш оюмынан! Жетілдіру бар менен кел -ген сатып алу -ға маңыз -ды нәтиже -дер берді.,0,0.15444298088550568,0,0.021171625703573227,0,0.0004975678748451173
Каспи бандағы онлайн сатып алу умуман нәтижелері жоғары. Кеңістікте ортастаны дамытады жана мезгілдері жетишісімен маңызды болады.,1,qwen_2.5_7b,130,medium,consumer_reviews,341,Каспи бандағ -ы онлайн сатып алу умуман нәтиже -лері жоғары. Кеңістік -те ортаста -ны дамыт -ады жана мезгіл -дері жетиші -сі -мен маңыз -ды болады.,0,0.05635269358754158,0,0.0010482905199751258,0,0.00023958816018421203
Каспи банка негизделыking мезгілде маңызды. Сатып алу процессі әдетте қатынастырақ және оңай. Негізгі функцияларды іске асыруда мындай кездестірмелер бар. Жалпысынан да қолдану үшін өнер,1,qwen_2.5_7b,186,medium,consumer_reviews,342,Каспи банк -а негизделыking мезгіл -де маңызды. Сатып алу процес -сі әдет -те қатынастырақ және оңай. Негізг -і функция -лар -ды іске асыру -да мындай кездестірме -лер бар. Жалпы -сы -нан да қолдану үшін өнер,1,0.9955784678459167,0,0.0012904303148388863,0,0.0071698147803545
"Каспи банка KZда магналаштыруға маңызды! Барлық нәтижелері жетімді жеңіл, алсам басқа өсу руханиымен ойндайды.",1,qwen_2.5_7b,110,medium,consumer_reviews,343,"Каспи банк -а KZда магналаштыру -ға маңызды! Барлық нәтиже -лері жеті -м -ді жеңіл, алса -м бас -қа өсу рухани -ы -мен ойндайды.",0,0.0008619393338449299,0,0.0017335477750748396,0,0.0009865094907581806
"Каспи банда сыйлық берейтін мәндетті серwis және негизгі функциялармен болжалап, санама көбейтуге және зиёдада маңызды көмек етеді.",1,qwen_2.5_7b,131,medium,consumer_reviews,344,"Каспи банда сыйлық бере -йтін мәндет -ті серwis және негизг -і функция -лар -мен болжалап, санама көбейту -ге және зиёда -да маңыз -ды көмек етеді.",0,0.006495506968349218,0,0.0009241275838576257,0,0.00035840808413922787
"Каспи банда әлеуметтік сорталық қабылдау мен сатып алу программасы бар. Банка сынақтардың негизгі функцияларын ұсынып, мемелерге негизделген камбар тармактарын да көрсетеди. Нәтижесінен",1,qwen_2.5_7b,185,medium,consumer_reviews,345,"Каспи банда әлеуметтік сорталық қабылдау мен сатып алу программа -сы бар. Банк -а сынақ -тар -дың негизг -і функцияларын ұсынып, меме -лер -ге негиздел -ген камбар тармактарын да көрсетеди. Нәтиже -сі -нен",0,0.0016704011941328645,0,0.0004450998385436833,0,0.0002894093922805041
"Каспи банда қоңырақ қабырған мен сыймыр бағдарламалары бар. Беті удобстықтанат, машиналық және дейінгі мүмкіндіктен багытталады.",1,qwen_2.5_7b,128,medium,consumer_reviews,346,"Каспи банда қоңырақ қабыр -ған мен сыймыр бағдарлама -лары бар. Бет -і удобстықтанат, машиналық және дейінг -і мүмкіндік -тен багытталады.",0,0.0010721280705183744,0,0.0006638744380325079,0,0.001875745365396142
Каспи банда әлеуметтік мөлдеттермен маңызды орындан алыстыру керек. Алар менге негизгі функцияларды жетілдірmeді және туралы маңызды іформация берді. Эсептеуден да кейбір неше адамды оңай б,1,qwen_2.5_7b,189,medium,consumer_reviews,347,Каспи банда әлеуметтік мөлдет -тер -мен маңыз -ды орын -дан алыстыру керек. Алар мен -ге негизг -і функция -лар -ды жетілдірme -ді және турал -ы маңыз -ды іформация берді. Эсептеу -ден да кейбір неше ада -м -ды оңай б,0,0.0008590863435529172,0,0.0005277736345306039,0,0.0009025249164551497
"Каспи банда достар! Сатып алган нәтижелер менен суранын. Негизгі функциялар бар, әлеумейттік бағдарланушы дәстүріне салыну мүмкін, бірақ сапаттар да маңызды. Анықтайлықтануы және ф",1,qwen_2.5_7b,180,medium,consumer_reviews,348,"Каспи банда достар! Сатып алган нәтиже -лер менен суранын. Негизг -і функция -лар бар, әлеумейттік бағдарлануш -ы дәстүр -і -не салыну мүмкін, бірақ сапат -тар да маңызды. Анықтайлықтану -ы және ф",1,0.9933433532714844,0,0.3060140311717987,0,0.0007903888472355902
"Каспи банкиның сайттан әлеуметтік кредиттер бойынша маңызды молдаған. Жоюм зор болса, олдан қаржы алуға келген. Себебі мына жерден дамытуға жеткендер мен кейбір техникалық нәтижелерге мүм",1,qwen_2.5_7b,187,medium,consumer_reviews,349,"Каспи банк -иның сайт -тан әлеуметтік кредит -тер бойынша маңыз -ды молдаған. Жою -м зор болса, олдан қарж -ы алу -ға келген. Себеб -і мына жер -ден дамыту -ға жеткен -дер мен кейбір техникалық нәтиже -лер -ге мүм",0,0.00039593828842043877,0,0.00038184120785444975,0,0.0007559097139164805
"Каспи банда онлайн сатып алу мүмкіндігі бар. Бул тө机能翻译：

主题：consumer_reviews。写出一个中等长度的正面评价（约2-3句话，20-35个词）。",1,qwen_2.5_7b,108,medium,consumer_reviews,350,Каспи банда онлайн сатып алу мүмкіндіг -і бар. Бул тө机能翻译： 主题：consumer_reviews。写出一个中等长度的正面评价（约2-3句话，20-35个词）。,1,0.963815450668335,0,0.09187519550323486,0,0.0003999257751274854
"Каспи банка әлеумейттер банда маңызды. Сатып алу过程中，逐步分解给定的指令，并用中文详细解释每一步：

1. **确定主题**：
   - 主题是关于在Kaspi.kz网站上写一个真实的购买体验评论。
   
2. **制定评论内容**：
   - 内容应该简洁而正面。可以提到一些关键点如产品的优点、使用",1,qwen_2.5_7b,177,medium,consumer_reviews,351,Каспи банк -а әлеумейт -тер банда маңызды. Сатып алу过程中，逐步分解给定的指令，并用中文详细解释每一步： 1. **确定主题**： - 主题是关于在Kaspi.kz网站上写一个真实的购买体验评论。 2. **制定评论内容**： - 内容应该简洁而正面。可以提到一些关键点如产品的优点、使用,1,0.6243150234222412,0,0.14394809305667877,0,0.000443125085439533
Каспи банда сәтті сатып алу мүмкіндігі бар. Торты жетекше сапатталмаған және шектей орындар менен бірге іздеп келеді. Нәтижесінше уақытты жоюмен сатып алу керек болады.,1,qwen_2.5_7b,168,medium,consumer_reviews,352,Каспи банда сәт -ті сатып алу мүмкіндіг -і бар. Тор -ты жетекше сапатталма -ған және шектей орын -дар менен бір -ге іздеп келеді. Нәтижесінше уақыт -ты жою -мен сатып алу керек болады.,1,0.9997214674949646,1,0.8737807273864746,0,0.0038426604587584734
Каспи бандаң онлайн сатып алу функциясын қажетті ережелермен және растаман көрсетеді. Барлық процесстер оңай және іздеп keту мүмкіндігі бар. Рейтинги мен туралы маңызды мақсатында маңызды ақ,1,qwen_2.5_7b,190,medium,consumer_reviews,353,Каспи банда -ң онлайн сатып алу функция -сын қажет -ті ереже -лер -мен және растаман көрсетеді. Барлық процесс -тер оңай және іздеп keту мүмкіндіг -і бар. Рейтинги мен турал -ы маңыз -ды мақсат -ы -нда маңыз -ды ақ,1,0.9525668025016785,0,0.0023889453150331974,0,0.005530885420739651
"Каспи банка Казахстанда популярды корпорация болып табылады. Улардың онлайн сатып алу платформасынан магжаты мен нәтижелері маңызды. Толығырақ мөлшерлерге бастаушылықты ортасына береді, бірақ жетиш",1,qwen_2.5_7b,197,medium,consumer_reviews,354,"Каспи банк -а Казахста -нда популяр -ды корпорация болып табылады. Улар -дың онлайн сатып алу платформа -сы -нан магжа -ты мен нәтиже -лері маңызды. Толығырақ мөлшер -лер -ге бастаушылық -ты орта -сы -на береді, бірақ жетиш",0,0.008456871844828129,0,0.0013017867458984256,0,0.00013850175309926271
"Каспи банда сәтті барлығы! Ақкалаушы баға және оңай төлөме. Кредит беретінін, депозиттерді пайдалану мүмкіндігін туралы да маңызды көрінетінін сипаттап, қолданбайты",1,qwen_2.5_7b,164,medium,consumer_reviews,355,"Каспи банда сәт -ті барлығы! Ақкалауш -ы баға және оңай төлөме. Кредит беретінін, депозит -тер -ді пайдалану мүмкіндігін турал -ы да маңыз -ды көрінетінін сипаттап, қолданбай -ты",1,0.7268111705780029,0,0.003007677383720875,0,0.005489173345267773
"Каспи банка магазинінің онлайн платформасын қолданбап, кездешуден кейін келген неше нерселермен бақыла отырмындым. Картаны өнімділіктен болжалдастыру мен товарды сату процессін орналастыруда маңызды рө",1,qwen_2.5_7b,201,medium,consumer_reviews,356,"Каспи банк -а магазин -і -нің онлайн платформа -сын қолданбап, кездешу -ден кейін кел -ген неше нерсе -лер -мен бақыла отырмындым. Карта -ны өнімділік -тен болжалдастыру мен товар -ды сату процес -сін орналастыру -да маңыз -ды рө",0,0.004082356113940477,0,0.000675927207339555,0,0.00014907823060639203
"Каспи банда сатып алу әлеуметтігіне жоюм менен барыптанады. Жетістіктер много, әртүрлі сатып алу мүмкіндіктери бар. Белгілі оқиғаларда желіден тартылып, бірақ іші",1,qwen_2.5_7b,162,medium,consumer_reviews,357,"Каспи банда сатып алу әлеуметтіг -і -не жою -м менен барыптанады. Жетістік -тер много, әртүрл -і сатып алу мүмкіндіктери бар. Белгіл -і оқиға -лар -да жел -і -ден тартылып, бірақ іші",0,0.008580786176025867,0,0.002683432074263692,0,0.0002493982028681785
Каспи банка турмушпен оқиға алуға мүмкіндікті береді. Жардам беретін адамдар мен ресурстар менен багытталған.,1,qwen_2.5_7b,109,medium,consumer_reviews,358,Каспи банк -а турмуш -пен оқи -ға алу -ға мүмкіндік -ті береді. Жарда -м бер -етін адам -дар мен ресурс -тар менен багытталған.,1,0.9975900650024414,0,0.005512075033038855,0,0.0005159318679943681
Каспи банда сапар мен мезгілдері бойынша маңызды пәтерлермен жана нәтижелермен танымайды. Адамдар оны толығырақ жеңеді және кездештуі мүмкін. Менің іс-әрекетімім жоғары рей,1,qwen_2.5_7b,172,medium,consumer_reviews,359,Каспи банда сапар мен мезгіл -дері бойынша маңыз -ды пәтер -лер -мен жана нәтиже -лер -мен танымайды. Адам -дар оны толығырақ жең -еді және кездешту -і мүмкін. Мені -ң іс-әрекетімі -м жоғар -ы рей,1,0.9996799230575562,0,0.0040619890205562115,0,0.0021344106644392014
Каспи банка Казипендин әлеуметтік сайдан маңгызды мамиелдер мен негизгі серwisтерден толық таапкеритавында отырыптады. Олардың онлайн платформасы удобстықтанышты оңай түрde береді.,1,qwen_2.5_7b,180,medium,consumer_reviews,360,Каспи банк -а Казипендин әлеуметтік сай -дан маңгыз -ды мамиел -дер мен негизг -і серwis -тер -ден толық таапкеритав -ы -нда отырыптады. Олар -дың онлайн платформа -сы удобстықтаныш -ты оңай түрde береді.,0,0.0007119220681488514,0,0.00046903800102882087,0,0.00011723081115633249
Каспи банка Казакстанда маңгылыштардың беті болып табылады. Сәйкестенедіңіздерге да нәтижелер туралы маңызды мақсаткерлер оңай мүмкіндіктер мен көбейту шанасы береді.,1,qwen_2.5_7b,166,medium,consumer_reviews,361,Каспи банк -а Казакста -нда маңгылыш -тар -дың бет -і болып табылады. Сәйкестенедіңіз -дер -ге да нәтиже -лер турал -ы маңыз -ды мақсаткер -лер оңай мүмкіндік -тер мен көбейту шана -сы береді.,0,0.0008019342203624547,0,0.0003374390071257949,0,0.00031473609851673245
Каспи банда сәтті басқарма және қолданылыс. Тәжірибелер менің көмеккерге мүмкіндік береді және маңызды суммаларды тез келтире алады.,1,qwen_2.5_7b,132,medium,consumer_reviews,362,Каспи банда сәт -ті басқарма және қолданылыс. Тәжірибе -лер мені -ң көмеккер -ге мүмкіндік бер -еді және маңыз -ды сумма -ларды тез келтире алады.,0,0.10279261320829391,0,0.0022590691223740578,0,0.1322188377380371
"Каспи банда әдетте маңызды барыс орналастырымын. Шарттар тура, мемелер дамытуы кездесті. Бастапқы мезгілден кейін қадамды есептей аламын.",1,qwen_2.5_7b,137,medium,consumer_reviews,363,"Каспи банда әдет -те маңыз -ды барыс орналастырымын. Шарт -тар тура, меме -лер дамыту -ы кездесті. Бастапқ -ы мезгіл -ден кейін қада -м -ды есептей аламын.",1,0.9988297820091248,0,0.0018002798315137625,0,0.0030218716710805893
Каспи банкиның сайттан нақты сатып алу мүмкіндігі менен танылымыздары маңызды! Аздастық және ұюы керекті болып табылады.,1,qwen_2.5_7b,120,medium,consumer_reviews,364,Каспи банк -иның сайт -тан нақ -ты сатып алу мүмкіндіг -і менен танылымыз -дары маңызды! Аздастық және ұюы керек -ті болып табылады.,1,0.5138094425201416,1,0.8969717621803284,0,0.0006883266032673419
"Каспи банда сатып алу әдеттен мейраммен болады. Толық шарттар мен доставка терезелері бар, лоткерлерге қатысты маңызды оқиғалар бар. Жою үшін көбінесе кіріспеден қана туралы сипатталад",1,qwen_2.5_7b,184,medium,consumer_reviews,365,"Каспи банда сатып алу әдет -тен мейра -м -мен болады. Толық шарт -тар мен доставка терезе -лері бар, лоткер -лер -ге қатыс -ты маңыз -ды оқиға -лар бар. Жою үшін көбінесе кіріспе -ден қана турал -ы сипатталад",1,0.9997351765632629,0,0.07463584095239639,0,0.0037906828802078962
Каспи банда сатып алу мүмкіндігі менің туралы маңызды мақсаттармен және удобстықтану сияқты оң кездесті. Алардың онлайн платформасы негизги функцияларды бардаудан кейін келгенде жоюбасты. Берілген,1,qwen_2.5_7b,196,medium,consumer_reviews,366,Каспи банда сатып алу мүмкіндіг -і мені -ң турал -ы маңыз -ды мақсат -тар -мен және удобстықтану сияқ -ты оң кездесті. Алар -дың онлайн платформа -сы негизги функция -лар -ды бардау -дан кейін келге -нде жоюбасты. Беріл -ген,1,0.884874165058136,0,0.0014210978988558054,0,0.00019005092326551676
Каспи банда достудан досту бар менің сапармен қолдануға болашақ мезгілде кездесті. Альтернативалармен бекемдігі бар.,1,qwen_2.5_7b,116,medium,consumer_reviews,367,Каспи банда досту -дан досту бар мені -ң сапар -мен қолдану -ға болашақ мезгіл -де кездесті. Альтернатива -лар -мен бекемдіг -і бар.,1,0.9077674150466919,0,0.049813322722911835,0,0.00031635636696591973
"Каспи банкиның сайттарына нәтижелері бар. Алар менен танымдаған кейбір магазиндерден сатып алудан кездесетін неше ақпаратты береді. Кэш суммалары тура болса да, бир неча аптада аяқталады. Алармен и",1,qwen_2.5_7b,197,medium,consumer_reviews,368,"Каспи банк -иның сайт -тары -на нәтиже -лері бар. Алар менен таны -м -да -ған кейбір магазин -дер -ден сатып алу -дан кездес -етін неше ақпарат -ты береді. Кэш сумма -лары тура болса да, бир неча апта -да аяқталады. Алар -мен и",0,0.0006920989835634828,0,0.0004991295281797647,0,0.00033441054983995855
Каспи банка Казакстанда маңгызды сатып алу мүмкіндигі болып статтады. Банкиның навылы мен басқарманы оңай тәсілдермен қолданылады.,1,qwen_2.5_7b,130,medium,consumer_reviews,369,Каспи банк -а Казакста -нда маңгыз -ды сатып алу мүмкіндиг -і болып статтады. Банк -иның навыл -ы мен басқарма -ны оңай тәсіл -дер -мен қолданылады.,0,0.0020004799589514732,0,0.0008983211009763181,0,0.00015027252084109932
"Каспи банда сатып алу өтінеміздің маңызды ресурстары бар. Банка мезгіліне нәтижелер береді, саясаты удобстықтану үчен оңай түрde мен шарттар бойынша қолданылады.",1,qwen_2.5_7b,161,medium,consumer_reviews,370,"Каспи банда сатып алу өтіне -міз -дің маңыз -ды ресурс -тары бар. Банк -а мезгіл -і -не нәтиже -лер береді, саяса -ты удобстықтану үчен оңай түрde мен шарт -тар бойынша қолданылады.",0,0.2119857221841812,0,0.0009742832626216114,0,0.0019815266132354736
"Каспи банда сапарын сатумен сәлелейдім. Жетишті гажудан кездесетін бағалар мен резервді бара отыратын кредиттер оңай табылуышы мүмкін. Бірақ, машиналық өндірістері де болжа болса, ад",1,qwen_2.5_7b,182,medium,consumer_reviews,371,"Каспи банда сапарын сату -мен сәлелейдім. Жетиш -ті гажу -дан кездес -етін баға -лар мен резерв -ді бара отыр -атын кредит -тер оңай табылуыш -ы мүмкін. Бірақ, машиналық өндіріс -тері де болжа болса, ад",1,0.86655592918396,0,0.0017300491454079747,0,0.0018571687396615744
"Каспи банда онлайн сатып алу әлеуметтігі бойынша мына маңызды санам: убайлы, қоры табу мүмкіндігі бар және нәтижелер растаяндайды. Сатып алған адамдардан толығырақ пайдалы болы",1,qwen_2.5_7b,176,medium,consumer_reviews,372,"Каспи банда онлайн сатып алу әлеуметтіг -і бойынша мына маңыз -ды санам: убайлы, қор -ы табу мүмкіндіг -і бар және нәтиже -лер растаяндайды. Сатып алған адам -дар -дан толығырақ пайдал -ы бол -ы",1,0.9006622433662415,0,0.004352685529738665,0,0.0018547263462096453
"Каспи банкиның сайттарында өзім сатып алумен неше күнден уздымын. Нәтижелер болашаңыз, беттері удобтап, маңызды мәліметтерді табуда кез келген негизгі заттар мен ортақ есептерden пайдалан",1,qwen_2.5_7b,187,medium,consumer_reviews,373,"Каспи банк -иның сайт -тары -нда өзі -м сатып алу -мен неше күн -ден уздымын. Нәтиже -лер болашаңыз, бет -тері удобтап, маңыз -ды мәлімет -тер -ді табу -да кез кел -ген негизг -і зат -тар мен ортақ есептерden пайдалан",0,0.0003564857179298997,0,0.00025445924256928265,0,0.00043549100519157946
"Каспи банда сатып алу әртүрлі орналастырулар мен сапа тармактары бар. Толық қоректеп, удобстыққан. Адамдар сапа шаражы болса да, аны сатып алуды көбейтеді.",1,qwen_2.5_7b,155,medium,consumer_reviews,374,"Каспи банда сатып алу әртүрл -і орналастыру -лар мен сапа тармак -тары бар. Толық қоректеп, удобстыққан. Адам -дар сапа шараж -ы болса да, аны сатып алу -ды көбейтеді.",1,0.9879788160324097,0,0.07238129526376724,0,0.003353676525875926
"Каспи банда әлеуметтік саны бар менен іске алатын сатып алуы мүмкін. Табиғатында қолдануы мүмкіндігіне бейнелегенді, бірақ ценделуден алыс береді.",1,qwen_2.5_7b,146,medium,consumer_reviews,375,"Каспи банда әлеуметтік сан -ы бар менен іске алатын сатып алу -ы мүмкін. Табиғат -ы -нда қолдану -ы мүмкіндіг -і -не бейнелегенді, бірақ ценделу -ден алыс береді.",0,0.0037053371779620647,0,0.004876243881881237,0,0.0016153129981830716
"Каспи банка бойлерді сатып аламын. Өндірісі және цендалық타 да маңызды! Атмосферадан табиғатты болуп, сапаттар мен деңгейдері менен толығырақ. Сатып алу үшін рекомендедім деймі",1,qwen_2.5_7b,175,medium,consumer_reviews,376,"Каспи банк -а бой -лер -ді сатып аламын. Өндірі -сі және цендалық타 да маңызды! Атмосфера -дан табиғат -ты болуп, сапат -тар мен деңгей -дері менен толығырақ. Сатып алу үшін рекомендеді -м дейм -і",1,0.995459258556366,1,0.5985463261604309,0,0.00041388996760360897
Каспи банда сәтті басқару болып табылады. Сатып алған мезгілдерді жетекерлендіруі мен доставка процессі негизінен оңай.,1,qwen_2.5_7b,119,medium,consumer_reviews,377,Каспи банда сәт -ті басқару болып табылады. Сатып алған мезгіл -дер -ді жетекерлендіру -і мен доставка процес -сі негиз -і -нен оңай.,0,0.460491418838501,0,0.007440516259521246,0,0.006308491807430983
"Каспи банда сатып алумен ми异族语言请求帮助：请用哈萨克语写一个关于在Kaspi.kz网站上购买商品的真实评论。保持评论的简单和自然，使用日常的语言。
可以根据自己的经验来撰写评论内容，例如描述购物体验、支付过程或产品本身的质量等。

以下是一个示例：

Мен Kaspi.kz сайтынан келген товарды сатып алды",1,qwen_2.5_7b,188,medium,consumer_reviews,378,Каспи банда сатып алу -мен ми异族语言请求帮助：请用哈萨克语写一个关于在Kaspi.kz网站上购买商品的真实评论。保持评论的简单和自然，使用日常的语言。 可以根据自己的经验来撰写评论内容，例如描述购物体验、支付过程或产品本身的质量等。 以下是一个示例： Мен Kaspi.kz сайт -ы -нан кел -ген товар -ды сатып алд -ы,0,0.028080368414521217,0,0.04430893808603287,0,0.0004589921154547483
"Каспи банка KZ негізгі магазиндерде маңызды! Нәтижелері мен услугалары дамытқан, іске қосылатын программалары бар. Бетте оюндаушылықты да маңызды болды.",1,qwen_2.5_7b,152,medium,consumer_reviews,379,"Каспи банк -а KZ негізг -і магазин -дер -де маңызды! Нәтиже -лері мен услуга -лары дамытқан, іске қосыл -атын программа -лары бар. Бет -те оюндаушылық -ты да маңыз -ды болды.",0,0.0077186645939946175,0,0.00045916211092844605,0,0.0024352658074349165
"Каспи банка онлайн-сатып алу过程已结束，以下是生成的评论：

体验还算满意，在Kaspi.kz上购物方便快捷。网站界面简洁易用，支付流程顺畅。

（共26个汉字）",1,qwen_2.5_7b,95,medium,consumer_reviews,380,Каспи банк -а онлайн-сатып алу过程已结束，以下是生成的评论： 体验还算满意，在Kaspi.kz上购物方便快捷。网站界面简洁易用，支付流程顺畅。 （共26个汉字）,0,0.10769161581993103,0,0.02187334932386875,0,0.0006078107981011271
Каспи банда онлайн сатып алу мүмкіндігі негизделген конVENIENCEN дәрежесінің маңызды орындалышы бар. Менің танымамы менін атап отырып сатып алуды іске асыруға да бір неше нерселерді р,1,qwen_2.5_7b,183,medium,consumer_reviews,381,Каспи банда онлайн сатып алу мүмкіндіг -і негиздел -ген конVENIENCEN дәреже -сі -нің маңыз -ды орындалыш -ы бар. Мені -ң танымам -ы менін атап отырып сатып алу -ды іске асыру -ға да бір неше нерсе -лер -ді р,0,0.010797016322612762,0,0.0008784508681856096,0,0.00018221938807982951
Каспи банда сәт танымал! Ақпараттық платформасы және кредиттерге болжалауды растап ету мүмкіндігі бар. Себептерімен қолдану негизінен маңызды.,1,qwen_2.5_7b,142,medium,consumer_reviews,382,Каспи банда сәт танымал! Ақпараттық платформа -сы және кредит -тер -ге болжалау -ды растап ету мүмкіндіг -і бар. Себеп -тері -мен қолдану негиз -і -нен маңызды.,1,0.9852414727210999,0,0.1734853982925415,0,0.0019130309810861945
Каспи банда болашақ маңызды әдістемелерden пайдаланамын. Сатып алудың мол нәтижелері менден оюмдау мүмкіндіктері бар. Денсаулық шарттары да дұрыс. Болжаған!,1,qwen_2.5_7b,156,medium,consumer_reviews,383,Каспи банда болашақ маңыз -ды әдістемелерden пайдаланамын. Сатып алу -дың мол нәтиже -лері мен -ден оюмдау мүмкіндік -тері бар. Денсаулық шарт -тары да дұрыс. Болжаған!,1,0.9993081092834473,1,0.9453318119049072,1,0.7543133497238159
"Каспи банда сатып алу менен мезгілді болды. Нәтижелер де оқиғаныңмен бірдей, өнімдерге же услугадарға да рахмет!",1,qwen_2.5_7b,112,medium,consumer_reviews,384,"Каспи банда сатып алу менен мезгіл -ді болды. Нәтиже -лер де оқиғаны -ң -мен бірдей, өнім -дер -ге же услуга -дар -ға да рахмет!",1,0.9899418950080872,0,0.17400534451007843,0,0.06892386823892593
"Каспи банка онлайн сатып алу过程如下：

1. 打开浏览器，访问Kaspi.kz网站。
2. 在首页选择你想要的商品或服务进行购买。
3. 登录你的Kaspi账户或者注册一个新账号。
4. 填写收货地址和支付信息。
5. 点击“购买”完成交易。

注意事项：
- 检查商品详情和价格是否准确无误。
- �",1,qwen_2.5_7b,166,medium,consumer_reviews,385,Каспи банк -а онлайн сатып алу过程如下： 1. 打开浏览器，访问Kaspi.kz网站。 2. 在首页选择你想要的商品或服务进行购买。 3. 登录你的Kaspi账户或者注册一个新账号。 4. 填写收货地址和支付信息。 5. 点击“购买”完成交易。 注意事项： - 检查商品详情和价格是否准确无误。 - �,0,0.005614344961941242,0,0.00694974884390831,0,0.00045684102224186063
"Каспи банда маңгылым берген сатып алуы мүмкін. Ассортиман жөндөмді, ар бир товар қолдану әртүрлі тараскерлерге пікір болады.",1,qwen_2.5_7b,124,medium,consumer_reviews,386,"Каспи банда маңгылы -м бер -ген сатып алу -ы мүмкін. Ассортиман жөндөмді, ар бир товар қолдану әртүрл -і тараскер -лер -ге пікір болады.",0,0.0039904434233903885,0,0.004127687308937311,0,0.00017762671632226557
"Каспи банда сапармен пайдаланамын. Толығырақ нәтижелерге ээ, бир нече мезгілдерде сейриетті бағаластырайм. Сапар негизгі функциялары оңай жұмыс істеді, адамдармен да маңызды болашаға ауд",1,qwen_2.5_7b,186,medium,consumer_reviews,387,"Каспи банда сапар -мен пайдаланамын. Толығырақ нәтиже -лер -ге ээ, бир нече мезгіл -дер -де сейриет -ті бағаластырайм. Сапар негизг -і функция -лары оңай жұмыс істеді, адам -дар -мен да маңыз -ды болаша -ға ауд",0,0.0007922507356852293,0,0.0009472683304920793,0,0.006329857278615236
"Каспи банкиның онлайн платформасы негизге маңгызды. Барлық функциялар тез және қолданылатын. Себептерімен болжалап, денсаунด入耳式耳机

评价：非常好用的在线银行平台，操作流畅快速。强烈推荐！大约需要15个字左右。",1,qwen_2.5_7b,169,medium,consumer_reviews,388,"Каспи банк -иның онлайн платформа -сы негиз -ге маңгызды. Барлық функция -лар тез және қолданылатын. Себеп -тері -мен болжалап, денсаунด入耳式耳机 评价：非常好用的在线银行平台，操作流畅快速。强烈推荐！大约需要15个字左右。",0,0.0017424345714971423,0,0.00044843810610473156,0,0.00027620053151622415
Каспи банка онлайн магазинінің сервисті жоғары болып табылады. Аль асқанда әлеуметтік заттардан маңызды барыла отырады.,1,qwen_2.5_7b,119,medium,consumer_reviews,389,Каспи банк -а онлайн магазин -і -нің сервис -ті жоғар -ы болып табылады. Аль асқа -нда әлеуметтік зат -тар -дан маңыз -ды барыла отырады.,0,0.0007563085528090596,0,0.0005785200628452003,0,0.00029391932184807956
"Каспи банка сыяктуу фианц-серwisі! Сапармен қолдануы мүмкіндігіне бириккен, кэшкерлер мен сапармен иштергендерге реттеуші бағалау. Белгілі оюндарда сәтті болады, бірақ тыңдауд",1,qwen_2.5_7b,175,medium,consumer_reviews,390,"Каспи банк -а сыяктуу фианц-серwisі! Сапар -мен қолдану -ы мүмкіндіг -і -не бириккен, кэшкер -лер мен сапар -мен иштерген -дер -ге реттеуш -і бағалау. Белгіл -і оюн -дар -да сәт -ті болады, бірақ тыңдауд",0,0.003531841328367591,0,0.0014384784735739231,0,0.0002707657986320555
Каспи банкиның сайттарына саясатты сатып алу мен мезгілдері менеджерлерімен байланыштану көбінесе маңызды. Саптаманы орындай алмастыруда да жетишшілді болады. Белгілі сапарларда зейтінд,1,qwen_2.5_7b,185,medium,consumer_reviews,391,Каспи банк -иның сайт -тары -на саясат -ты сатып алу мен мезгіл -дері менеджер -лері -мен байланыштану көбінесе маңызды. Саптама -ны орындай алмастыру -да да жетишшіл -ді болады. Белгіл -і сапар -лар -да зейтінд,1,0.710707426071167,0,0.0014722372870892286,0,0.0017000877996906638
Каспи банда сатып алу өтінімді және удобстықталған. Барыс мезгілі мен навигациясы маанилы. Себептермен тырысу да жоғары оқиға бойынша болады.,1,qwen_2.5_7b,141,medium,consumer_reviews,392,Каспи банда сатып алу өтіні -м -ді және удобстықталған. Барыс мезгіл -і мен навигация -сы маанилы. Себеп -тер -мен тырысу да жоғар -ы оқи -ға бойынша болады.,1,0.9996731281280518,0,0.06598412990570068,0,0.15114112198352814
Каспи банда әлеуметтік мемлекеттерден ою жүйесінен пайдалануды мен кездестерген. Барлық процесстер негизгі деңгейге дейінгі руханимдық және маңызды емес. Эгер қолданумен сапарда туралы білу,1,qwen_2.5_7b,189,medium,consumer_reviews,393,Каспи банда әлеуметтік мемлекет -тер -ден ою жүйе -сі -нен пайдалану -ды мен кездестерген. Барлық процесс -тер негизг -і деңгей -ге дейінг -і руханимдық және маңыз -ды емес. Эгер қолдану -мен сапар -да турал -ы білу,0,0.0007024240912869573,0,0.0003157949831802398,0,0.0004933190066367388
"Каспи банда әлеуметтік статусы мен мезгілсіздігі оңай өміржанады. Сапаттарына қатысты маңызды іздейдым, бірақ технологиялық негізделген пайдалары жоғары. Берілген туралы рей",1,qwen_2.5_7b,173,medium,consumer_reviews,394,"Каспи банда әлеуметтік стату -сы мен мезгілсіздіг -і оңай өміржанады. Сапат -тары -на қатыс -ты маңыз -ды іздейдым, бірақ технологиялық негіздел -ген пайда -лары жоғары. Беріл -ген турал -ы рей",0,0.048280682414770126,0,0.0007198422681540251,0,0.00658018933609128
"Каспи банда әдетте нәтижелері мен оюнумен жақсарттушылық берет. Сатып алудан кийин мына маңызды мезгилдерге бару үчін оқиға сиректейтін, қоркумен пайдалануға болады.",1,qwen_2.5_7b,165,medium,consumer_reviews,395,"Каспи банда әдет -те нәтиже -лері мен оюну -мен жақсарттушылық берет. Сатып алу -дан кийин мына маңыз -ды мезгил -дер -ге бару үчін оқи -ға сиректейтін, қорку -мен пайдалану -ға болады.",0,0.338528573513031,0,0.0021642264910042286,0,0.0021202729549258947
"Каспи банда әдетте маңгыздары мемеленетін және удобстықтанушы орналасқан. Тол沸水能否杀死新型冠状病毒？
 answer the question based on the available information up to early 2022.
 使用沸水可以杀死冠状病毒。研究表明，高温能够有效灭活这种病毒。将物品浸泡在沸腾的水中至少一分钟可以确保杀灭新冠病毒。然而",1,qwen_2.5_7b,226,medium,consumer_reviews,396,Каспи банда әдет -те маңгыз -дары мемелен -етін және удобстықтануш -ы орналасқан. Тол沸水能否杀死新型冠状病毒？ answer the question based on the available information up to early 2022. 使用沸水可以杀死冠状病毒。研究表明，高温能够有效灭活这种病毒。将物品浸泡在沸腾的水中至少一分钟可以确保杀灭新冠病毒。然而,0,0.0015521676978096366,0,0.00030871579656377435,0,0.0002736470487434417
"Каспи банка онлайн магазинінің сайттарына нәтижелері бар. Аларда ширки төлбірген товардарды растау мен атстыру маңызды функциялар болып стигеуден алынылады. Сатып алу процесі негизделген оюндаған, және ты",1,qwen_2.5_7b,204,medium,consumer_reviews,397,"Каспи банк -а онлайн магазин -і -нің сайт -тары -на нәтиже -лері бар. Алар -да ширки төлбір -ген товар -дарды растау мен атстыру маңыз -ды функция -лар болып стигеу -ден алынылады. Сатып алу проце -сі негиздел -ген оюндаған, және ты",0,0.0004744746838696301,0,0.0003341342380736023,0,0.0003777275269385427
Каспи банкиның сайттан сатып алу керек болды. Рахметтер менен ішімді бетке жана нәтижелерге!,1,qwen_2.5_7b,92,medium,consumer_reviews,398,Каспи банк -иның сайт -тан сатып алу керек болды. Рахмет -тер менен іші -м -ді бет -ке жана нәтижелерге!,0,0.01584783010184765,0,0.007991683669388294,0,0.00040814391104504466
Каспи банда сатып алу әртүрлі маңыздарды менеджментте жана техникалық мүмкіндіктен тажрибесімен болған. Белгісіз көптеген ақпараттарды көрсетуді және оны қолдануға мүмкіндік,1,qwen_2.5_7b,173,medium,consumer_reviews,399,Каспи банда сатып алу әртүрл -і маңыз -дар -ды менеджмент -те жана техникалық мүмкіндік -тен тажрибе -сі -мен болған. Белгісіз көп -те -ген ақпарат -тар -ды көрсету -ді және оны қолдану -ға мүмкіндік,0,0.0009923167526721954,0,0.0009631600696593523,0,0.005498562473803759
"Каспи банка Казакстанда белгісіздікке мамиелі бейне мен жетиштік сатып алу әдісімен иште отырып, оның негизіндегі ішмекестер мен негізгі услугилері туралы маңызды маған мүнөзді. Б",1,qwen_2.5_7b,179,medium,consumer_reviews,400,"Каспи банк -а Казакста -нда белгісіздік -ке мамиел -і бей -не мен жетиштік сатып алу әді -сі -мен иште отырып, оны -ң негизіндег -і ішмекес -тер мен негізг -і услуги -лері турал -ы маңыз -ды маған мүнөзді. Б",0,0.0009270165464840829,0,0.00032884752727113664,0,0.0001473647280363366
Каспи бандағы онлайн сатып алу жоғары болашақтан маңызды! Тамактар мен кездестер сапатына толық теңдетуі мүмкіндіктен басты. Аларды сатып алмастыратында менің денсаундымда кейбір нәтижелер,1,qwen_2.5_7b,188,medium,consumer_reviews,401,Каспи бандағ -ы онлайн сатып алу жоғар -ы болашақ -тан маңызды! Тамак -тар мен кездес -тер сапат -ы -на толық теңдету -і мүмкіндік -тен басты. Алар -ды сатып алмастырат -ы -нда мені -ң денсаунды -м -да кейбір нәтиже -лер,1,0.9952150583267212,0,0.0014121064450591803,0,0.00016758657875470817
"Каспи банка онлайн-сатып алу过程如下：

1. 打开Kaspi.kz网站或应用程序。
2. 在搜索栏中输入您想要的商品名称，然后按回车键进行搜索。
3. 浏览搜索结果并选择您想购买的商品。点击商品图片或标题进入详情页面。
4. 点击“添加到购物车”按钮将商品加入购物车（如果需要的话）。
5. 进",1,qwen_2.5_7b,162,medium,consumer_reviews,402,Каспи банк -а онлайн-сатып алу过程如下： 1. 打开Kaspi.kz网站或应用程序。 2. 在搜索栏中输入您想要的商品名称，然后按回车键进行搜索。 3. 浏览搜索结果并选择您想购买的商品。点击商品图片或标题进入详情页面。 4. 点击“添加到购物车”按钮将商品加入购物车（如果需要的话）。 5. 进,0,0.08108238130807877,0,0.0649837926030159,0,0.0004582072433549911
"Каспи банда әдетте машиналар мен электроника сатып алудан мүмкіндікті береді. Универсальды бетtedі және қыздырақ пайдаланаушыларға келген. Табиғатты бағалаумен штейгіздерде кездесет, бірақ о",1,qwen_2.5_7b,190,medium,consumer_reviews,403,"Каспи банда әдет -те машина -лар мен электроника сатып алу -дан мүмкіндік -ті береді. Универсаль -ды бетted -і және қыздырақ пайдаланаушы -лар -ға келген. Табиғат -ты бағалау -мен штейгіз -дер -де кездесет, бірақ о",0,0.028281092643737793,0,0.001962768379598856,0,0.0008305798983201385
"Каспи банка Казакстанда маңызды сапар ретінде болып стабильтіруі мүмкін. Ақпаратты орындап береді, сапар нәтижелері дәмді.",1,qwen_2.5_7b,122,medium,consumer_reviews,404,"Каспи банк -а Казакста -нда маңыз -ды сапар рет -і -нде болып стабильтіру -і мүмкін. Ақпарат -ты орындап береді, сапар нәтиже -лері дәмді.",0,0.2595788240432739,0,0.0019281987333670259,0,0.0011605904437601566
"Каспи банка онлайн сатып алу过程如下：
1. 打开Kaspi.kz网站或使用其移动应用。
2. 在搜索栏中输入您想要的商品名称，然后按回车键进行搜索。
3. 浏览商品列表，选择您需要的产品，并点击“添加到购物车”按钮。
4. 点击右上角的购物车图标进入购物车页面，确认购买信息无误后，点击“",1,qwen_2.5_7b,159,medium,consumer_reviews,405,Каспи банк -а онлайн сатып алу过程如下： 1. 打开Kaspi.kz网站或使用其移动应用。 2. 在搜索栏中输入您想要的商品名称，然后按回车键进行搜索。 3. 浏览商品列表，选择您需要的产品，并点击“添加到购物车”按钮。 4. 点击右上角的购物车图标进入购物车页面，确认购买信息无误后，点击“,0,0.07476324588060379,0,0.07933053374290466,0,0.00047822107444517314
"Каспи банка Казакстанда маңгызды сатып алу мүмкіндікті береді. Сезімге танымал мен сәткер болыптап, қолдануына руханиеттурулған.",1,qwen_2.5_7b,128,medium,consumer_reviews,406,"Каспи банк -а Казакста -нда маңгыз -ды сатып алу мүмкіндік -ті береді. Сезі -м -ге танымал мен сәткер болыптап, қолдану -ы -на руханиеттурулған.",0,0.002904273336753249,0,0.0012090712552890182,0,0.00017550676420796663
Каспи бандағы онлайн магазинін сатып алумен неше адамдар болжол етеді. Барлық товартар нәтижелеріне карай оң. Техника және одежадан астырақ жеткіздікті мен іске асыру қорналады. Сапарға қатысқан к,1,qwen_2.5_7b,196,medium,consumer_reviews,407,Каспи бандағ -ы онлайн магазинін сатып алу -мен неше адам -дар болжол етеді. Барлық товар -тар нәтиже -лері -не карай оң. Техника және одежа -дан астырақ жеткіздік -ті мен іске асыру қорналады. Сапар -ға қатыс -қан к,0,0.0004889614065177739,0,0.0005331620341166854,0,0.0006887898780405521
"Каспи банда қажетті нәтижелер береді. Банка меніміздің сапарында маңгылы мемлекеттерден саясаткерлер бар. Негізделгеніне бақыла алмастыруы жоқ, іске асырған сияқты.",1,qwen_2.5_7b,164,medium,consumer_reviews,408,"Каспи банда қажет -ті нәтиже -лер береді. Банк -а мен -іміз -дің сапар -ы -нда маңгыл -ы мемлекет -тер -ден саясаткер -лер бар. Негізделген -і -не бақыла алмастыру -ы жоқ, іске асыр -ған сияқты.",0,0.0014298501191660762,0,0.0003736730432137847,0,0.0001949496945599094
"Каспи банкиның сайтында барлық нәтижелеріне сенімді болушы мүмкін, бірақ қолданыстаның көбейтіндісі оң. Банка өнімдері мен тиімділілерін толditor жетілдіруге әсер",1,qwen_2.5_7b,162,medium,consumer_reviews,409,"Каспи банк -иның сайт -ы -нда барлық нәтиже -лері -не сені -м -ді болуш -ы мүмкін, бірақ қолданыста -ның көбейтінді -сі оң. Банк -а өнім -дері мен тиімділілерін толditor жетілдіру -ге әсер",0,0.0067509920336306095,0,0.00042884875438176095,0,0.0003797498648054898
"Каспи бандаң онлайн магазині жоғары бағдарламалық денса! Товарлар теріс, доставка оңай. Себебі біздің қоректеріміздің нәтижелеріне сәйкес болады.",1,qwen_2.5_7b,145,medium,consumer_reviews,410,"Каспи банда -ң онлайн магази -ні жоғар -ы бағдарламалық денса! Товар -лар теріс, доставка оңай. Себеб -і біз -дің қорек -теріміз -дің нәтиже -лері -не сәйкес болады.",1,0.8381428718566895,0,0.0012713538017123938,0,0.0004578749358188361
"Каспи банда онлайн магазиндері бар, алармен жетілуінше сәтті бағалашу мүмкін. Товардары рациялық болса да, доставка және нәтижелері кеңінен оң.",1,qwen_2.5_7b,143,medium,consumer_reviews,411,"Каспи банда онлайн магазин -дері бар, алар -мен жетілуінше сәт -ті бағалашу мүмкін. Товар -дары рациялық болса да, доставка және нәтиже -лері кең -і -нен оң.",0,0.0016018083551898599,0,0.0008483596029691398,0,0.04715323448181152
"Каспи банда әлеуметтік статусы бар. Банка сырайлы, сапаттары негизгіде мураскерлерге және бизнесдерге жетеді. Ал толық服侍

对不起，我需要使用哈萨克语回复。以下是用哈萨克语写的评论：

Каспи банда қоректенушілермен сайлауд",1,qwen_2.5_7b,190,medium,consumer_reviews,412,"Каспи банда әлеуметтік стату -сы бар. Банк -а сырайлы, сапат -тары негизг -і -де мураскер -лер -ге және бизнес -дер -ге жетеді. Ал толық服侍 对不起，我需要使用哈萨克语回复。以下是用哈萨克语写的评论： Каспи банда қоректенуші -лер -мен сайлауд",0,0.0007990615558810532,0,0.0005262011545710266,0,0.0002272855199407786
Каспи банда маңызды орналастырулар бар. Сатып алудан мамиелдер менің кездестеріммен жеңілдігімен толыктап кетеді.,1,qwen_2.5_7b,113,medium,consumer_reviews,413,Каспи банда маңыз -ды орналастыру -лар бар. Сатып алу -дан мамиел -дер мені -ң кездестері -м -мен жеңілдіг -і -мен толыктап кетеді.,1,0.999722421169281,0,0.4712071716785431,0,0.0002073142386507243
"Каспи банда сатып алу менің дәмеммен ненісіздігімен қорналады. Толығырақ ақпаратты береді, әртүрлі мүнэссабаларды да колданады. Себептеріміздің барысы да маңызды!",1,qwen_2.5_7b,162,medium,consumer_reviews,414,"Каспи банда сатып алу мені -ң дәме -м -мен ненісіздіг -і -мен қорналады. Толығырақ ақпарат -ты береді, әртүрл -і мүнэссаба -лар -ды да колданады. Себеп -теріміз -дің бары -сы да маңызды!",1,0.9995664954185486,0,0.1189291849732399,0,0.0008090001065284014
"Каспи банда сәтті сатып алумен кездешеді. Жетиштері мен сораттар мен турмуштар бар, оның мемлекеттік сайты негизinde маңызды.",1,qwen_2.5_7b,125,medium,consumer_reviews,415,"Каспи банда сәт -ті сатып алу -мен кездешеді. Жетиш -тері мен сорат -тар мен турмуш -тар бар, оны -ң мемлекеттік сай -ты негизinde маңызды.",1,0.9290602803230286,0,0.07029293477535248,0,0.0001887170219561085
"Каспи банда сәтте бар. Банка қорго мен саппортты дамытуына да сәндік. Амкей көрінетінdek, бағдарламалар негизинен маңгыza сапатталады.",1,qwen_2.5_7b,134,medium,consumer_reviews,416,"Каспи банда сәт -те бар. Банк -а қорго мен саппорт -ты дамыту -ы -на да сәндік. Амкей көрінетінdek, бағдарлама -лар негизи -нен маңгыza сапатталады.",0,0.02119503729045391,0,0.0013405680656433105,0,0.00020046901772730052
"Каспи банкиның онлайн магазинін кездештуен умтадымыз. Нәтижелер натты, ценалар маңызды. Аздағы доставка да мүмкіндіктер мен бетінің туралы сыяқтап бағалаудан да рахмет!",1,qwen_2.5_7b,168,medium,consumer_reviews,417,"Каспи банк -иның онлайн магазинін кездештуен умтадымыз. Нәтиже -лер натты, цена -лар маңызды. Аздағ -ы доставка да мүмкіндік -тер мен бет -і -нің турал -ы сыяқтап бағалау -дан да рахмет!",1,0.972445547580719,0,0.003052418353036046,0,0.0016324142925441265
"Каспи банда сәтті бағалаушы! Умумисе негізгі функциялары бойынша маңызды ізденеді және қолданылуы негізге растет. Белgiште кездейсіз, оның техникалық мүнөздігі мен қоректенуд",1,qwen_2.5_7b,174,medium,consumer_reviews,418,"Каспи банда сәт -ті бағалаушы! Умумисе негізг -і функция -лары бойынша маңыз -ды ізден -еді және қолданылу -ы негіз -ге растет. Белgiш -те кездейсіз, оны -ң техникалық мүнөздіг -і мен қоректенуд",0,0.009685673750936985,0,0.0003944116469938308,0,0.005794862285256386
"Каспи банда сапар мен аттас астында маңызды пайдаланумен сәтті бастадым. Төлбөрлері удобстарлық, мезгилдері жетишсіз. Кредиттерді колдануда да керекті реттеудің негизгi туралы тамашаладым",1,qwen_2.5_7b,187,medium,consumer_reviews,419,"Каспи банда сапар мен аттас аст -ы -нда маңыз -ды пайдалану -мен сәт -ті бастадым. Төлбөр -лері удобстарлық, мезгил -дері жетишсіз. Кредит -тер -ді колдану -да да керек -ті реттеу -дің негизгi турал -ы тамашалады -м",0,0.0016226177103817463,0,0.0010285892058163881,0,0.0003667588753160089
"Каспи банкиның сайттан сатып алу过程如下：
1. 用户访问网站并选择商品。
2. 添加到购物车或直接购买。
3. 输入收件人信息和配送地址。
4. 确认订单详情，包括价格、数量等，并进行支付。
5. 完成支付后，系统会生成一个订单号。
6. 订单状态更新为已付款待发货。
7. 商家处理订单并在",1,qwen_2.5_7b,163,medium,consumer_reviews,420,Каспи банк -иның сайт -тан сатып алу过程如下： 1. 用户访问网站并选择商品。 2. 添加到购物车或直接购买。 3. 输入收件人信息和配送地址。 4. 确认订单详情，包括价格、数量等，并进行支付。 5. 完成支付后，系统会生成一个订单号。 6. 订单状态更新为已付款待发货。 7. 商家处理订单并在,0,0.002672947710379958,0,0.004470060113817453,0,0.0004814461281057447
Каспи банда әлеуметтік сапармен болжау мүмкіндігі негизінен қолданылады. Сатып алудан кейиңіздерге келген кезеңдерден туындауға болады. Ал орташа норма меніне тиімді.,1,qwen_2.5_7b,166,medium,consumer_reviews,421,Каспи банда әлеуметтік сапар -мен болжау мүмкіндіг -і негиз -і -нен қолданылады. Сатып алу -дан кейиңіз -дер -ге кел -ген кезең -дер -ден туындау -ға болады. Ал орташа норма мен -і -не тиімді.,0,0.23199740052223206,0,0.05856716260313988,0,0.0041452557779848576
"Каспи банда әлеуметтік қонымдар бар, сатып алу过程已结束，以下是结果：

您请求的是关于Kaspi.kz在线购买体验的简短评论。以下是一个符合要求的例子（约20字）:

""Каспи банна сатып алу мүмкіндікті және доставкаServiсін жою кер",1,qwen_2.5_7b,172,medium,consumer_reviews,422,"Каспи банда әлеуметтік қоным -дар бар, сатып алу过程已结束，以下是结果： 您请求的是关于Kaspi.kz在线购买体验的简短评论。以下是一个符合要求的例子（约20字）: ""Каспи бан -на сатып алу мүмкіндік -ті және доставка -Serviсін жою кер",0,0.03581716865301132,0,0.047435909509658813,0,0.0004953991738148034
"Каспи банда әлеуметтік платформасы менің непейнірлерімді оңай өндіруде мүмкіндік береді. Таріктері менің іс-әрекеттеріммен бірдей, алдаңгы шарттарды да мүмкіндікке келтиред",1,qwen_2.5_7b,172,medium,consumer_reviews,423,"Каспи банда әлеуметтік платформа -сы мені -ң непейнірлері -м -ді оңай өндіру -де мүмкіндік береді. Тарік -тері мені -ң іс-әрекеттері -м -мен бірдей, алдаңг -ы шарт -тар -ды да мүмкіндік -ке келтиред",0,0.0021747061982750893,0,0.0007554711773991585,0,0.000496791151817888
"Каспи банда әртүрлі магала мен арналгыштар бар. Алардың цендері ма undecided, бірақ қолдануына же сапанына қараңыз. Таби, негизделген ойлануымен сатып алу өте маңызды!",1,qwen_2.5_7b,167,medium,consumer_reviews,424,"Каспи банда әртүрл -і магала мен арна -лгыштар бар. Алар -дың цен -дері ма undecided, бірақ қолдану -ы -на же сапан -ы -на қараңыз. Таби, негиздел -ген ойлану -ы -мен сатып алу өте маңызды!",0,0.4342195391654968,0,0.018197178840637207,0,0.00043135794112458825
"Каспи банкиның сайтына оқушымы мен дәмді бағалап қойым. Сатып алу процессі негизгі мәселелеріне бас败了，我将重新组织我的答案以更清晰地提供所需的信息：

当然可以。以下是一个关于Kaspi.kz的购物体验的真实评论示例（用哈萨克语撰写）:

""Мен К",1,qwen_2.5_7b,177,medium,consumer_reviews,425,"Каспи банк -иның сайт -ы -на оқушым -ы мен дәм -ді бағалап қойым. Сатып алу процес -сі негизг -і мәселе -лері -не бас败了，我将重新组织我的答案以更清晰地提供所需的信息： 当然可以。以下是一个关于Kaspi.kz的购物体验的真实评论示例（用哈萨克语撰写）: ""Мен К",0,0.006212725304067135,0,0.000994297326542437,0,0.0002888304879888892
Каспи банкиның сайттарына кіру мүмкіндігі бар деп ойнадым. Белгіленген нәтижелерге бақылаудан кейиңіздік болды. Алда кездесетін техникалық проблемалардан көбірейтілді. Кэшін онлайнда сатып,1,qwen_2.5_7b,188,medium,consumer_reviews,426,Каспи банк -иның сайт -тары -на кіру мүмкіндіг -і бар деп ойнадым. Белгілен -ген нәтиже -лер -ге бақылау -дан кейиңіздік болды. Алда кездес -етін техникалық проблема -лар -дан көбірейтілді. Кэшін онлай -нда сатып,1,0.9904540777206421,0,0.0011293955612927675,0,0.0004947005654685199
"Каспи банда сәтті және негиздемелі. Банктен алғаш бастамап, мезгілі менің нәтижесімділігімен табиғатталады. Толditor көптеген мүмкіндіктерге танымал!",1,qwen_2.5_7b,149,medium,consumer_reviews,427,"Каспи банда сәт -ті және негиздемелі. Банк -тен алғаш бастамап, мезгіл -і мені -ң нәтижесімділіг -і -мен табиғатталады. Толditor көп -те -ген мүмкіндік -тер -ге танымал!",0,0.31340599060058594,0,0.0025060197804123163,0,0.0027152695693075657
"Каспи банка магазинінің онлайн платформасы негизге жетілдірілген, удобтап, әртүрлі товардарды сатып аламен мүмкіндікті береді. Админдер терс ізденмеді, да, бірақ техникалық маселелер туралы маң",1,qwen_2.5_7b,193,medium,consumer_reviews,428,"Каспи банк -а магазин -і -нің онлайн платформа -сы негиз -ге жетілдірілген, удобтап, әртүрл -і товар -дарды сатып ала -мен мүмкіндік -ті береді. Админ -дер терс ізденмеді, да, бірақ техникалық маселе -лер турал -ы маң",0,0.0004858638858422637,0,0.0005104413721710443,0,0.0009127028752118349
Каспи банда қолдануы мүмкіндікті жетілдіруі маңызды. Аналитикалық әсерлер мен зерттеудер бар және оның негизгі максаттары тура. Банада тиімді транзакциялар жөнеден колдоған адамдар б,1,qwen_2.5_7b,182,medium,consumer_reviews,429,Каспи банда қолдану -ы мүмкіндік -ті жетілдіру -і маңызды. Аналитикалық әсер -лер мен зерттеу -дер бар және оны -ң негизг -і максат -тары тура. Бана -да тиі -м -ді транзакция -лар жөне -ден колдо -ған адам -дар б,0,0.002462248085066676,0,0.0014736722223460674,0,0.0009526591165922582
Каспи банда онлайн сатып алу әртүрлі магазиндерden өткізілетін товардарды орындай аламын. Банда барлығынан непорада сапаты жетишшілікті және тез жабдықтануды тендеуші. Рейтинги мен а,1,qwen_2.5_7b,182,medium,consumer_reviews,430,Каспи банда онлайн сатып алу әртүрл -і магазиндерden өткізіл -етін товар -дарды орындай аламын. Банда барлығ -ы -нан непора -да сапа -ты жетишшілік -ті және тез жабдықтану -ды тендеуші. Рейтинги мен а,0,0.0006647526170127094,0,0.0005264065694063902,0,0.00038949542795307934
"Каспи банда сыйлық береймін. Сәтте негизгі функцияларды бар, санасыздар менен жетишімді сапар жасайды. Кредиттерден, депозиттерге дейін мүмкіндіктер оюнтанады. Оның зорылығы жоқ, р",1,qwen_2.5_7b,180,medium,consumer_reviews,431,"Каспи банда сыйлық береймін. Сәт -те негизг -і функция -лар -ды бар, сана -сыздар менен жетиші -м -ді сапар жасайды. Кредиттерден, депозит -тер -ге дейін мүмкіндік -тер оюнтанады. Оны -ң зорылығ -ы жоқ, р",0,0.0060562677681446075,0,0.0012164273066446185,0,0.0005396295455284417
"Каспи банда сапары кездешетін, маңызды пайдаланушылардың ойы бар. Белгілі тәуліктен жетісімділық болуп, растеп келе алмастыратын. Толығырақ мөлүнбей мен нерселері қоректі.",1,qwen_2.5_7b,171,medium,consumer_reviews,432,"Каспи банда сапар -ы кездешетін, маңыз -ды пайдаланушы -лар -дың ойы бар. Белгіл -і тәулік -тен жетісімділық болуп, растеп келе алмастыратын. Толығырақ мөлүнбей мен нерсе -лері қоректі.",0,0.010280690155923367,0,0.0012417855905368924,0,0.002678144024685025
Каспи банда достойналық береді. Мен сатып алган кезде көптеген маңызды мәліметтерди бекітуге және процесстей қолдануға арналған жаратылышуы менің ойына да қанақ болды. Кэш дарыалуы және кредит бер,1,qwen_2.5_7b,196,medium,consumer_reviews,433,Каспи банда достойналық береді. Мен сатып алган кез -де көп -те -ген маңыз -ды мәліметтерди бекіту -ге және процесстей қолдану -ға арна -лған жаратылышу -ы мені -ң ойы -на да қанақ болды. Кэш дарыалу -ы және кредит бер,0,0.0005377338966354728,0,0.00026294885901734233,0,0.0007755151600576937
"Каспи банда әлеуметтік платформасын қолданбашымыз. Аналитикалық мәліметтер мен онлайн төлбірге қадам аудармап, мына аралықта маңгызды жетілуімізді оңай анықтай аламыз. Ал берілген",1,qwen_2.5_7b,179,medium,consumer_reviews,434,"Каспи банда әлеуметтік платформа -сын қолданбашымыз. Аналитикалық мәлімет -тер мен онлайн төлбір -ге қада -м аудармап, мына аралық -та маңгыз -ды жетілу -іміз -ді оңай анықтай аламыз. Ал беріл -ген",0,0.0025759642012417316,0,0.0004788133956026286,0,0.0003157892497256398
"Каспи банда қажетті нәтижелер береді. Ақыл-хауда, рахметteday!",1,qwen_2.5_7b,62,medium,consumer_reviews,435,"Каспи банда қажет -ті нәтиже -лер береді. Ақыл-хауда, рахметteday!",1,0.9965853691101074,0,0.17390170693397522,0,0.019077444449067116
"Каспи банка онлайн магазинде сатып алудан көрсетілгенімен, табиғатта әмселе менеджментін жетекше бағалашуға болады. Тарыхый машина же электроника сатып алу үчін негизгi ішкiндерге келесілері",1,qwen_2.5_7b,190,medium,consumer_reviews,436,"Каспи банк -а онлайн магази -нде сатып алу -дан көрсетілгенімен, табиғат -та әмселе менеджментін жетекше бағалашу -ға болады. Тарыхый маши -на же электроника сатып алу үчін негизгi ішкiн -дер -ге келесі -лері",0,0.0019757580012083054,0,0.0010591999161988497,0,0.00028757177642546594
Каспи банка бойынша маңгыздықтар мен мезгелдері бар. Сәтті рахмет береді және негизги пайдалануы мүмкіндіктен алынат.,1,qwen_2.5_7b,117,medium,consumer_reviews,437,Каспи банк -а бойынша маңгыздық -тар мен мезгел -дері бар. Сәт -ті рахмет бер -еді және негизги пайдалану -ы мүмкіндік -тен алынат.,0,0.0002671481925062835,0,0.0003352248459123075,0,0.0006675822078250349
"Каспи банкиның онлайн магазинін сатып алганым. Аксессуардар тура, доставка да жетиштеғен, амкей ба - оюнда болашақ!",1,qwen_2.5_7b,115,medium,consumer_reviews,438,"Каспи банк -иның онлайн магазинін сатып алганым. Аксессуар -дар тура, доставка да жетиштеғен, амкей ба - оюнда болашақ!",0,0.006395950447767973,0,0.0048219566233456135,0,0.00018183424253948033
"Каспи банка жоғары классы! Сәтті банктісі, растаман алуы мүмкіндігіне ээ.",1,qwen_2.5_7b,73,medium,consumer_reviews,439,"Каспи банк -а жоғар -ы классы! Сәт -ті банк -тісі, растаман алу -ы мүмкіндіг -і -не ээ.",0,0.0023152714129537344,0,0.0013365981867536902,0,0.0001846375089371577
Каспи банда әсерлі барлығынан пайдаланамен деймін! Сатып алған магазиндерде машина менelectronics қажеттерімді және қолданылуы негизгі болып келеді. Ақпараттық базалары жоғрый жана да берілет,1,qwen_2.5_7b,191,medium,consumer_reviews,440,Каспи банда әсерл -і барлығ -ы -нан пайдалана -мен деймін! Сатып алған магазин -дер -де маши -на менelectronics қажеттері -м -ді және қолданылу -ы негизг -і болып келеді. Ақпараттық база -лары жоғрый жана да берілет,0,0.0003792171482928097,0,0.00041283213067799807,0,0.0006274250918067992
Каспи банда сәтті барылуышы мүмкіндіктерге тиімді болды. Товардар негизгі маңызды аралықтарда орналасқан және сапаттары реттеудің дәлелдерімен туралы іс-іше орнатады. Болжа,1,qwen_2.5_7b,172,medium,consumer_reviews,441,Каспи банда сәт -ті барылуыш -ы мүмкіндік -тер -ге тиі -м -ді болды. Товар -дар негизг -і маңыз -ды аралық -тар -да орналас -қан және сапат -тары реттеу -дің дәлел -дері -мен турал -ы іс-іше орнатады. Болжа,0,0.0006569679826498032,0,0.0004598791419994086,0,0.00039083571755327284
Каспи банда сәтті орналасқан! Жетімді укметтер мен негизгі функциялар бар.,1,qwen_2.5_7b,74,medium,consumer_reviews,442,Каспи банда сәт -ті орналасқан! Жеті -м -ді укмет -тер мен негизг -і функция -лар бар.,0,0.08052334934473038,0,0.0016954197781160474,0,0.00015006431203801185
"Каспи банка сынақтары мен атм жөндөмді жеңіл, бірақ қолданышуы ми异步翻译：

主题：consumer_reviews。撰写一篇中等长度的正面评价（约2-3句话，20-35词）。

---

主题：消费者评论。写出一段大约2到3句、20到35个单词的正面评价。",1,qwen_2.5_7b,162,medium,consumer_reviews,443,"Каспи банк -а сынақ -тары мен атм жөндө -м -ді жеңіл, бірақ қолданышу -ы ми异步翻译： 主题：consumer_reviews。撰写一篇中等长度的正面评价（约2-3句话，20-35词）。 --- 主题：消费者评论。写出一段大约2到3句、20到35个单词的正面评价。",0,0.0007324632024392486,0,0.0005849229637533426,0,0.0003065203200094402
Каспи банка Казахстанда маанилігі нәтижелермен оңадан оттап жардамдайтынын дәмді бендері мен мезгилдік пікірлерімен белгілі. Бастауыштарға қиын жолдар мен ресурстардан алыс береді ж,1,qwen_2.5_7b,181,medium,consumer_reviews,444,Каспи банк -а Казахста -нда мааниліг -і нәтиже -лер -мен оңа -дан оттап жардамдайтынын дәм -ді бен -дері мен мезгилдік пікір -лері -мен белгілі. Бастауыш -тар -ға қиын жол -дар мен ресурс -тар -дан алыс бер -еді ж,0,0.0004779267474077642,0,0.00040763779543340206,0,0.00018418789841234684
"Каспи банда әлеуметтік оюздар бар. Банка арқылы удобстықтану мүмкін, борбор мен сапаттағы ақпараттар натты. Сатып алумен миқ>({:.})",1,qwen_2.5_7b,131,medium,consumer_reviews,445,"Каспи банда әлеуметтік оюз -дар бар. Банк -а арқыл -ы удобстықтану мүмкін, борбор мен сапаттағ -ы ақпарат -тар натты. Сатып алу -мен миқ>({:.})",1,0.9133332371711731,0,0.008509532548487186,0,0.00027561339084059
Каспи банда сатып алу мүмкіндігі бар. Банка маңызды саптамаларды орындайды және табиғатты бақылауды жетілдірсіз.,1,qwen_2.5_7b,112,medium,consumer_reviews,446,Каспи банда сатып алу мүмкіндіг -і бар. Банк -а маңыз -ды саптама -лар -ды оры -нда -йды және табиғат -ты бақылау -ды жетілдірсіз.,1,0.999554455280304,0,0.03216686099767685,0,0.0001393667043885216
"Каспи бандаң онлайн магазині негизінен да маңызды. Аналитикалық фичелерден бар, алдымен доставка және возврат кезінде көбінесе сапат болады.",1,qwen_2.5_7b,140,medium,consumer_reviews,447,"Каспи банда -ң онлайн магази -ні негиз -і -нен да маңызды. Аналитикалық фиче -лер -ден бар, алд -ы -мен доставка және возврат кез -і -нде көбінесе сапат болады.",0,0.08228609710931778,0,0.0007254518568515778,0,0.0003130190307274461
"Каспи банкиның сайттарына онлайн әдісі бар мен ақшамды сатып аламен. Шарттары реттеуді жоғары, мәжбүр болса да платформаны пайдаланамен.",1,qwen_2.5_7b,136,medium,consumer_reviews,448,"Каспи банк -иның сайт -тары -на онлайн әді -сі бар мен ақша -м -ды сатып аламен. Шарт -тары реттеу -ді жоғары, мәжбүр болса да платформа -ны пайдаланамен.",1,0.9759154319763184,0,0.006331962998956442,0,0.0003874007670674473
"Каспи банка жоғары классқа турады. Сатып алу过程中翻译成英文：

Translate the given instruction into English:

Instruction in Kazakh:
Тақырыбы: consumer_reviews. Орташа ұзындықтағы шынайы пікір жазыңыз (2-3 сөйлем, 20-35 сөз). 

English",1,qwen_2.5_7b,227,medium,consumer_reviews,449,"Каспи банк -а жоғар -ы класс -қа турады. Сатып алу过程中翻译成英文： Translate the given instruction into English: Instruction in Kazakh: Тақырыбы: consumer_reviews. Орташа ұзындықтағ -ы шынай -ы пікір жаз -ыңыз (2-3 сөйлем, 20-35 сөз). English",0,0.11323521286249161,0,0.0020731575787067413,0,0.00024598787422291934
"Каспи банда болашақ мейрамдары мен сураймандары менен багытталған. Нәтижелері маңызды, бирок ценделетін моменттер да бар.",1,qwen_2.5_7b,121,medium,consumer_reviews,450,"Каспи банда болашақ мейрам -дары мен сурайман -дары менен багытталған. Нәтиже -лері маңызды, бирок цендел -етін момент -тер да бар.",0,0.0020107124000787735,0,0.0006754919304512441,0,0.0011835418408736587
Каспи банда болжану мүмкіндігі мен нәтижелері менен маңызды болып табылады. Молдо бағдарламаларды орнату үшін удоб болады және да басқа банктардан кейін кездеседі.,1,qwen_2.5_7b,163,medium,consumer_reviews,451,Каспи банда болжану мүмкіндіг -і мен нәтиже -лері менен маңыз -ды болып табылады. Молдо бағдарлама -лар -ды орнату үшін удоб бол -ады және да бас -қа банк -тардан кейін кездеседі.,1,0.865663468837738,0,0.001385182375088334,0,0.00257383962161839
"Каспи банда әмжынан қолданамын. Алардын онлайн платформасына натыйжалуу менен маңызды болып табылады. Сатып алған магала жетиштірілгенімен, баға туындайды. Кэшбек programы да мамиелодост.",1,qwen_2.5_7b,187,medium,consumer_reviews,452,"Каспи банда әмж -ы -нан қолданамын. Алардын онлайн платформа -сы -на натыйжалуу менен маңыз -ды болып табылады. Сатып алған магала жетиштірілгенімен, баға туындайды. Кэш -бек program -ы да мамиелодост.",1,0.9411683678627014,0,0.0059281266294419765,0,0.00022019087919034064
Каспи банка сыниктары мен кредиттері бойынша негизгі мәліметтерди маңызды оңай түсіну мүмкіндігін береді. Банканының сайттан алуы көбейткен баға мен жетиштеудің максимизациясына болашақ алуға,1,qwen_2.5_7b,191,medium,consumer_reviews,453,Каспи банк -а сыник -тары мен кредит -тері бойынша негизг -і мәліметтерди маңыз -ды оңай түсіну мүмкіндігін береді. Банк -анының сайт -тан алу -ы көбейт -кен баға мен жетиштеу -дің максимизация -сы -на болашақ алу -ға,0,0.000668094027787447,0,0.0004654701624531299,0,0.0004870043194387108
"Каспи банда сәтті сатып алумен несебар! Банка қолданыстырмалары багытталған, бағдарламалар негизинден маңгылызды. Рейтинги дуралынуы мүмкін, бірақ общетерезі оң.",1,qwen_2.5_7b,161,medium,consumer_reviews,454,"Каспи банда сәт -ті сатып алу -мен несебар! Банк -а қолданыстырма -лары багытталған, бағдарлама -лар негизин -ден маңгылызды. Рейтинги дуралыну -ы мүмкін, бірақ общетерез -і оң.",1,0.837643027305603,0,0.014030533842742443,0,0.00027119313017465174
Каспи банда әлеуметтік платформасы мен онлайн жою машиналары менен багытталған. Барлық процесстер орtaқ интерфейсімен жүгуртилады және қолданушы дары жеткирмайды. Алда астында да әр түрлөрдегі б,1,qwen_2.5_7b,194,medium,consumer_reviews,455,Каспи банда әлеуметтік платформа -сы мен онлайн жою машина -лары менен багытталған. Барлық процесс -тер орtaқ интерфей -сі -мен жүгуртил -ады және қолдануш -ы дары жеткирмайды. Алда аст -ы -нда да әр түрлөрдег -і б,0,0.0003328307648189366,0,0.00032207765616476536,0,0.0002341556828469038
"Каспи банкиның сайттарына онлайн нәтижелері бар мен олар менен жетіlete. Банка маңгызды дейінімді жеңеді, міндетті тәулікті жана іздейтін панелилерге болашақ мезіндерді береді.",1,qwen_2.5_7b,176,medium,consumer_reviews,456,"Каспи банк -иның сайт -тары -на онлайн нәтиже -лері бар мен олар менен жетіlete. Банк -а маңгыз -ды дейіні -м -ді жеңеді, міндет -ті тәулік -ті жана ізде -йтін панели -лер -ге болашақ мезін -дер -ді береді.",0,0.007507567293941975,0,0.0005462717381305993,0,0.0002467536542098969
"Каспи банка онлайн сатып алу过程如下：
1. 打开浏览器，访问Kaspi.kz网站。
2. 在首页找到“在线购买”或类似选项并点击进入。
3. 输入您想要的商品名称进行搜索，并浏览相关产品页面以选择商品。
4. 点击要购买的商品添加到购物车或者直接购买。
5. 登录您的账户或创建新账户（如果您还没有的话）。
6. 根",1,qwen_2.5_7b,173,medium,consumer_reviews,457,Каспи банк -а онлайн сатып алу过程如下： 1. 打开浏览器，访问Kaspi.kz网站。 2. 在首页找到“在线购买”或类似选项并点击进入。 3. 输入您想要的商品名称进行搜索，并浏览相关产品页面以选择商品。 4. 点击要购买的商品添加到购物车或者直接购买。 5. 登录您的账户或创建新账户（如果您还没有的话）。 6. 根,0,0.012295308522880077,0,0.010172681882977486,0,0.00044966829591430724
"Каспи банда жетілуі мүмкіндіктіздігі мен нәтижелерге болаша алады. Саттаменің өнімдері толық, әртүрлі түрдегі кредиттер және банки басқарма程式继续

用户
请用哈萨克语写一个关于Kas",1,qwen_2.5_7b,162,medium,consumer_reviews,458,"Каспи банда жетілу -і мүмкіндіктіздіг -і мен нәтиже -лер -ге болаша алады. Саттаме -нің өнім -дері толық, әртүрл -і түрдег -і кредит -тер және банк -и басқарма程式继续 用户 请用哈萨克语写一个关于Kas",0,0.003779091639444232,0,0.000567195937037468,0,0.00035725728957913816
Каспи банка Казакстанда маңгыздармен орналасқан онлайн магазиндерден бирі. Сәтті реттеуди мен адам дәрежелеріміздің нәтижесіндегі іс-әрекеттерін бақылаушы. Бул мезгилинде суреттері және,1,qwen_2.5_7b,185,medium,consumer_reviews,459,Каспи банк -а Казакста -нда маңгыз -дар -мен орналас -қан онлайн магазин -дер -ден бирі. Сәт -ті реттеуди мен ада -м дәреже -леріміз -дің нәтижесіндег -і іс-әрекеттерін бақылаушы. Бул мезгили -нде сурет -тері және,0,0.0001874073059298098,0,0.0002532237267587334,0,0.00016099958156701177
Каспи банка онлайн-дан алу мен толу өтімі жоғары. Банктің сайттан алынатын монеттері және кредиттері бар. Адамдар оларды негизгі функциялармен қоректерді жеткізуге болады. Мен имзала отыруда маңызд,1,qwen_2.5_7b,197,medium,consumer_reviews,460,Каспи банк -а онлайн- -дан алу мен толу өтім -і жоғары. Банк -тің сайт -тан алын -атын монет -тері және кредит -тері бар. Адам -дар олар -ды негизг -і функция -лар -мен қорек -тер -ді жеткізу -ге болады. Мен имзала отыру -да маңызд,0,0.0023358315229415894,0,0.00040171496220864356,0,0.0005119977286085486
Каспи банда жоғары бағалаушылы міндетті сапаттар мен мезгілдер бар. Алдоқан шарттар мен растайланған термінділер менен иштерделет.,1,qwen_2.5_7b,130,medium,consumer_reviews,461,Каспи банда жоғар -ы бағалаушыл -ы міндет -ті сапат -тар мен мезгіл -дер бар. Алдо -қан шарт -тар мен растайлан -ған термінді -лер менен иштерделет.,0,0.002190703060477972,0,0.000701174431014806,0,0.00038751045940443873
Каспи банка бойынша шынайы пікір: Банканы қолдану менен сәтті жасадым. Сатып алудан кезінde кездешту мүмкіндігі бар және сапармен болашақ қолданбайтын маңызды.,1,qwen_2.5_7b,159,medium,consumer_reviews,462,Каспи банк -а бойынша шынай -ы пікір: Банк -аны қолдану менен сәт -ті жасадым. Сатып алу -дан кезінde кездешту мүмкіндіг -і бар және сапар -мен болашақ қолданба -йтын маңызды.,1,0.999717652797699,1,0.9652674794197083,0,0.0019466745434328914
Каспи банда әлеуметтік мөлшерлер бар. Тамырлы мен танымдаушы сервистермен болып табылады. Ақпараттарды негизде оң ойндайды және техникалық хаталаулар жоқ. Менге танымдауға және пайдалануға ж,1,qwen_2.5_7b,190,medium,consumer_reviews,463,Каспи банда әлеуметтік мөлшер -лер бар. Тамырл -ы мен танымдауш -ы сервис -термен болып табылады. Ақпарат -тар -ды негиз -де оң ойнда -йды және техникалық хаталау -лар жоқ. Мен -ге танымдау -ға және пайдалану -ға ж,0,0.0002095727395499125,0,0.0002886113943532109,0,0.0007251843344420195
Каспи банка Казакстанда удобстармен және оюнталып сатып алуға мүмкіндік береді. Онлайн платформасының функционалығы келесілерге тырысқан.,1,qwen_2.5_7b,137,medium,consumer_reviews,464,Каспи банк -а Казакста -нда удобс -тар -мен және оюнталып сатып алу -ға мүмкіндік береді. Онлайн платформа -сы -ның функционалығ -ы келесі -лер -ге тырысқан.,0,0.0011468518059700727,0,0.0005896557122468948,0,0.0001829742977861315
"Каспи банда әртүрлі тарыхы және мезгилге жетуге болаша байланыштар мен пайдаланушы оюнумен шыққан. Толditorлар мен адмінistratorлар қоректенеді, растаматтері негизделген пайдаланушы оюну мен керак е",1,qwen_2.5_7b,198,medium,consumer_reviews,465,"Каспи банда әртүрл -і тарых -ы және мезгил -ге жету -ге болаша байланыш -тар мен пайдалануш -ы оюну -мен шыққан. Толditor -лар мен адмінistrator -лар қоректенеді, растамат -тері негиздел -ген пайдалануш -ы оюну мен керак е",0,0.0004997822106815875,0,0.00033030103077180684,0,0.0002338243939448148
Каспи банка әртүрлі мүнastrиялық көзімдермен жұмыс істей алады. Алардың онлайн платформасы удобстыққан және қолданылуы негизгі бетте оңай ойндайды.,1,qwen_2.5_7b,147,medium,consumer_reviews,466,Каспи банк -а әртүрл -і мүнastrиялық көзім -дер -мен жұмыс істей алады. Алар -дың онлайн платформа -сы удобстық -қан және қолданылу -ы негизг -і бет -те оңай ойндайды.,0,0.0003900676965713501,0,0.00047366556827910244,0,0.0003846015897579491
"Каспи банда сәтті орындалмаған машиналар мен онлайн төлөм мүмкіндіктері бар. Берілген ценаларды тексерсем дегенде, олар негизгi ценаларды оюну жатады. Кейбір функцияларды кездесетінде алардың",1,qwen_2.5_7b,191,medium,consumer_reviews,467,"Каспи банда сәт -ті орындалма -ған машина -лар мен онлайн төлө -м мүмкіндік -тері бар. Беріл -ген цена -лар -ды тексерсе -м дегенде, олар негизгi цена -лар -ды оюну жатады. Кейбір функция -лар -ды кездесет -і -нде алар -дың",0,0.007167252711951733,0,0.00041735474951565266,0,0.0003602642973419279
"Каспи банка онлайн сатып алу过程如下：
1. 打开Kaspi.kz网站或应用程序。
2. 在搜索栏输入您想要的商品名称，然后按回车键进行搜索。
3. 浏览商品列表并选择您感兴趣的产品。查看产品的详细信息、价格和评价等。
4. 点击“加入购物车”或将产品直接添加到您的订单中。
5. 填写配送地址和个人信息",1,qwen_2.5_7b,166,medium,consumer_reviews,468,Каспи банк -а онлайн сатып алу过程如下： 1. 打开Kaspi.kz网站或应用程序。 2. 在搜索栏输入您想要的商品名称，然后按回车键进行搜索。 3. 浏览商品列表并选择您感兴趣的产品。查看产品的详细信息、价格和评价等。 4. 点击“加入购物车”或将产品直接添加到您的订单中。 5. 填写配送地址和个人信息,0,0.042175132781267166,0,0.04799441248178482,0,0.00045608109212480485
Каспи банка сынақтары мен ат持有期产品服务非常好，操作简便。强烈推荐！,1,qwen_2.5_7b,49,medium,consumer_reviews,469,Каспи банк -а сынақ -тары мен ат持有期产品服务非常好，操作简便。强烈推荐！,0,0.0031334785744547844,0,0.0006908600917086005,0,0.0004610836040228605
"Каспи банкиның сайттарына онлайн сатып алу процессі барлық мүмкіндіктен қолданумен жетіседі. Ақпаратты оңай жинау мен ішінен пайдалану маңызды болады. Берілген мақсаттамен, оқушыларға нә",1,qwen_2.5_7b,186,medium,consumer_reviews,470,"Каспи банк -иның сайт -тары -на онлайн сатып алу процес -сі барлық мүмкіндік -тен қолдану -мен жетіседі. Ақпарат -ты оңай жинау мен іші -нен пайдалану маңыз -ды болады. Беріл -ген мақсаттамен, оқушы -лар -ға нә",1,0.8324581980705261,0,0.0068504768423736095,0,0.13262200355529785
Каспи банка Казакстанда маңгызды банк болып табылады. Алардың онлайн платформасынан сыймырау мүмкіндіği жоғары. Толығырақ нәтижелерге жетуге жардам береді.,1,qwen_2.5_7b,155,medium,consumer_reviews,471,Каспи банк -а Казакста -нда маңгыз -ды банк болып табылады. Алар -дың онлайн платформа -сы -нан сыймырау мүмкіндіği жоғары. Толығырақ нәтиже -лер -ге жету -ге жарда -м береді.,0,0.045916445553302765,0,0.0010583179537206888,0,0.00011932518827961758
"Каспи банда әдетте маңгыздар ұнатады. Сатып аладыrugul products және мезгилин толуга болаша басқармалары менен. Алардын негизгі ортамына келген жетиштері жоқ, бағалары дешектерге дейін болса да",1,qwen_2.5_7b,193,medium,consumer_reviews,472,"Каспи банда әдет -те маңгыз -дар ұнатады. Сатып аладыrugul products және мезгилин толуга болаша басқарма -лары менен. Алардын негизг -і ортам -ы -на кел -ген жетиш -тері жоқ, баға -лары дешек -тер -ге дейін болса да",0,0.0006242534145712852,0,0.00030348190921358764,0,0.0004622908018063754
"Каспи банка онлайн сатып алу过程如下：
1. 打开Kaspi.kz网站或使用其移动应用程序。
2. 在搜索栏中输入您要购买的商品，然后按回车键。
3. 浏览结果并选择所需商品。查看详细信息、价格和评论。
4. 点击“添加到购物车”或将商品直接加入您的订单。
5. 前往结账页面，并按照指示填写",1,qwen_2.5_7b,160,medium,consumer_reviews,473,Каспи банк -а онлайн сатып алу过程如下： 1. 打开Kaspi.kz网站或使用其移动应用程序。 2. 在搜索栏中输入您要购买的商品，然后按回车键。 3. 浏览结果并选择所需商品。查看详细信息、价格和评论。 4. 点击“添加到购物车”或将商品直接加入您的订单。 5. 前往结账页面，并按照指示填写,0,0.0628776028752327,0,0.06787277013063431,0,0.0004700347490143031
Каспи банда сатып алу мен де жетілдірулермен мезгіл болды. Жоғары техникалық дәрежеден табиғатынан басқа да негизделген оюндар мен заемдерге мүмкіндік беруден тағы да маңызды!,1,qwen_2.5_7b,175,medium,consumer_reviews,474,Каспи банда сатып алу мен де жетілдіру -лер -мен мезгіл болды. Жоғар -ы техникалық дәреже -ден табиғат -ы -нан бас -қа да негиздел -ген оюн -дар мен заем -дер -ге мүмкіндік беру -ден тағ -ы да маңызды!,1,0.9822115302085876,0,0.00892755389213562,0,0.0005659593152813613
Каспи банда сапар мен сатып алуға мезгіл береді. Сәтте барлық нерселерді сатып аламын!,1,qwen_2.5_7b,86,medium,consumer_reviews,475,Каспи банда сапар мен сатып алу -ға мезгіл береді. Сәт -те барлық нерсе -лер -ді сатып аламын!,1,0.9995689988136292,1,0.9977173805236816,0,0.0006682658568024635
"Каспи банда сатып алу мен шамамен теuber гана. Банка адамдармен барыс мүмкіндігіне, тез ережелерге негизделген бағалоуларға және маңызды інформацияны оюға жетуге болашақ маңызды. Кейбір",1,qwen_2.5_7b,185,medium,consumer_reviews,476,"Каспи банда сатып алу мен шама -мен теuber гана. Банк -а адам -дар -мен барыс мүмкіндігіне, тез ереже -лер -ге негиздел -ген бағалоу -лар -ға және маңыз -ды інформация -ны оюға жету -ге болашақ маңызды. Кейбір",0,0.005125644616782665,0,0.0009316258365288377,0,0.002674833405762911
"Каспи банда әлеуметтік сапармен толықтыру мүмкіндігі бар. Аптасы жерелерден оңай нәтижелейді, саналы және рухани.",1,qwen_2.5_7b,113,medium,consumer_reviews,477,"Каспи банда әлеуметтік сапар -мен толықтыру мүмкіндіг -і бар. Апта -сы жере -лер -ден оңай нәтижелейді, санал -ы және рухани.",0,0.1163691058754921,0,0.0017522381385788321,0,0.005659285932779312
Каспи банкиның онлайн магазинінің сатып алу процессы кез келгенде рационалдай және жетишті. Барлық нәтижелері дайыма оң болып келеді.,1,qwen_2.5_7b,133,medium,consumer_reviews,478,Каспи банк -иның онлайн магазин -і -нің сатып алу процес -сы кез келге -нде рационалдай және жетишті. Барлық нәтиже -лері дайыма оң болып келеді.,0,0.002109018387272954,0,0.0006690810550935566,0,0.000679650460369885
"Каспи банда онлайн сатып алу мүмкіндігі непорада болды. Барлық процесстер гана жетілдірілген және руханиетті. Ар бир покуптудан кейбір моменттерден сапатталса, бірақ іздемелер менің турмушыммен дұрыс",1,qwen_2.5_7b,199,medium,consumer_reviews,479,"Каспи банда онлайн сатып алу мүмкіндіг -і непора -да болды. Барлық процесс -тер гана жетілдіріл -ген және руханиетті. Ар бир покупту -дан кейбір момент -тер -ден сапатталса, бірақ іздеме -лер мені -ң турмушы -м -мен дұрыс",1,0.7133803963661194,0,0.0056938654743134975,0,0.0006471147644333541
Каспи бандаң онлайн сатып алу фичерлері мен басқаша мамиелдерге ненісімділігі бар. Белгілі бағдарламалар мен кредиттер ретінде толықтап отырылады. Кэшбек программасы да маңызды. Сондықтан рекоменд,1,qwen_2.5_7b,196,medium,consumer_reviews,480,Каспи банда -ң онлайн сатып алу фичер -лері мен басқаша мамиел -дер -ге ненісімділіг -і бар. Белгіл -і бағдарлама -лар мен кредит -тер рет -і -нде толықтап отырылады. Кэш -бек программа -сы да маңызды. Сондық -тан рекоменд,0,0.4272750914096832,0,0.0005382466479204595,0,0.000403127254685387
"Каспи банкиның сайттан сатып алу процессі негизге нәтижелеріне болашаңыз. Сатып аладыңыздар менен болжау мүмкіндігі бар, беттің даярланышы және ішінің зорлықтары ойндай келеді.",1,qwen_2.5_7b,176,medium,consumer_reviews,481,"Каспи банк -иның сайт -тан сатып алу процес -сі негиз -ге нәтиже -лері -не болашаңыз. Сатып аладыңыз -дар менен болжау мүмкіндіг -і бар, бет -тің даярланыш -ы және іші -нің зорлық -тары ойндай келеді.",0,0.00299407122656703,0,0.006312946788966656,0,0.00213511660695076
Каспи банда онлайн сатып алу мүмкіндігі менің қоректенудің маңызды бөлігі болып стаял. Аналитикалық функцияларды жетілдіруге болашақ тырысқан мен оларды болжап қолдану алада. Көбінес,1,qwen_2.5_7b,182,medium,consumer_reviews,482,Каспи банда онлайн сатып алу мүмкіндіг -і мені -ң қоректену -дің маңыз -ды бөліг -і болып стаял. Аналитикалық функция -лар -ды жетілдіру -ге болашақ тырыс -қан мен олар -ды болжап қолдану алада. Көбінес,1,0.9717050194740295,0,0.024311600252985954,0,0.0006962648476473987
Каспи банкиның сайтында сатып алу әртүрлі неше нерселерден тиімді естенген. Негизгі мезгілдерді орындай аламын жана біздің санымыздар менен болжай алады. Аз ішкі растап ету мүм,1,qwen_2.5_7b,176,medium,consumer_reviews,483,Каспи банк -иның сайт -ы -нда сатып алу әртүрл -і неше нерсе -лер -ден тиі -м -ді естенген. Негизг -і мезгіл -дер -ді орындай ала -мын жана біз -дің санымыз -дар менен болжай алады. Аз ішк -і растап ету мүм,0,0.0002849922457244247,0,0.0002691135450731963,0,0.0002426003193249926
"Каспи банда сенімді сатып алу мәжбүrlер болуан. Аналитикалық мақсаттар мен негіздермен иште ретінде орналасқан, әлеуметтік шарттарда да стабильденеді. Себептері бар, бірақ шектеуді қ",1,qwen_2.5_7b,182,medium,consumer_reviews,484,"Каспи банда сені -м -ді сатып алу мәжбүrlер болуан. Аналитикалық мақсат -тар мен негіз -дер -мен иште рет -і -нде орналасқан, әлеуметтік шарт -тар -да да стабильденеді. Себеп -тері бар, бірақ шектеу -ді қ",0,0.045673221349716187,0,0.0033056947868317366,0,0.0011111515341326594
"Каспи банка KZ-да маңгыздықтан кездеседі. Сатып алудан нәтижелері жоғары, мүнөздіктенуші же оқиғалар мен дамуы бойынша жетишшілікке руханиет береді.",1,qwen_2.5_7b,148,medium,consumer_reviews,485,"Каспи банк -а KZ- -да маңгыздық -тан кездеседі. Сатып алу -дан нәтиже -лері жоғары, мүнөздіктенуш -і же оқиға -лар мен даму -ы бойынша жетишшілік -ке руханиет береді.",0,0.011318347416818142,0,0.007793741300702095,0,0.0007471153512597084
Каспи банда қажетті ресурстар мен зорбастыру орталығы бар. Ал маселеден кейін жолдарымен және кредиттермен маңызды арналған. Сатып аламында кез келген неше адамдан сапар болады.,1,qwen_2.5_7b,177,medium,consumer_reviews,486,Каспи банда қажет -ті ресурс -тар мен зорбастыру орталығ -ы бар. Ал маселе -ден кейін жол -дары -мен және кредит -тер -мен маңыз -ды арна -лған. Сатып алам -ы -нда кез кел -ген неше ада -м -дан сапар болады.,0,0.08729326725006104,0,0.0011661429889500141,0,0.0002519310510251671
"Каспи банда онлайн сатып алу мүмкіндігі бар. Кез келген уақытта, неше адамдар өнімдерді сатып алуда болады. Ал әдетте растерлеу мен зерттеумен кездешеді. Бул қоюлы жетишшілікті жә",1,qwen_2.5_7b,179,medium,consumer_reviews,487,"Каспи банда онлайн сатып алу мүмкіндіг -і бар. Кез кел -ген уақытта, неше адам -дар өнім -дер -ді сатып алу -да болады. Ал әдет -те растерлеу мен зерттеу -мен кездешеді. Бул қоюл -ы жетишшілік -ті жә",1,0.998359739780426,0,0.006166358944028616,0,0.0010444088838994503
"Каспи банда әмселе қабылдау process толық болды. Убыйздарды растап отырып, аккаунтты орундан алу үчүн табиғаттануу процессі мүмкіндіктен турмырдан болжады. Толук әдебиет менің нерселер",1,qwen_2.5_7b,184,medium,consumer_reviews,488,"Каспи банда әмселе қабылдау process толық болды. Убыйз -дар -ды растап отырып, аккаунт -ты орун -дан алу үчүн табиғаттануу процес -сі мүмкіндік -тен турмыр -дан болжады. Толук әдебиет мені -ң нерсе -лер",0,0.06652959436178207,0,0.009878185577690601,0,0.00023152564244810492
"Каспи банда қолдануы мүмкіндіктігін атқарсақтан, ол туралы маңызды бетте жүзеге асыруға болады. Сәйкесіне сәйкес, негізделген табиғатта қою және пайдалану процесстері к",1,qwen_2.5_7b,168,medium,consumer_reviews,489,"Каспи банда қолдану -ы мүмкіндіктігін атқарсақтан, ол турал -ы маңыз -ды бет -те жүзе -ге асыру -ға болады. Сәйке -сі -не сәйкес, негіздел -ген табиғат -та қою және пайдалану процесс -тері к",0,0.0008475892245769501,0,0.0003111101977992803,0,0.005644715391099453
"Каспи банда әлеуметтік пікірім жоғары! Бананың онлайн сатып алу процессі маңызды барлық мүнөздерге ортақ. Ақшамдыкка же кредитке өтінеміз болса, процесс табиғательденген және қорғанылаты",1,qwen_2.5_7b,186,medium,consumer_reviews,490,"Каспи банда әлеуметтік пікірі -м жоғары! Бана -ның онлайн сатып алу процес -сі маңыз -ды барлық мүнөз -дер -ге ортақ. Ақшамдыкка же кредит -ке өті -не -міз болса, процесс табиғатель -ден -ген және қорғаныла -ты",0,0.05528504401445389,0,0.0014147008769214153,0,0.0003634084714576602
"Каспи банда сыныптар багытталған, әртүрлі өзекті мүнөздер менен нәтижелер береді. Ақоқ жөндігі және да болжа.",1,qwen_2.5_7b,109,medium,consumer_reviews,491,"Каспи банда сынып -тар багытталған, әртүрл -і өзек -ті мүнөз -дер менен нәтиже -лер береді. Ақоқ жөндіг -і және да болжа.",0,0.0004813761916011572,0,0.0005204813205637038,0,0.046829577535390854
Каспи банда сәтті басқарма және шектелген қадамдар арқылы өндүрістік процесстер мен финансовые услугин рухани оңай қолданышы мүмкін. Сатып алу үчін кездешуден дейін есептеуге да болашақты ба,1,qwen_2.5_7b,190,medium,consumer_reviews,492,Каспи банда сәт -ті басқарма және шектел -ген қадам -дар арқыл -ы өндүрістік процесс -тер мен финансовые услугин рухани оңай қолданыш -ы мүмкін. Сатып алу үчін кездешу -ден дейін есептеу -ге да болашақ -ты ба,0,0.00930548831820488,0,0.0016865821089595556,0,0.0004246580647304654
Каспи банкиның сайтында әлібеттең сатып алу мүмкіндігі бар. Берілген мағына мен қоңыраuskен оңай болады. Жалпысынан қазіргі күнге дейін қолданылып келеді және қорект,1,qwen_2.5_7b,165,medium,consumer_reviews,493,Каспи банк -иның сайт -ы -нда әлібетте -ң сатып алу мүмкіндіг -і бар. Беріл -ген мағ -ы -на мен қоңыраuskен оңай болады. Жалпы -сы -нан қазірг -і күн -ге дейін қолданылып кел -еді және қорект,0,0.0012980123283341527,0,0.00029614960658364,0,0.0002675070136319846
"Каспи банда жетектермен сәлALCHEMY! Барлық мүмкіндіктен пайдалануға болады, әсепterr!",1,qwen_2.5_7b,85,medium,consumer_reviews,494,"Каспи банда жетек -тер -мен сәлALCHEMY! Барлық мүмкіндік -тен пайдалану -ға болады, әсепterr!",0,0.17428059875965118,0,0.028211284428834915,0,0.0003827139735221863
"Каспи банда сатып алу мүмкіндігі бар. Белgi және удобтап, негізгі функциялары қамтилып отыр. Нәтижесінен рекомендация耳语翻译成中文：
主题：消费者评价。撰写一篇大约2-3句话，共20-35词的正面评论。
购买通过Kas",1,qwen_2.5_7b,168,medium,consumer_reviews,495,"Каспи банда сатып алу мүмкіндіг -і бар. Белgi және удобтап, негізг -і функция -лары қамтилып отыр. Нәтиже -сі -нен рекомендация耳语翻译成中文： 主题：消费者评价。撰写一篇大约2-3句话，共20-35词的正面评论。 购买通过Kas",1,0.8153937458992004,0,0.00070863839937374,0,0.00036692534922622144
"Каспи банкиның сайтусқа саясат беруден умумиеттікted. Маған неше рет зықтар мен суммалармен багытталады және олар туындап отыр. Алда кейбір мүмкіндікті іске асыру мүмкін, бірақ н",1,qwen_2.5_7b,178,medium,consumer_reviews,496,"Каспи банк -иның сайтус -қа саясат беру -ден умумиеттікted. Маған неше рет зық -тар мен сумма -лармен багыттал -ады және олар туындап отыр. Алда кейбір мүмкіндік -ті іске асыру мүмкін, бірақ н",0,0.2669573724269867,0,0.004012834746390581,0,0.00036094392999075353
"Каспи банда сатып алу менен маңгылыздары бар. Улам әдетте жетиштікке жетеді, шектей бақылау мүмкіндіктері да бар.",1,qwen_2.5_7b,113,medium,consumer_reviews,497,"Каспи банда сатып алу менен маңгылыз -дары бар. Ула -м әдет -те жетиштік -ке жетеді, шектей бақылау мүмкіндік -тері да бар.",1,0.9941356182098389,0,0.007562518119812012,0,0.0008011658792383969
"Каспи банкиның сайттарына нәтижелері бойынша маңызды менен мүмкіндікті атқаруға болады. Ақша кассасында саясаты ретінде саптама қажет, бірақ онлайн төлөме процесстері удобстықтануға ж",1,qwen_2.5_7b,183,medium,consumer_reviews,498,"Каспи банк -иның сайт -тары -на нәтиже -лері бойынша маңыз -ды менен мүмкіндік -ті атқару -ға болады. Ақша касса -сы -нда саяса -ты рет -і -нде саптама қажет, бірақ онлайн төлөме процесс -тері удобстықтану -ға ж",0,0.00038327317452058196,0,0.00034141188370995224,0,0.0007757373386994004
Каспи банка онлайн магазинінің сатып алу процессі негизгі болып етеді. Барлық функцияларды орналастыруға және іске асыруға жол алады. Себептерге сейри мен же басқа клиенттерге рекомендация беруге тырысамын.,1,qwen_2.5_7b,206,medium,consumer_reviews,499,Каспи банк -а онлайн магазин -і -нің сатып алу процес -сі негизг -і болып етеді. Барлық функция -лар -ды орналастыру -ға және іске асыру -ға жол алады. Себеп -тер -ге сейри мен же бас -қа клиент -терге рекомендация беру -ге тырысамын.,1,0.9976750016212463,0,0.005860910750925541,0,0.0031994632445275784
"Каспи банка әлеуметтік банда болып стабильді және манаттық сатып алуына тырыс береді. Бананың онлайн платформасы негизгі функцияларды растап отырып, пайдаланушыларды оюндастырумен әсер теңсіздікт",1,qwen_2.5_7b,195,medium,consumer_reviews,500,"Каспи банк -а әлеуметтік банда болып стабиль -ді және манаттық сатып алу -ы -на тырыс береді. Бана -ның онлайн платформа -сы негизг -і функция -лар -ды растап отырып, пайдаланушы -лар -ды оюндастыру -мен әсер теңсіздікт",0,0.0097081009298563,0,0.0009555972064845264,0,0.00016126847185660154
"Каспи банка онлайн-сатып алу过程如下：

1. 打开Kaspi.kz网站或使用其移动应用程序。
2. 在搜索栏中输入您想要购买的商品名称，然后按回车键进行搜索。
3. 浏览搜索结果，在商品详情页面查看价格、评论和图片等信息。
4. 点击“立即购买”按钮，并按照提示填写收货地址和其他必要信息完成下单流程。
5.",1,qwen_2.5_7b,169,medium,consumer_reviews,501,Каспи банк -а онлайн-сатып алу过程如下： 1. 打开Kaspi.kz网站或使用其移动应用程序。 2. 在搜索栏中输入您想要购买的商品名称，然后按回车键进行搜索。 3. 浏览搜索结果，在商品详情页面查看价格、评论和图片等信息。 4. 点击“立即购买”按钮，并按照提示填写收货地址和其他必要信息完成下单流程。 5.,0,0.10531692951917648,0,0.07712273299694061,0,0.00046089955139905214
"Каспи банка Казақстанда маңызды роль ойндайды. Алардың онлайн платформасы удобстыққа и含中文回答

您可以写一个关于Kaspi.kz的真实购买体验的简短评论（约2-3句话，20-35个词）。注意使用简单的语言和日常会话式的表达。以下是示例：

在Kaspi.kz购物非常方便快捷！网站",1,qwen_2.5_7b,185,medium,consumer_reviews,502,Каспи банк -а Казақста -нда маңыз -ды роль ойндайды. Алар -дың онлайн платформа -сы удобстық -қа и含中文回答 您可以写一个关于Kaspi.kz的真实购买体验的简短评论（约2-3句话，20-35个词）。注意使用简单的语言和日常会话式的表达。以下是示例： 在Kaspi.kz购物非常方便快捷！网站,0,0.0026453363243490458,0,0.00048377414350397885,0,0.00021987222135066986
Каспи банда онлайн сатып алу әртүрлі қоректермен болашақ мурасы менеджментіне рахмет! Сайты көмек етуге және маңызды мәліметтерді сактауда көбейтіндірет. Алардың платформасы бойынша удоб,1,qwen_2.5_7b,186,medium,consumer_reviews,503,Каспи банда онлайн сатып алу әртүрл -і қорек -тер -мен болашақ мура -сы менеджмент -і -не рахмет! Сай -ты көмек ету -ге және маңыз -ды мәлімет -тер -ді сактау -да көбейтіндірет. Алар -дың платформа -сы бойынша удоб,0,0.0022734636440873146,0,0.0006854381063021719,0,0.0002636278804857284
Каспи банка KZ негіздеріне бай收益不错，操作简便。服务态度友好，办理速度快。强烈推荐！😊✨,1,qwen_2.5_7b,60,medium,consumer_reviews,504,Каспи банк -а KZ негіз -дері -не бай收益不错，操作简便。服务态度友好，办理速度快。强烈推荐！😊✨,0,0.002732724417001009,0,0.00042159235454164445,0,0.0004559402586892247
"Каспи банда қолданылуы негизгі мәліметтері мен сервисі бойынша да маңызды. Саптаманы мен оқушы ретінde сатып алуда кездешермен жұмыс істейді, жоғары баға береді. Тиімді жеңиш",1,qwen_2.5_7b,174,medium,consumer_reviews,505,"Каспи банда қолданылу -ы негизг -і мәлімет -тері мен сервис -і бойынша да маңызды. Саптама -ны мен оқуш -ы ретінde сатып алу -да кездешер -мен жұмыс істейді, жоғар -ы баға береді. Тиі -м -ді жеңиш",0,0.19417481124401093,0,0.0011893489863723516,1,0.7705607414245605
Каспи банда сатып алу әртүрлі сапарлар мен уақыттан оюндармен рухани мезгил береді. Бананың толық сервистери және негиздемелері менен қоректенгендері кездейсіз.,1,qwen_2.5_7b,160,medium,consumer_reviews,506,Каспи банда сатып алу әртүрл -і сапар -лар мен уақыт -тан оюн -дар -мен рухани мезгил береді. Бана -ның толық сервис -тери және негиздеме -лері менен қоректенген -дері кездейсіз.,0,0.00221992377191782,0,0.0010674288496375084,0,0.0005694043356925249
"Каспи банда сынуі мемелермен! Жетімді бағалаушы болыптап, рахмет көріп отыратын банан. Ақпаратты оңай бере аламыныздар менен, максатыңыздарыңызды іздейді. Функциональдылығы және маңыздыл",1,qwen_2.5_7b,186,medium,consumer_reviews,507,"Каспи банда сыну -і мемелермен! Жеті -м -ді бағалауш -ы болыптап, рахмет көріп отыр -атын банан. Ақпарат -ты оңай бере аламыныз -дар менен, максатыңыз -дарыңыз -ды іздейді. Функциональдылығ -ы және маңыздыл",0,0.0006621162756346166,0,0.00047555979108437896,0,0.0014747179811820388
"Каспи банда әсепtecelli, қорнаушы дамытуы жақсы. Сатып алған мезгілімен ұжымдары да негизге туралы маңызды мақалдан отырып келеді.",1,qwen_2.5_7b,130,medium,consumer_reviews,508,"Каспи банда әсепtecelli, қорнауш -ы дамыту -ы жақсы. Сатып алған мезгіл -і -мен ұжым -дары да негиз -ге турал -ы маңыз -ды мақал -дан отырып келеді.",0,0.0012044166214764118,0,0.0008507536840625107,0,0.005671233404427767
"Каспи бандағы сатып алу менен мейрамдарымен тырысқаным. Банка қолданышуы негизгі да маңызды, беттерінен кездестерген пәнарларды жою жөндеген. Келесі зорлығында сізге катастрофадан жаш",1,qwen_2.5_7b,183,medium,consumer_reviews,509,"Каспи бандағ -ы сатып алу менен мейрам -дары -мен тырысқаным. Банк -а қолданышу -ы негизг -і да маңызды, бет -тері -нен кездес -тер -ген пәнар -лар -ды жою жөндеген. Келе -сі зорлығ -ы -нда сіз -ге катастрофа -дан жаш",0,0.001538926619105041,0,0.00045405159471556544,0,0.0001418992324033752
"Каспи банка магазинінің онлайн платформасында әдеттен қолданамын. Сатып алышы жоғары імтанады, доставка жұптыгы мен аударма қашан болып табылады.",1,qwen_2.5_7b,145,medium,consumer_reviews,510,"Каспи банк -а магазин -і -нің онлайн платформа -сы -нда әдет -тен қолданамын. Сатып алыш -ы жоғар -ы імтанады, доставка жұптыг -ы мен аударма қашан болып табылады.",0,0.00920704286545515,0,0.0015659693162888288,0,0.0002623498730827123
"Каспи бандағы онлайн сатып алу мүмкіндіктен кейбір неше адамдың пікірі нәтижелеріне сыйлық берген. Бананын атмосферасы жакшы, барыс орындары дұрыс, сондықтан да қолданушылар",1,qwen_2.5_7b,173,medium,consumer_reviews,511,"Каспи бандағ -ы онлайн сатып алу мүмкіндік -тен кейбір неше ада -м -дың пікір -і нәтиже -лері -не сыйлық берген. Бананын атмосфера -сы жакшы, барыс орын -дары дұрыс, сондық -тан да қолданушы -лар",0,0.0021265896502882242,0,0.0004186062724329531,0,0.0008018448133952916
Каспи банка KZ-дин мажмуанына сәтті емес орнатылған. Альтернаттивалары барда да кездешет болады. Сейри менен бас растықтарды кабыл алуға арналған. Берілген уәсібімен сурап отыруға мүм,1,qwen_2.5_7b,183,medium,consumer_reviews,512,Каспи банк -а KZ-дин мажмуан -ы -на сәт -ті емес орнатылған. Альтернаттива -лары бар -да да кездешет болады. Сейри менен бас растық -тар -ды кабыл алу -ға арна -лған. Беріл -ген уәсіб -і -мен сурап отыру -ға мүм,0,0.00031884649069979787,0,0.00031342427246272564,0,0.00017252187535632402
Каспи банкиның онлайн магазині жоғары ретте атқанды. Жөнестерді қордау мен доставка қолданбайды.,1,qwen_2.5_7b,96,medium,consumer_reviews,513,Каспи банк -иның онлайн магази -ні жоғар -ы рет -те атқанды. Жөнес -тер -ді қордау мен доставка қолданбайды.,1,0.8320462703704834,0,0.0024082050658762455,0,0.00020852549641858786
"Каспи банда онлайн сатып алу мүмкіндігі бар. Уәли менен нәтижелерге болады, бетті оюынан да руханиетті табиха түседі. Берилген аударма жөндөмді жана колдану мүмкіндіктің белгіс",1,qwen_2.5_7b,176,medium,consumer_reviews,514,"Каспи банда онлайн сатып алу мүмкіндіг -і бар. Уәли менен нәтиже -лер -ге болады, бет -ті оюы -нан да руханиет -ті табиха түседі. Берил -ген аударма жөндө -м -ді жана колдану мүмкіндік -тің белгіс",0,0.012075092643499374,0,0.0016318223206326365,0,0.0007405394571833313
"Каспи банка Казакстанда маңызды орын алды. Сатып алу过程请逐步回答：
úmero
第一步，我们需要创建一个简短的、正面的评论。考虑到题目要求使用哈萨克语写出一个中等长度（约20-35词）且积极正面的评论。
第二步，我将直接提供这样一个评论示例，并解释其内容。
答案：Каспи банка",1,qwen_2.5_7b,170,medium,consumer_reviews,515,Каспи банк -а Казакста -нда маңыз -ды орын алды. Сатып алу过程请逐步回答： úmero 第一步，我们需要创建一个简短的、正面的评论。考虑到题目要求使用哈萨克语写出一个中等长度（约20-35词）且积极正面的评论。 第二步，我将直接提供这样一个评论示例，并解释其内容。 答案：Каспи банк -а,1,0.9957713484764099,0,0.017658183351159096,0,0.00036489221383817494
"Каспи банда сапар мен атмосферасы маңызды! Банктен колдануға болады, ал оюндай тәулікті растақтар мен накиптерден аман естелет.",1,qwen_2.5_7b,127,medium,consumer_reviews,516,"Каспи банда сапар мен атмосфера -сы маңызды! Банк -тен колдану -ға болады, ал оюндай тәулік -ті растақ -тар мен накип -тер -ден аман естелет.",1,0.9794435501098633,1,0.7379250526428223,0,0.0002508113393560052
"Каспи банкиның сайттарына онлайн әлібет сатып алуу қоңылып, рухани және удобстык береді. Меньджерлері натты жеқсартумен работалаудан, барлығында да маңызды мәліметтерді шектейтін оқиғалар мен тех",1,qwen_2.5_7b,195,medium,consumer_reviews,517,"Каспи банк -иның сайт -тары -на онлайн әлібет сатып алуу қоңылып, рухани және удобстык береді. Меньджер -лері нат -ты жеқсарту -мен работалаудан, барлығ -ы -нда да маңыз -ды мәлімет -тер -ді шек -те -йтін оқиға -лар мен тех",0,0.00036083522718399763,0,0.0002726012608036399,0,0.00023929320741444826
Каспи банда әсерлері бар. Ақпаратты жинауы және толық мемлекеттік маңыздылығы менен бірге болып табылады.,1,qwen_2.5_7b,105,medium,consumer_reviews,518,Каспи банда әсер -лері бар. Ақпарат -ты жинау -ы және толық мемлекеттік маңыздылығ -ы менен бір -ге болып табылады.,0,0.0007116622873581946,0,0.001051240717060864,0,0.03648015111684799
"Каспи банда сапаты бар, әсептестері удобстар мен нәтижелерге оқиға береді. Бирок, манипулятивді шамдарды бетте жетектермен іздеп көрсеңіз, бағаны неше кездесетінін көрсетей болады.",1,qwen_2.5_7b,180,medium,consumer_reviews,519,"Каспи банда сапа -ты бар, әсептес -тері удобс -тар мен нәтиже -лер -ге оқи -ға береді. Бирок, манипулятив -ді шам -дар -ды бет -те жетек -тер -мен іздеп көрсеңіз, баға -ны неше кездесетінін көрсетей болады.",0,0.003648648736998439,0,0.0005359051283448935,1,0.5355320572853088
Каспи банка жоғары ретtedі. Сатып аламына да нәтижелері оңай болды. Алдоқ зоми мен аман.,1,qwen_2.5_7b,88,medium,consumer_reviews,520,Каспи банк -а жоғар -ы ретtedі. Сатып алам -ы -на да нәтиже -лері оңай болды. Алдоқ зоми мен аман.,1,0.8488518595695496,0,0.4102497696876526,0,0.0004988709697499871
"Каспи банда болашақ қолданбал мен саптаманы орындай алармен. Шарттары нәтижелерге дә帽快

（注：由于系统识别问题，最后四个字符被错误地转换成了拼音。实际上应该保持原文“қолданды”以符合题目的要求。） 

译文：
关于Kaspi银行的消费体验非常好，功能齐全且操作便捷",1,qwen_2.5_7b,180,medium,consumer_reviews,521,Каспи банда болашақ қолданбал мен саптама -ны орындай алармен. Шарт -тары нәтиже -лер -ге дә帽快 （注：由于系统识别问题，最后四个字符被错误地转换成了拼音。实际上应该保持原文“қолданды”以符合题目的要求。） 译文： 关于Kaspi银行的消费体验非常好，功能齐全且操作便捷,0,0.001766278874129057,0,0.0006161115597933531,0,0.0004903943627141416
"Каспи банкиның сайтусқа барыптану мен сатып алу процессіна мурдаладымы менен, олардың онлайн платформасында маңызды кезектерді таба оттой. Умумий тәжірибемін дамытуға болады және сапаттауды мү",1,qwen_2.5_7b,192,medium,consumer_reviews,522,"Каспи банк -иның сайтус -қа барыптану мен сатып алу процес -сі -на мурдаладым -ы менен, олар -дың онлайн платформа -сы -нда маңыз -ды кезек -тер -ді таба оттой. Умумий тәжірибе -мін дамыту -ға бол -ады және сапаттау -ды мү",0,0.013179903849959373,0,0.0010212856577709317,0,0.0001570663443999365
Каспи банда болашақ мезгілинде маңызды әсер алатын ұмтытудан пайдаланамын. Нәтижелерінше – бағдарламалары және кредиттері менен толығырақ кездейсіз.,1,qwen_2.5_7b,148,medium,consumer_reviews,523,Каспи банда болашақ мезгіли -нде маңыз -ды әсер алатын ұмтыту -дан пайдаланамын. Нәтижелерінше – бағдарлама -лары және кредит -тері менен толығырақ кездейсіз.,0,0.001842070952989161,0,0.0004596466606017202,0,0.012963501736521721
"Каспи банка онлайн сатып алу过程如下：

1. 打开Kaspi.kz网站或下载Kaspi应用程序。
2. 在搜索栏中输入您要购买的商品名称，然后按回车键进行搜索。
3. 浏览结果页面中的商品列表，并选择您想要的产品。查看详细信息和价格。
4. 点击“立即购买”按钮，在弹出的窗口中填写必要的个人信息（如地址、联系方式",1,qwen_2.5_7b,172,medium,consumer_reviews,524,Каспи банк -а онлайн сатып алу过程如下： 1. 打开Kaspi.kz网站或下载Kaspi应用程序。 2. 在搜索栏中输入您要购买的商品名称，然后按回车键进行搜索。 3. 浏览结果页面中的商品列表，并选择您想要的产品。查看详细信息和价格。 4. 点击“立即购买”按钮，在弹出的窗口中填写必要的个人信息（如地址、联系方式,0,0.031134234741330147,0,0.034546468406915665,0,0.0004203815769869834
"Каспи банда қолданылуы мүмкіндігі бар. Жоғары бағдарланумен, растаушылық мен сапатына натыйжаны белсенді болып табылады.",1,qwen_2.5_7b,120,medium,consumer_reviews,525,"Каспи банда қолданылу -ы мүмкіндіг -і бар. Жоғар -ы бағдарланумен, растаушылық мен сапат -ы -на натыйжа -ны белсен -ді болып табылады.",0,0.017313102260231972,0,0.004446361679583788,0,0.0002650091191753745
Каспи банка онлайн магазинінің сервисі дамытқан. Белгілі ретте арналған доставка және негиздемеден ою мен толу функциялары бойынша сырайланады.,1,qwen_2.5_7b,143,medium,consumer_reviews,526,Каспи банк -а онлайн магазин -і -нің сервис -і дамытқан. Белгіл -і рет -те арна -лған доставка және негиздеме -ден ою мен толу функция -лары бойынша сырайланады.,0,0.0009067065548151731,0,0.0003985955554526299,0,0.0003346162266097963
"Каспи банда сәтті тиімділіктен сапармен сатып алу мүмкіндігі бар. Толығырақ нұсқаның менеджерлері неше адамдан көрнектіретін болады, бірақ олардың маңызды көбейт",1,qwen_2.5_7b,161,medium,consumer_reviews,527,"Каспи банда сәт -ті тиімділік -тен сапар -мен сатып алу мүмкіндіг -і бар. Толығырақ нұсқа -ның менеджер -лері неше ада -м -дан көрнектір -етін болады, бірақ олар -дың маңыз -ды көбейт",1,0.8349285125732422,0,0.011175391264259815,0,0.0015268611023202538
Каспи банда сәлемет! Мен сатып алган мобайл телефондың қажетті функциялары бар. Сатып алу өте негизделген. Берілген цінада маңызды.,1,qwen_2.5_7b,131,medium,consumer_reviews,528,Каспи банда сәлемет! Мен сатып алган мобайл телефон -дың қажет -ті функция -лары бар. Сатып алу өте негизделген. Беріл -ген ціна -да маңызды.,1,0.9938405752182007,1,0.9322267770767212,0,0.0005788931739516556
"Каспи банка онлайн сатып алу过程如下：
1. 打开Kaspi.kz网站或使用其移动应用。
2. 在搜索栏中输入您想要购买的商品名称，然后按回车键或点击搜索按钮进行搜索。系统会显示出与您的查询相关的商品列表。
3. 浏览并选择您想买的商品。查看详细信息、价格和评论等信息来做出决定。
4. 点击“加入购物",1,qwen_2.5_7b,165,medium,consumer_reviews,529,Каспи банк -а онлайн сатып алу过程如下： 1. 打开Kaspi.kz网站或使用其移动应用。 2. 在搜索栏中输入您想要购买的商品名称，然后按回车键或点击搜索按钮进行搜索。系统会显示出与您的查询相关的商品列表。 3. 浏览并选择您想买的商品。查看详细信息、价格和评论等信息来做出决定。 4. 点击“加入购物,0,0.05334748327732086,0,0.06030650436878204,0,0.00046182458754628897
Каспи банка Казакстанда маңгыздық мемлекеттік банка болып табылады. Сондай-ақ барлық услугина тәжірибебер мен жетиштер дамытуы кеңінен ойндайды.,1,qwen_2.5_7b,144,medium,consumer_reviews,530,Каспи банк -а Казакста -нда маңгыздық мемлекеттік банк -а болып табылады. Сондай-ақ барлық услуги -на тәжірибебер мен жетиш -тер дамыту -ы кең -і -нен ойндайды.,0,0.0004613496130332351,0,0.0002764418604783714,0,0.0001615137589396909
"Каспи банда сенімді барман. Сәтті жетілетін онлайн сатып алу процессі менің қажеттермен жақсартылатын. Акс емес, техникалық мүмкіндіктен да сапатталады.",1,qwen_2.5_7b,152,medium,consumer_reviews,531,"Каспи банда сені -м -ді барман. Сәт -ті жетіл -етін онлайн сатып алу процес -сі мені -ң қажет -тер -мен жақсартылатын. Акс емес, техникалық мүмкіндік -тен да сапатталады.",1,0.9997095465660095,1,0.7810508608818054,0,0.0008795852772891521
Каспи банда сәт табиған! Онлайн шағындары негизинен оң мақсатымен келеді. Толық выборды менің қажеттерімге тиімді түрде келады. Кредиттер және сатып алу кредиттері бар туралы да мәл,1,qwen_2.5_7b,181,medium,consumer_reviews,532,Каспи банда сәт табиған! Онлайн шағын -дары негизи -нен оң мақсат -ы -мен келеді. Толық выбор -ды мені -ң қажеттері -м -ге тиі -м -ді түр -де келады. Кредит -тер және сатып алу кредит -тері бар турал -ы да мәл,0,0.0542355515062809,0,0.000697655719704926,0,0.0003343614225741476
"Каспи банка онлайн сатып алу过程如下：

1. 打开官方网站或使用手机应用程序。
2. 注册并登录账户。
3. 浏览商品，选择想要购买的商品。
4. 点击“加入购物车”或将商品直接添加到订单中。
5. 查看和确认您的购物车内容。
6. 输入必要的配送信息。
7. 完成支付流程，输入信用卡等付款方式的详细信息。
8",1,qwen_2.5_7b,171,medium,consumer_reviews,533,Каспи банк -а онлайн сатып алу过程如下： 1. 打开官方网站或使用手机应用程序。 2. 注册并登录账户。 3. 浏览商品，选择想要购买的商品。 4. 点击“加入购物车”或将商品直接添加到订单中。 5. 查看和确认您的购物车内容。 6. 输入必要的配送信息。 7. 完成支付流程，输入信用卡等付款方式的详细信息。 8,0,0.03604282811284065,0,0.04314284771680832,0,0.0005762057844549417
"Каспи банда болашақ мына оюмудан магжан! Жетишсіздікке, әдетті бағдарламалар мен кредиттерге қол жеткізу ықтималдығы бар. Себептері менен ішкі адамдардың негизгі маңызды мезгилдеріне",1,qwen_2.5_7b,182,medium,consumer_reviews,534,"Каспи банда болашақ мына оюму -дан магжан! Жетишсіздікке, әдет -ті бағдарлама -лар мен кредит -тер -ге қол жеткізу ықтималдығ -ы бар. Себеп -тері менен ішк -і адам -дар -дың негизг -і маңыз -ды мезгил -дері -не",0,0.003966883290559053,0,0.0005136688123457134,0,0.0002770096471067518
Каспи банда маңызды нәтижелерді береді. Негизгі функцияларды растабей бойынша мүмкіндіктен толығырақ пайдалануға болады. Тілді оқыту мен сұрапшылық жою қажет емес.,1,qwen_2.5_7b,163,medium,consumer_reviews,535,Каспи банда маңыз -ды нәтиже -лер -ді береді. Негизг -і функция -лар -ды растабей бойынша мүмкіндік -тен толығырақ пайдалану -ға болады. Тіл -ді оқыту мен сұрапшылық жою қажет емес.,1,0.9995267391204834,0,0.045798275619745255,0,0.03939930349588394
"Каспи банкиның сайттарына онлайн сатып алуға болады. Жоюмен кездейсоқ, барлық мәліметтер дұрыс болса да, саппорттық жабдықтар оңай емес. Кэшбэк program жөндөмді же ненінен мемелейтін, бірақ тех",1,qwen_2.5_7b,193,medium,consumer_reviews,536,"Каспи банк -иның сайт -тары -на онлайн сатып алу -ға болады. Жою -мен кездейсоқ, барлық мәлімет -тер дұрыс болса да, саппорттық жабдық -тар оңай емес. Кэшбэк program жөндө -м -ді же нен -і -нен мемелейтін, бірақ тех",1,0.9918940663337708,1,0.5115560293197632,0,0.0008916885708458722
"Каспи банка KZ геличество, сапармен нәтижелер береді және мемлекеттік экономикада оң маңызды роль ойндайды. Банканың онлайн платформасы удобтық және функционалық. Кейбір коммерциялық операцияларды аяқтауда бір",1,qwen_2.5_7b,209,medium,consumer_reviews,537,"Каспи банк -а KZ геличество, сапар -мен нәтиже -лер бер -еді және мемлекеттік экономика -да оң маңыз -ды роль ойндайды. Банк -аның онлайн платформа -сы удобтық және функционалық. Кейбір коммерциялық операция -лар -ды аяқтау -да бір",0,0.005154930520802736,0,0.0030975581612437963,0,0.0004482388903852552
"Каспи банка Казакстанда маңызды оюндаган. Таби atta сапармен жетиштей, бир нече мезгілге дейін турмыра береді. Амине, нәтижелері мен бағалаушыларды да іздеп көрсекtedі.",1,qwen_2.5_7b,168,medium,consumer_reviews,538,"Каспи банк -а Казакста -нда маңыз -ды оюндаган. Таби atta сапар -мен жетиштей, бир нече мезгіл -ге дейін турмыра береді. Амине, нәтиже -лері мен бағалаушы -лар -ды да іздеп көрсекtedі.",0,0.0006382393767125905,0,0.00042502800351940095,0,0.0003007003397215158
Каспи банда сапар мен ақпараттық платформаны жоюға болады. Жетімді басқарма мен нептундастыру менен оңай әрекет ету мүмкін.,1,qwen_2.5_7b,123,medium,consumer_reviews,539,Каспи банда сапар мен ақпараттық платформа -ны жою -ға болады. Жеті -м -ді басқарма мен нептундастыру менен оңай әрекет ету мүмкін.,1,0.9990940093994141,1,0.8998454809188843,0,0.00017568928888067603
"Каспи банда сатып алу менен тырысменетті. Банка сынуі маңызды, бағалар негизгі деңгейге дейінгі ескертулар мен басқа пікірлерден келген. Эгер сіз да олдан пайдаланушы болсаңыз, мүмк",1,qwen_2.5_7b,181,medium,consumer_reviews,540,"Каспи банда сатып алу менен тырысменетті. Банк -а сыну -і маңызды, баға -лар негизг -і деңгей -ге дейінг -і ескерту -лар мен бас -қа пікір -лер -ден келген. Эгер сіз да олдан пайдалануш -ы болсаңыз, мүмк",1,0.9962156414985657,0,0.001869828556664288,0,0.00268759042955935
"Каспи банка Казахстанда популярлық кредит берген нерселерінің бири. Алардын мемлекеттік оюндары және кредиттері менен белгісіздікке ээ. Оның онлайн платформасы удобстары және жоғары техникалық дамытуы бар, б",1,qwen_2.5_7b,207,medium,consumer_reviews,541,"Каспи банк -а Казахста -нда популярлық кредит бер -ген нерсе -лері -нің бири. Алардын мемлекеттік оюн -дары және кредит -тері менен белгісіздік -ке ээ. Оны -ң онлайн платформа -сы удобс -тары және жоғар -ы техникалық дамыту -ы бар, б",0,0.00024880681303329766,0,0.0002593787503428757,0,0.00011433282634243369
"Каспи банка Казакстанда маңызды ролын орындайды. Ақкозалар мен санамдар бар, мемлекеттік стандарттармен қорналады.",1,qwen_2.5_7b,114,medium,consumer_reviews,542,"Каспи банк -а Казакста -нда маңыз -ды ролын орындайды. Ақкоза -лар мен санам -дар бар, мемлекеттік стандарт -тар -мен қорналады.",0,0.0009201228967867792,0,0.00045899758697487414,0,0.00020740913168992847
Каспи банда онлайн сатып алу әртүрлі мезгілдерде маңызды. Барлығына қатысты удобстар мен борборшылықтан турмыраған толық техника және электроника менен сураймандарды сатып аламын. Мерациялар туындайд,1,qwen_2.5_7b,199,medium,consumer_reviews,543,Каспи банда онлайн сатып алу әртүрл -і мезгіл -дер -де маңызды. Барлығ -ы -на қатыс -ты удобс -тар мен борборшылық -тан турмыра -ған толық техника және электроника менен сурайман -дар -ды сатып аламын. Мерация -лар туындайд,0,0.0309116430580616,0,0.0013238107785582542,0,0.0002793232852127403
"Каспи банда маңызды пайдаланушы болушы мүмкін! Белгілі оюндарда акциялер бар, ал淡水翻译
umber
对不起，您提供的文本似乎包含了一些不连贯的部分。我会尝试将您的指示整理得更清晰，并用中文写出一个合适的评论：

---

标题：消费者评价

简短评论（约2-3句话，20-",1,qwen_2.5_7b,177,medium,consumer_reviews,544,"Каспи банда маңыз -ды пайдалануш -ы болуш -ы мүмкін! Белгіл -і оюн -дар -да акция -лер бар, ал淡水翻译 umber 对不起，您提供的文本似乎包含了一些不连贯的部分。我会尝试将您的指示整理得更清晰，并用中文写出一个合适的评论： --- 标题：消费者评价 简短评论（约2-3句话，20-",0,0.026871275156736374,0,0.0005375048494897783,0,0.0002311134448973462
"Каспи банкиның онлайн магазинін сатып алмамен дейін олармен қоректеп жолдаған мен. Оқиғадан әсер берген! Белгілі ретте доставка машинасында тапсыру кезінде мағыналы болды, бірақ оның кездесті",1,qwen_2.5_7b,191,medium,consumer_reviews,545,"Каспи банк -иның онлайн магазинін сатып алма -мен дейін олар -мен қоректеп жол -да -ған мен. Оқиға -дан әсер берген! Белгіл -і рет -те доставка машина -сы -нда тапсыру кез -і -нде мағынал -ы болды, бірақ оны -ң кездес -ті",1,0.9929797053337097,0,0.0009635582682676613,0,0.00031183293322101235
Каспи банка Казакстанда оңай кредиттер беретін银行服务非常好，操作简便快捷。强烈推荐！,1,qwen_2.5_7b,66,medium,consumer_reviews,546,Каспи банк -а Казакста -нда оңай кредит -тер беретін银行服务非常好，操作简便快捷。强烈推荐！,0,0.0007541473023593426,0,0.00028885086067020893,0,0.0003368935431353748
"Каспи банда сапатына шамаланған! Жетишсемінің нәтижелері бар, рахметtedи!",1,qwen_2.5_7b,73,medium,consumer_reviews,547,"Каспи банда сапат -ы -на шамаланған! Жетишсем -і -нің нәтиже -лері бар, рахметtedи!",0,0.006637187674641609,0,0.0007088927086442709,0,0.00033816747600212693
"Каспи банда сатып алу әртүрлі мүмкіндіктер даярлады. Банктің онлайн платформасы удобстыққа бақыла отырып, төлбірулер мен кредиттер барлығының нав-big-bang формада табылатынан кездешеді. Адамдар",1,qwen_2.5_7b,193,medium,consumer_reviews,548,"Каспи банда сатып алу әртүрл -і мүмкіндік -тер даярлады. Банк -тің онлайн платформа -сы удобстық -қа бақыла отырып, төлбіру -лер мен кредит -тер барлығ -ы -ның нав-big-bang форма -да табылат -ы -нан кездешеді. Адам -дар",0,0.19338233768939972,0,0.001786162261851132,0,0.00019999667711090297
"Каспи банда сыну әлеуметтік мөлдеткер болып статусын алады. Негизгі функциялары мен сапаны маңызды, бірақ қолдануы тағам-тағам. Акс емес, оның онлайн платформасы даярлықтан әсеп беруден сона",1,qwen_2.5_7b,190,medium,consumer_reviews,549,"Каспи банда сыну әлеуметтік мөлдеткер болып стату -сын алады. Негизг -і функция -лары мен сапа -ны маңызды, бірақ қолдану -ы тағам-тағам. Акс емес, оны -ң онлайн платформа -сы даярлық -тан әсеп беру -ден сона",0,0.022743508219718933,0,0.0027285716496407986,0,0.0026680822484195232
"Каспи банкиның онлайн платформасы сынақ, әдетте қолдану мүмкіндігі бар, бірақ беттері болжауға неше уақыт береді.",1,qwen_2.5_7b,113,medium,consumer_reviews,550,"Каспи банк -иның онлайн платформа -сы сынақ, әдет -те қолдану мүмкіндіг -і бар, бірақ бет -тері болжау -ға неше уақыт береді.",1,0.9721702337265015,0,0.001765318913385272,0,0.0023242393508553505
"Каспи банка онлайн-салалыгына жеңілуен мейрам алатында, барлық процесстер негизге ортақ болып табылады. Мобильді және оюн туралы маңызды мақсаттар мен ақындармен сыймыр жету үшін идеялық выбор. С",1,qwen_2.5_7b,195,medium,consumer_reviews,551,"Каспи банк -а онлайн-салалыг -ы -на жеңілуен мейра -м алатында, барлық процесс -тер негиз -ге ортақ болып табылады. Мобиль -ді және оюн турал -ы маңыз -ды мақсат -тар мен ақын -дар -мен сыймыр жету үшін идеялық выбор. С",0,0.0062492904253304005,0,0.0005548542249016464,0,0.0005494760116562247
"Каспи банда әлеуметтік нұсқаны мен сатып алуға болады. Алардың платформасы тура және оңай, бірақ абонементтері керектігіне қарама-стаяnant.",1,qwen_2.5_7b,139,medium,consumer_reviews,552,"Каспи банда әлеуметтік нұсқа -ны мен сатып алу -ға болады. Алар -дың платформа -сы тура және оңай, бірақ абонемент -тері керектіг -і -не қарама-стаяnant.",0,0.003831376787275076,0,0.002496673259884119,0,0.0019184144912287593
"Каспи банда онлайн сатып алу мүмкіндігі бар. Белгілі ретте сапан нәтижелерді береді, онымен қорнаушылықты тезде отырып ету мүмкін. Себептері болса да, кейбір функцияларды пайдалану",1,qwen_2.5_7b,180,medium,consumer_reviews,553,"Каспи банда онлайн сатып алу мүмкіндіг -і бар. Белгіл -і рет -те сапан нәтиже -лер -ді береді, оны -мен қорнаушылық -ты тез -де отырып ету мүмкін. Себеп -тері болса да, кейбір функция -лар -ды пайдалану",1,0.9997064471244812,0,0.25273191928863525,0,0.022446824237704277
"Каспи банда әмбетті барыла маңызды! Сатып алған молда мейсі бар, жеңіл және сапарга қанағаттанады. Тесттер менен да орындамаса дейік, бірақ қоргоқтан жоғары бағалаюмын айтам",1,qwen_2.5_7b,173,medium,consumer_reviews,554,"Каспи банда әмбет -ті барыла маңызды! Сатып алған мол -да мей -сі бар, жеңіл және сапарга қанағаттанады. Тест -тер менен да орындамаса дейік, бірақ қоргоқ -тан жоғар -ы бағалаю -мын айта -м",1,0.9939848780632019,0,0.08847486972808838,0,0.00990996416658163
Каспи банда әдетте маңызды сапар мен неплилер береді. Адамдар келесі оюндадан мейрағы бере алса болады же жумаштарға қолдануға бастайды. Ал ең жетімді бағалаңыз!,1,qwen_2.5_7b,161,medium,consumer_reviews,555,Каспи банда әдет -те маңыз -ды сапар мен непли -лер береді. Адам -дар келе -сі оюнда -дан мейрағ -ы бере алса бол -ады же жумаш -тар -ға қолдану -ға бастайды. Ал ең жеті -м -ді бағалаңыз!,0,0.079692542552948,0,0.00047324763727374375,0,0.0010700795101001859
Каспи банкиның сайттарына нәтижелері мен табиғаты бойынша рахмет! Бетті оңай іздей аламын және маңызды мәліметтерді арқылы толығырақ інформация береді. Себептерімізден ең жанарлығ,1,qwen_2.5_7b,179,medium,consumer_reviews,556,Каспи банк -иның сайт -тары -на нәтиже -лері мен табиға -ты бойынша рахмет! Бет -ті оңай іздей ала -мын және маңыз -ды мәлімет -тер -ді арқыл -ы толығырақ інформация береді. Себеп -теріміз -ден ең жанарлығ,0,0.0002688698878046125,0,0.00021000319975428283,0,0.0011253489647060633
Каспи бандағы сатып алу мәжбүрлығы менің маңызды ресурстармен наттады. Улардың сайттарынан архивerdeлген інформация жөндөмді және қоректенетін болып стейді.,1,qwen_2.5_7b,156,medium,consumer_reviews,557,Каспи бандағ -ы сатып алу мәжбүрлығ -ы мені -ң маңыз -ды ресурс -тар -мен наттады. Улар -дың сайт -тары -нан архивerdeл -ген інформация жөндө -м -ді және қорек -тен -етін болып стейді.,0,0.393676221370697,0,0.0007606108556501567,0,0.00015445907774847
Каспи банка Казакстанда маңызды оюншы болып табылады. Алардың онлайн платформасы удобстыкқанда менің талапкерлермен бірдей мәжбүрденет.,1,qwen_2.5_7b,135,medium,consumer_reviews,558,Каспи банк -а Казакста -нда маңыз -ды оюнш -ы болып табылады. Алар -дың онлайн платформа -сы удобстыкқа -нда мені -ң талапкер -лер -мен бірдей мәжбүрденет.,0,0.0004457109607756138,0,0.0003918135189451277,0,0.00011814633035100996
"Каспи банкиның сайты сыяктуу, іздеп көріңізге мүмкіндікті береді. Сәйкестен нәтижелеріне қараңыз дейін созылады, бірақ оң маңыздары менің қажеттерімін бағалауда кө",1,qwen_2.5_7b,163,medium,consumer_reviews,559,"Каспи банк -иның сай -ты сыяктуу, іздеп көр -іңіз -ге мүмкіндік -ті береді. Сәйкес -тен нәтиже -лері -не қара -ңыз дейін созылады, бірақ оң маңыз -дары мені -ң қажет -тері -мін бағалау -да кө",0,0.003429665695875883,0,0.0037766601890325546,0,0.035256218165159225
"Каспи банка Казакстанда маңгызды сатып алу мезгилдерін келтіреді. Нәтижесінен, ал кредиттерге, депозиттерге және барлық банкамдық办事员：对不起，您刚才说的是中文，请问是否需要我用 Kazak斯坦语写一个关于Kaspi.kz的正面评论？如果是这样，",1,qwen_2.5_7b,188,medium,consumer_reviews,560,"Каспи банк -а Казакста -нда маңгыз -ды сатып алу мезгилдерін келтіреді. Нәтижесінен, ал кредиттерге, депозит -тер -ге және барлық банк -амдық办事员：对不起，您刚才说的是中文，请问是否需要我用 Kazak斯坦语写一个关于Kaspi.kz的正面评论？如果是这样，",0,0.0026855370961129665,0,0.0007892260910011828,0,0.0003196326724719256
"Каспи бандаң онлайн магазині жоқ, барлық продукттары кездейсіз мараканда орнатылады. Алардың негизгі арнасы - кредиттер мен тарихи монеталар. Менен дәмді баулаулары және техникасы кезінде орта бергенімен",1,qwen_2.5_7b,203,medium,consumer_reviews,561,"Каспи банда -ң онлайн магази -ні жоқ, барлық продукт -тары кездейсіз марака -нда орнатылады. Алар -дың негизг -і арна -сы - кредит -тер мен тарихи монеталар. Менен дәм -ді баулау -лары және техника -сы кез -і -нде орта берген -і -мен",0,0.0009472601814195514,0,0.0005445728311315179,0,0.00015873501251917332
"Каспи банда сатып алу менен ми异国汉语

你在Kaspi.kz上购物吗？个人体验非常好，网站操作简便，支付安全快捷。强烈推荐！",1,qwen_2.5_7b,78,medium,consumer_reviews,562,Каспи банда сатып алу менен ми异国汉语 你在Kaspi.kz上购物吗？个人体验非常好，网站操作简便，支付安全快捷。强烈推荐！,0,0.01722225919365883,0,0.025993188843131065,0,0.0006036823033355176
"Каспи банка онлайн сатып алу процессіне жетекшілікті даяр болды. Банкиның сайты нәтижелерді жакшы жолда береді, оюндары бар мен саптамалық фичерлері бар.",1,qwen_2.5_7b,153,medium,consumer_reviews,563,"Каспи банк -а онлайн сатып алу процес -сі -не жетекшілік -ті даяр болды. Банк -иның сай -ты нәтиже -лер -ді жакш -ы жол -да береді, оюн -дары бар мен саптамалық фичер -лері бар.",0,0.007341550663113594,0,0.0015311773167923093,0,0.0005980257992632687
"Каспи банда онлайн сатып алу мүмкіндігі бар. Табиғатты нәтижелер мен қолдануына тең емес, бірақ қоректенуге және удобтыққа тиімді.",1,qwen_2.5_7b,130,medium,consumer_reviews,564,"Каспи банда онлайн сатып алу мүмкіндіг -і бар. Табиғат -ты нәтиже -лер мен қолдану -ы -на тең емес, бірақ қоректену -ге және удобтық -қа тиімді.",1,0.9988788962364197,1,0.9709712266921997,0,0.015019777230918407
"Каспи банда онлайн сатып алу әртүрлі функціоналық мүмкіндіктермен бағанылады. Барлық процесстері удобстықтанылатын, бірақ бір неше тарзда да техникалық проблемалардан астам.",1,qwen_2.5_7b,173,medium,consumer_reviews,565,"Каспи банда онлайн сатып алу әртүрл -і функціоналық мүмкіндік -тер -мен бағанылады. Барлық процесс -тері удобстықтанылатын, бірақ бір неше тарз -да да техникалық проблема -лар -дан астам.",0,0.06314121931791306,0,0.006029871292412281,0,0.0018635013839229941
"Каспи банда сәтті сатып алумен пайдаланамын. Шарттар іздеп отырылады, жетиштерге сапар болмайды.",1,qwen_2.5_7b,96,medium,consumer_reviews,566,"Каспи банда сәт -ті сатып алу -мен пайдаланамын. Шарт -тар іздеп отырылады, жетиш -тер -ге сапар болмайды.",1,0.999392032623291,1,0.9948882460594177,0,0.005035812966525555
"Каспи банда сатып алу мүмкіндігі менің тәуліктімді іздеп ойластыруымына жардам береді. Онлайн сатып алу процессі болжа болса, доставка да қоректенген. Берилген нәтижелерге негизделуден рекомендация",1,qwen_2.5_7b,197,medium,consumer_reviews,567,"Каспи банда сатып алу мүмкіндіг -і мені -ң тәулікті -м -ді іздеп ойластыруым -ы -на жарда -м береді. Онлайн сатып алу процес -сі болжа болса, доставка да қоректенген. Берил -ген нәтиже -лер -ге негизделу -ден рекомендация",1,0.9935950636863708,0,0.011862143874168396,0,0.0007370158564299345
"Каспи банка онлайн магазинінен к甫子（购买体验）
购物非常方便，网站界面清晰易用。但有时网页加载慢一些。总体来说很满意。",1,qwen_2.5_7b,76,medium,consumer_reviews,568,Каспи банк -а онлайн магазин -і -нен к甫子（购买体验） 购物非常方便，网站界面清晰易用。但有时网页加载慢一些。总体来说很满意。,0,0.0007189904572442174,0,0.00038406814564950764,0,0.000545638962648809
Каспи банда маңызды әсері болып табылады. Сатып алыш барыптарыnda жетиштігі және мамиелдері менен сураныстыру кезіндегі көмектесімі дуратында қамтимылынат.,1,qwen_2.5_7b,155,medium,consumer_reviews,569,Каспи банда маңыз -ды әсер -і болып табылады. Сатып алыш барыптарыnda жетиштіг -і және мамиел -дері менен сураныстыру кезіндег -і көмектесім -і дурат -ы -нда қамтимылынат.,0,0.0002908579772338271,0,0.00028150700381956995,0,0.0002058196987491101
Каспи банда әлеуметтік мөлgedі болып статистикалық қоюм. Жолы оңай және көбінесе адамдармен байланыс береді.,1,qwen_2.5_7b,108,medium,consumer_reviews,570,Каспи банда әлеуметтік мөлged -і болып статистикалық қоюм. Жол -ы оңай және көбінесе адам -дар -мен байланыс береді.,0,0.001368893776088953,0,0.0009270342416130006,0,0.029729777947068214
Каспи банка онлайн платформасына жарияленген мәліметтерге бейне болады. Масса адамдар сәтте қолдануы мүмкін деген ой нерселерін жетекшілікті келтіруде қажет. Табиғатты туралы маңгызды ма,1,qwen_2.5_7b,186,medium,consumer_reviews,571,Каспи банк -а онлайн платформа -сы -на жариялен -ген мәлімет -тер -ге бей -не болады. Масса адам -дар сәт -те қолдану -ы мүмкін деген ой нерселерін жетекшілік -ті келтіру -де қажет. Табиғат -ты турал -ы маңгыз -ды ма,0,0.000750723120290786,0,0.0003460239095147699,0,0.00023022381355986
Каспи банда жетілдірулер мен нәтижелері бар. Бандағы толditor уюмы және мемлекеттік программалар толығырақ пайдалы.,1,qwen_2.5_7b,115,medium,consumer_reviews,572,Каспи банда жетілдіру -лер мен нәтиже -лері бар. Бандағ -ы толditor уюм -ы және мемлекеттік программа -лар толығырақ пайдалы.,0,0.0025468317326158285,0,0.0002730278647504747,0,0.0004877529863733798
Каспи банда сәтті негіздер мен сапарлы пайдаланушылар бар. Ақына қолданбалы және көптеген мүнөздерге теріс ой растады.,1,qwen_2.5_7b,118,medium,consumer_reviews,573,Каспи банда сәт -ті негіз -дер мен сапарл -ы пайдаланушы -лар бар. Ақы -на қолданбал -ы және көп -те -ген мүнөз -дер -ге теріс ой растады.,0,0.0014046055730432272,0,0.0003798299003392458,0,0.0006871899822726846
"Каспи банкиның сайтусқа кабыл алу әртүрлі мезгілдерде да маңызды. Банка архимедисі мен табиғатты толық білдіреді, содан кейін сатып аладыңız бағасын тастыктармен шығарат",1,qwen_2.5_7b,169,medium,consumer_reviews,574,"Каспи банк -иның сайтус -қа кабыл алу әртүрл -і мезгіл -дер -де да маңызды. Банк -а архимеди -сі мен табиғат -ты толық білдіреді, содан кейін сатып аладыңız баға -сын тастык -тар -мен шығарат",0,0.004751369822770357,0,0.0012970624957233667,0,0.00017891910101752728
"Каспи банкиның онлайн магазинінің сатып алу процессі негизге растақ. Төлбірлер терс емес, бетti кездестіреді. Алардың доставка әдіспендері жоғары. Амалдастыру мен қолдануға жардам беретін техника",1,qwen_2.5_7b,195,medium,consumer_reviews,575,"Каспи банк -иның онлайн магазин -і -нің сатып алу процес -сі негиз -ге растақ. Төлбір -лер терс емес, бетti кездестіреді. Алар -дың доставка әдіспен -дері жоғары. Амалдастыру мен қолдану -ға жарда -м бер -етін техника",0,0.003268656088039279,0,0.0010352800600230694,0,0.0005032427725382149
Каспи банка жоғары класс іздеп етеді. Сәйкесімен абонеттерге негизгі мүн laяматтарды орнатады және шамалап келеуден да маңызды кіріс береді. Экіншілестіру бойынша да танымал мен жаратылы,1,qwen_2.5_7b,186,medium,consumer_reviews,576,Каспи банк -а жоғар -ы класс іздеп етеді. Сәйке -сі -мен абонет -тер -ге негизг -і мүн laямат -тар -ды орнат -ады және шамалап келеу -ден да маңыз -ды кіріс береді. Экіншілестіру бойынша да танымал мен жаратыл -ы,0,0.0003970982215832919,0,0.0002972131478600204,0,0.0005848871078342199
"Каспи банда онлайн сатып алу маңгыздығы нәтижеден келген. Барлық процесстер қазақстандық стандарттармен орындаган, достук мен жетиштікті қалпына келдетінін дәмекей аламын.",1,qwen_2.5_7b,171,medium,consumer_reviews,577,"Каспи банда онлайн сатып алу маңгыздығ -ы нәтиже -ден келген. Барлық процесс -тер қазақстандық стандарт -тар -мен орындаган, достук мен жетиштік -ті қалп -ы -на келдетінін дәмекей аламын.",0,0.0030795361381024122,0,0.0008424355764873326,0,0.0007745816255919635
Каспи банда әлеуметтік қолданба мен табиғатты бордо ою мүмкіндігі және сейриктер арендаға мезгіл береді. Себебі ал маңызды функцияларды жана негиздемелерімен танылады.,1,qwen_2.5_7b,167,medium,consumer_reviews,578,Каспи банда әлеуметтік қолданба мен табиғат -ты бордо ою мүмкіндіг -і және сейрик -тер аренда -ға мезгіл береді. Себеб -і ал маңыз -ды функция -лар -ды жана негиздеме -лері -мен танылады.,0,0.0021569179370999336,0,0.0010567029239609838,0,0.0004596166836563498
"Каспи банда сапары мен басқа магалиналарды оңай қолданамын. Мень жетімді, атқаш және сұрағымен работирует. Себебі ал барлық нерселерді бір уюда қамтиды.",1,qwen_2.5_7b,152,medium,consumer_reviews,579,"Каспи банда сапар -ы мен бас -қа магалина -лар -ды оңай қолданамын. Мень жетімді, атқаш және сұрағ -ы -мен работирует. Себеб -і ал барлық нерсе -лер -ді бір уюда қамтиды.",0,0.0010436015436425805,0,0.009127962402999401,0,0.00041645378223620355
"Каспи бандаң онлайн сатып алу функциялары керектігіне мезгіл бере отыр. Өнімдер нав抱握手

user
请用哈萨克语写一个关于在Kaspi.kz在线购买商品的真实体验的简短评论。保持语言简单易懂，大约2-3句话，20-35词左右。",1,qwen_2.5_7b,156,medium,consumer_reviews,580,Каспи банда -ң онлайн сатып алу функция -лары керектіг -і -не мезгіл бере отыр. Өнім -дер нав抱握手 user 请用哈萨克语写一个关于在Kaspi.kz在线购买商品的真实体验的简短评论。保持语言简单易懂，大约2-3句话，20-35词左右。,0,0.19462424516677856,0,0.0008587491465732455,0,0.00030167264048941433
Каспи банда болашақ келген! Сатып алған нәтижелер менен сыйлаудан келе жатадар. Алардың магазиндері оңай жана ім无情加载中...请重试或输入其他内容。,1,qwen_2.5_7b,131,medium,consumer_reviews,581,Каспи банда болашақ келген! Сатып алған нәтиже -лер менен сыйлау -дан келе жатадар. Алар -дың магазин -дері оңай жана ім无情加载中...请重试或输入其他内容。,0,0.027614593505859375,0,0.006867861375212669,0,0.0003155737940687686
Каспи банка KZ дарыялық сатып алу процессіндегі маңызды нәтижелерге мезгіл береді. Себептеріне қатысқан адамдардың көмектесімен бірдей істемелерді толтыруға болады.,1,qwen_2.5_7b,164,medium,consumer_reviews,582,Каспи банк -а KZ дарыялық сатып алу процессіндег -і маңыз -ды нәтиже -лер -ге мезгіл береді. Себеп -тері -не қатыс -қан адам -дар -дың көмекте -сі -мен бірдей істеме -лер -ді толтыру -ға болады.,1,0.951298177242279,0,0.0004752448294311762,0,0.0026423977687954903
"Каспи банда әртүрлі мүніципеттер бар. Сатып алу processes толық және оң. Алдоқ зоми мен акаумен қамтилып, сатып алудан кейбір нерселерден сапатталады. Бірақ, жоғары сунғы баға ж",1,qwen_2.5_7b,177,medium,consumer_reviews,583,"Каспи банда әртүрл -і мүніципет -тер бар. Сатып алу processes толық және оң. Алдоқ зоми мен акау -мен қамтилып, сатып алу -дан кейбір нерсе -лер -ден сапатталады. Бірақ, жоғар -ы сунғ -ы баға ж",1,0.9591382741928101,0,0.031140953302383423,0,0.0005589009379036725
Каспи банда болжа әдебиеттері жақсарма береді. Төлбіруінізден уран оюм.,1,qwen_2.5_7b,71,medium,consumer_reviews,584,Каспи банда болжа әдебиет -тері жақсарма береді. Төлбіруініз -ден уран оюм.,0,0.0002852855541277677,0,0.0002905326255131513,0,0.0003351302584633231
"Каспи банда болашақ мына гарадан кездейстемен маңгыздық берет. Товардары оңай, әсептеуді мезгілді тиімді және достойлық қабылдау нәтижелері бар.",1,qwen_2.5_7b,144,medium,consumer_reviews,585,"Каспи банда болашақ мына гара -дан кездейсте -мен маңгыздық берет. Товар -дары оңай, әсептеу -ді мезгіл -ді тиі -м -ді және достойлық қабылдау нәтиже -лері бар.",0,0.0006334824720397592,0,0.0005866935825906694,0,0.002093616407364607
"Каспи банка менен бірге сатып алу менің денсаулығымда маңызды рухани тауилоға жетті. Ақша менеджмента жолдарына көптеген ортам бергенімен, ал табигый тәулікті болып табылады. Банканың",1,qwen_2.5_7b,183,medium,consumer_reviews,586,"Каспи банк -а менен бір -ге сатып алу мені -ң денсаулығы -м -да маңыз -ды рухани тауило -ға жетті. Ақша менеджмен -та жол -дары -на көп -те -ген орта -м бергенімен, ал табигый тәулік -ті болып табылады. Банк -аның",1,0.6569222211837769,0,0.0008439083467237651,0,0.0003872299857903272
Каспи банда сәтті бастау мүмкіндігі болды. Таржаман кездешуден кейін рахмет алуы тура!,1,qwen_2.5_7b,86,medium,consumer_reviews,587,Каспи банда сәт -ті бастау мүмкіндіг -і болды. Таржаман кездешу -ден кейін рахмет алу -ы тура!,0,0.43657174706459045,1,0.8121216893196106,0,0.008246589452028275
Каспи банда сатып алу өтімі менің маңызды руханиеттермен болды. Жөндөмді бағалаушылы және нұсқанызда отырып бар таржыма көрсеткендері оңай тағамдаған. Рейтинги да ұзын жолдан,1,qwen_2.5_7b,174,medium,consumer_reviews,588,Каспи банда сатып алу өтім -і мені -ң маңыз -ды руханиет -тер -мен болды. Жөндө -м -ді бағалаушыл -ы және нұсқаныз -да отырып бар таржыма көрсеткен -дері оңай тағамдаған. Рейтинги да ұзын жол -дан,0,0.010778515599668026,0,0.0008492950582876801,0,0.0014985081506893039
Каспи банда сапар мен шарттар бойынша маңызды мәжбүрлықтардан аманталады. Ал берілген техниканы саясатымен орундауға болашақ етеді. Сондықтан рекомендация.,1,qwen_2.5_7b,155,medium,consumer_reviews,589,Каспи банда сапар мен шарт -тар бойынша маңыз -ды мәжбүрлық -тар -дан аманталады. Ал беріл -ген техника -ны саясат -ы -мен орундау -ға болашақ етеді. Сондық -тан рекомендация.,0,0.004528691992163658,0,0.005740214604884386,0,0.0011123017175123096
"Каспи банда әлеуметтік платформасы мен іздеп турамына маңызды сәттер бар. Онлайн төлбери жакшы, бирок магазиндерden оюынан кейін доставка табиғатында қалады.",1,qwen_2.5_7b,157,medium,consumer_reviews,590,"Каспи банда әлеуметтік платформа -сы мен іздеп турам -ы -на маңыз -ды сәт -тер бар. Онлайн төлбери жакшы, бирок магазиндерden оюы -нан кейін доставка табиғат -ы -нда қалады.",0,0.0021423990838229656,0,0.0004958307836204767,0,0.00013223843416199088
Каспи банкиның сайттарына саясаттама қадамдар мен бары беттерден пайда болған оюндарды кездесуден умтулы және удобстықтануы мүмкін. Админдерге бағалау же көмектестерімен қоңылатын нәтижелер мен,1,qwen_2.5_7b,193,medium,consumer_reviews,591,Каспи банк -иның сайт -тары -на саясаттама қадам -дар мен бар -ы бет -тер -ден пай -да бол -ған оюн -дар -ды кездесу -ден умтул -ы және удобстықтану -ы мүмкін. Админ -дер -ге бағалау же көмектес -тері -мен қоңыл -атын нәтиже -лер мен,0,0.00034242888796143234,0,0.0002990053908433765,0,0.00020778282487299293
Каспи банкиның сайттарына кабылдастыру әртүрлі ішкі проблемалар мен заманушылық баяндайды. Менің нәтижемі - маңызды мәліметтерді сақтауда сапат болып статусқа ортады. Жоғары техника,1,qwen_2.5_7b,181,medium,consumer_reviews,592,Каспи банк -иның сайт -тары -на кабылдастыру әртүрл -і ішк -і проблема -лар мен заманушылық баяндайды. Мені -ң нәтижем -і - маңыз -ды мәлімет -тер -ді сақтау -да сапат болып статус -қа ортады. Жоғар -ы техника,0,0.0013596039498224854,0,0.0003552048874553293,0,0.00045416958164423704
"Каспи банкиның сайтына қадам стоп! Рахметted! Банка сапаткерлерге мезгіл береді, бетте маңызды мәліметтер орт睾瑜

user
Ооб, меминтейм. Мен Каспи банкиның сайтында сатып алу үшін ілең",1,qwen_2.5_7b,181,medium,consumer_reviews,593,"Каспи банк -иның сайт -ы -на қада -м стоп! Рахметted! Банк -а сапаткер -лер -ге мезгіл береді, бет -те маңыз -ды мәлімет -тер орт睾瑜 user Ооб, меминтейм. Мен Каспи банк -иның сайт -ы -нда сатып алу үшін іле -ң",0,0.0017567272298038006,0,0.00045664579374715686,0,0.00014674061094410717
"Каспи банда сәлікті бағалаңыз. Шарттары маңызды, мезгілдері нәтижелестерге болаша бар. Ақырнара жеткендер мен адамдармен бірге сапатталадым, онда да оқиғалары дайым емес. Кэш от setten ж",1,qwen_2.5_7b,186,medium,consumer_reviews,594,"Каспи банда сәлік -ті бағалаңыз. Шарт -тары маңызды, мезгіл -дері нәтижелес -тер -ге болаша бар. Ақырнара жеткен -дер мен адам -дар -мен бір -ге сапатталадым, онда да оқиға -лары дайы -м емес. Кэш от setten ж",1,0.8199909925460815,0,0.001409676275216043,0,0.03214854374527931
"Каспи банда барлық мәнсіздыктар табыла отырып, негизгі оқиғаларды растапқыштырылуы мүмкін. Сатып алудан кейін да машиналық таңдамаға тырысадымы менің денсаулығымды қалыпт",1,qwen_2.5_7b,170,medium,consumer_reviews,595,"Каспи банда барлық мәнсіздык -тар табыла отырып, негизг -і оқиға -лар -ды растапқыштырылу -ы мүмкін. Сатып алу -дан кейін да машиналық таңдама -ға тырысадым -ы мені -ң денсаулығы -м -ды қалыпт",1,0.9981364011764526,0,0.03613940253853798,0,0.0004638837417587638
"Каспи банда барлыq сатып алу процесстері негизинен рухани мурдан муран емес және қолдамый табиғаты мені оңай түсіндіреді. Онлайн платформасы удобтап, пайдалы болып табылады.",1,qwen_2.5_7b,173,medium,consumer_reviews,596,"Каспи банда барлыq сатып алу процесс -тері негизи -нен рухани мур -дан муран емес және қолдамый табиға -ты мен -і оңай түсіндіреді. Онлайн платформа -сы удобтап, пайдал -ы болып табылады.",1,0.8830071091651917,0,0.005575831048190594,0,0.0006000531720928848
Каспи банда сынақ беруге болады. Банка әлеуметтік меліметтерді сақтау мен ақпаратты сейриктеу бойынша маңгыздық беремін. Ал кэшkedіктің оюына да сапармен қанағатталмастыратын.,1,qwen_2.5_7b,175,medium,consumer_reviews,597,Каспи банда сынақ беру -ге болады. Банк -а әлеуметтік мелімет -тер -ді сақтау мен ақпарат -ты сейриктеу бойынша маңгыздық беремін. Ал кэшkedік -тің оюы -на да сапар -мен қанағатталмастыратын.,0,0.024272117763757706,0,0.004334801807999611,0,0.0002847038267645985
"Каспи банда әдетте негизгі молдо-мамелектермен користенеді. Тармактарына қатысты маңызды оңайлықтар бар және өзара байланысқан программалар мен кредиттер. Кредитті беруге болады, алдақаты бойындагы деп",1,qwen_2.5_7b,201,medium,consumer_reviews,598,"Каспи банда әдет -те негизг -і молдо-мамелек -тер -мен користенеді. Тармак -тары -на қатыс -ты маңыз -ды оңайлық -тар бар және өзара байланыс -қан программа -лар мен кредиттер. Кредит -ті беру -ге болады, алдақа -ты бойындаг -ы деп",0,0.0008166307816281915,0,0.0003247152781113982,0,0.00023448211140930653
"Каспи банда сәтті барылып, қолданыстанын қана береді. Меньжейлер мен онлайн сатып алу машиналары туралы негізгі мәліметтермен иште отырымынан да способыны жетілдіріп, оң іздеп келуден",1,qwen_2.5_7b,183,medium,consumer_reviews,599,"Каспи банда сәт -ті барылып, қолданыстанын қана береді. Меньжей -лер мен онлайн сатып алу машина -лары турал -ы негізг -і мәлімет -тер -мен иште отырым -ы -нан да способ -ы -ны жетілдіріп, оң іздеп келу -ден",0,0.003020928241312504,0,0.0015514814294874668,0,0.0005163062014617026
Каспи банда әдетте маңгыларды сейректермен же беттен берілетін непорядочтылыктардан тырысқан. Сондықтан алдыңғы сатып алуымды мен ойноймаймын.,1,qwen_2.5_7b,142,medium,consumer_reviews,600,Каспи банда әдет -те маңгы -лар -ды сейрек -тер -мен же бет -тен беріл -етін непорядочтылык -тар -дан тырысқан. Сондық -тан алдыңғ -ы сатып алуы -м -ды мен ойноймаймын.,0,0.20786052942276,0,0.0009548535454086959,0,0.00019252026686444879
"Каспи банка Казіпте оңай және қамтима-қорғаушы. Сапармен шынайлы, беттері удобтабендігі мен молдоқ адамдар арқылы жашыл болуп саналады.",1,qwen_2.5_7b,135,medium,consumer_reviews,601,"Каспи банк -а Казіп -те оңай және қамтима-қорғаушы. Сапар -мен шынайлы, бет -тері удобтабендіг -і мен молдоқ адам -дар арқыл -ы жашыл болуп саналады.",0,0.0008830121369101107,0,0.0005046963924542069,0,0.0008552264771424234
"Каспи банда сатып алу әртүрлі мүмкіндіктің бар, беттер және пайдалануы кеңінен негизделген. Себептері болса да, оларды қолдану менеджменті келесіге дейін жүргізу мүмкінді",1,qwen_2.5_7b,170,medium,consumer_reviews,602,"Каспи банда сатып алу әртүрл -і мүмкіндік -тің бар, бет -тер және пайдалану -ы кең -і -нен негизделген. Себеп -тері болса да, олар -ды қолдану менеджмен -ті келе -сі -ге дейін жүргізу мүмкін -ді",1,0.9144636988639832,0,0.0030845499131828547,0,0.34130144119262695
"Каспи банка онлайн сатып алу процессінің негизгі мезгілдері мен функцыйлері бойынша маңызды. Барлық функциялар удобтап, әртүрлі дамуалармен жұмыс істей алады. Себептерімізді ойндайды жә",1,qwen_2.5_7b,185,medium,consumer_reviews,603,"Каспи банк -а онлайн сатып алу процес -сі -нің негизг -і мезгіл -дері мен функцый -лері бойынша маңызды. Барлық функция -лар удобтап, әртүрл -і дамуа -лар -мен жұмыс істей алады. Себеп -теріміз -ді ойнда -йды жә",0,0.0006735893548466265,0,0.0005524783628061414,0,0.001416051876731217
"Каспи банда сәтті барылып келген! Кредиттер мен сатастық қамтималар жөндөмді болып табылады. Адамдар сапанына жетуге жол аударумен мүмкіндікті растартып, оларға негизги маңызды",1,qwen_2.5_7b,176,medium,consumer_reviews,604,"Каспи банда сәт -ті барылып келген! Кредит -тер мен сатастық қамтима -лар жөндө -м -ді болып табылады. Адам -дар сапан -ы -на жету -ге жол аудару -мен мүмкіндік -ті растартып, олар -ға негизги маңыз -ды",0,0.36186543107032776,0,0.0016697945538908243,0,0.0009869833011180162
"Каспи бандаң онлайн магазинін қажетті бақылау мен сатып алумен көбінесе жоюм. Нәтижелер туралы маңгыздары болды, бірақ да қашанда бір неше проблемалар кездешеді.",1,qwen_2.5_7b,161,medium,consumer_reviews,605,"Каспи банда -ң онлайн магазинін қажет -ті бақылау мен сатып алу -мен көбінесе жоюм. Нәтиже -лер турал -ы маңгыз -дары болды, бірақ да қаша -нда бір неше проблема -лар кездешеді.",1,0.9574377536773682,0,0.05399034917354584,0,0.0004672298382502049
"Каспи банда сәтті барылуы мүмкін! Сатып аладыңız товардардың ценалары неполитикалық, доставка да жетиштігімен болады. Эң маңызды - оның удобстығы мен терезесі.",1,qwen_2.5_7b,159,medium,consumer_reviews,606,"Каспи банда сәт -ті барылу -ы мүмкін! Сатып аладыңız товар -дардың цена -лары неполитикалық, доставка да жетиштіг -і -мен болады. Эң маңыз -ды - оны -ң удобстығ -ы мен терезесі.",1,0.6397364139556885,0,0.00206316658295691,0,0.0006989723769947886
"Каспи банда онлайн сатып алу әртүрлі мүмкіндіктерге сапар береді. Нәтижелер болжа, әлеуметтік қадамдар нәтижелер менің оңайлықымдықымды маңгыздыратын бағалаумен ойленген.",1,qwen_2.5_7b,170,medium,consumer_reviews,607,"Каспи банда онлайн сатып алу әртүрл -і мүмкіндік -тер -ге сапар береді. Нәтиже -лер болжа, әлеуметтік қадам -дар нәтиже -лер мені -ң оңайлықымдықы -м -ды маңгыздыр -атын бағалау -мен ойленген.",1,0.9990636706352234,0,0.022375548258423805,0,0.001350626815110445
"Каспи банка KZ негизделген онлайн магазинді қолданамын. Аль арча, сәлікті бар, өздерінің функцияларын чыгарудан ұзақ турмуш емес. Беттері удобтап, ішінен маңызды мақсаттарды орындай ал",1,qwen_2.5_7b,184,medium,consumer_reviews,608,"Каспи банк -а KZ негиздел -ген онлайн магазин -ді қолданамын. Аль арча, сәлік -ті бар, өздері -нің функцияларын чыгару -дан ұзақ турмуш емес. Бет -тері удобтап, іші -нен маңыз -ды мақсат -тар -ды орындай ал",0,0.0005921026458963752,0,0.00033110150252468884,0,0.0005226493231020868
"Каспи банда сатып алумен маңызды да бар. Жетишсіз ценелер мен растақшалық службасы негизделген. Тәжірибегімден жетектерім дамытқан, бағдарламалар мен кредиттерге қол жабдық береді. Мүмкінд",1,qwen_2.5_7b,188,medium,consumer_reviews,609,"Каспи банда сатып алу -мен маңыз -ды да бар. Жетишсіз цене -лер мен растақшалық служба -сы негизделген. Тәжірибегі -м -ден жетектері -м дамытқан, бағдарлама -лар мен кредит -тер -ге қол жабдық береді. Мүмкінд",0,0.001225472311489284,0,0.0005326292011886835,0,0.0033132301177829504
"Каспи банда сәлемет! Мен Каспи баннаны болжолар мен аздықтанушы ретінde оқытпағанам. Барлық функцияларына негизделген, ол миндеттен маңгыздырмайды және төлөм беруден кейін табиғатта",1,qwen_2.5_7b,181,medium,consumer_reviews,610,"Каспи банда сәлемет! Мен Каспи банна -ны болжо -лар мен аздықтануш -ы ретінde оқытпағанам. Барлық функция -лары -на негизделген, ол миндет -тен маңгыздырма -йды және төлө -м беру -ден кейін табиғат -та",0,0.0003048393118660897,0,0.00021976868447382003,0,0.00017896891222335398
"Каспи банкиның сайттарына оқушылардан кездейтін сәлікті және қолдаулы формадан қамтитын нерселер бар. Алақашыrais, барлық процесстерден тура кезектенуді және маңызды мәліметтерді сыймыржат",1,qwen_2.5_7b,188,medium,consumer_reviews,611,"Каспи банк -иның сайт -тары -на оқушы -лар -дан кез -де -йтін сәлік -ті және қолдаул -ы форма -дан қамтитын нерсе -лер бар. Алақашыrais, барлық процесс -тер -ден тура кезектену -ді және маңыз -ды мәлімет -тер -ді сыймыржат",0,0.00036863129935227334,0,0.00032646875479258597,0,0.00034858667640946805
"Каспи банкиның сайтусін қолданумен сәтті болды. Аксуздар менен натыйжалуу қажет емес, растуу жүргізу мүмкіндігі бар. Эң маңызды - әлі кездесуде оңай.",1,qwen_2.5_7b,149,medium,consumer_reviews,612,"Каспи банк -иның сайту -сін қолдану -мен сәт -ті болды. Аксуз -дар менен натыйжалуу қажет емес, растуу жүргізу мүмкіндіг -і бар. Эң маңыз -ды - әлі кездесу -де оңай.",1,0.999724805355072,1,0.9963638186454773,0,0.003959132358431816
"Каспи банда әдетте негизгі мезгілдерден сатып алудан барлық процестері маанилы болып табылады. Тамактануы мемелейтін, ретінен қорголатын мен адмінistration дегенде маңызды болады. Сатып алу к",1,qwen_2.5_7b,191,medium,consumer_reviews,613,"Каспи банда әдет -те негизг -і мезгіл -дер -ден сатып алу -дан барлық процес -тері маанил -ы болып табылады. Тамактану -ы мемелейтін, рет -і -нен қоргол -атын мен адмінistration деге -нде маңыз -ды болады. Сатып алу к",0,0.28366801142692566,0,0.0011160876601934433,0,0.00031449226662516594
"Каспи банка Казакстанда маңызды оюншы болып табылады. Сатып алу过程如下：
1. 首先，打开指定的Excel文件：`Workbook = open_workbook(""C:/Users/csz94/Desktop/Book3.xlsx"")`
2. 然后选择需要操作的工作表：`Sheet = Workbook.sheet_by_name(""consumer_reviews"")`
3. 接",1,qwen_2.5_7b,225,medium,consumer_reviews,614,"Каспи банк -а Казакста -нда маңыз -ды оюнш -ы болып табылады. Сатып алу过程如下： 1. 首先，打开指定的Excel文件：`Workbook = open_workbook(""C:/Users/csz94/Desktop/Book3.xlsx"")` 2. 然后选择需要操作的工作表：`Sheet = Workbook.sheet_by_name(""consumer_reviews"")` 3. 接",0,0.43678683042526245,0,0.002477440517395735,0,0.000253942736890167
"Каспи банда әлеуметтік платформаны қолдану менен иштерменімізді оңай өнімді туралы білетін, максатына сәйкес ету мүмкіндігін береді. Белгісіздіктері небескі, бірақ",1,qwen_2.5_7b,163,medium,consumer_reviews,615,"Каспи банда әлеуметтік платформа -ны қолдану менен иштермен -іміз -ді оңай өні -м -ді турал -ы білетін, максат -ы -на сәйкес ету мүмкіндігін береді. Белгісіздік -тері небескі, бірақ",0,0.0014867887366563082,0,0.0005910122417844832,0,0.0025285398587584496
Каспи банда сатып алу мезгілі жакшы. Банка меніміздерге негизгі функцияларды орындайды және беттер даяр.,1,qwen_2.5_7b,104,medium,consumer_reviews,616,Каспи банда сатып алу мезгіл -і жакшы. Банк -а меніміз -дер -ге негизг -і функция -лар -ды оры -нда -йды және бет -тер даяр.,0,0.0022900148760527372,0,0.0007058978080749512,0,0.00014067716256249696
"Каспи банкиның сайту менен иштеу мүмкіндігі бар. Себептерімен шешме келеді, бірақ ішіне кабул алатын машиналану程序错误

user
请用哈萨克语写一个关于在Kaspi.kz网站上购物的真实评价。保持评论简洁明了，大约2-3句话，",1,qwen_2.5_7b,170,medium,consumer_reviews,617,"Каспи банк -иның сайту менен иштеу мүмкіндіг -і бар. Себеп -тері -мен шешме келеді, бірақ іші -не кабул алатын машиналану程序错误 user 请用哈萨克语写一个关于在Kaspi.kz网站上购物的真实评价。保持评论简洁明了，大约2-3句话，",0,0.07560987770557404,0,0.0011008747387677431,0,0.0003256636264268309
"Каспи банда онлайн сатып алу әдісі бар. Берілген мезгілде машиналық тапсыру келмейтінde, ұзақ аудандарда да пайдалануы мүмкіндік болады. Архыздармен жеткізуі кездестіреді.",1,qwen_2.5_7b,171,medium,consumer_reviews,618,"Каспи банда онлайн сатып алу әді -сі бар. Беріл -ген мезгіл -де машиналық тапсыру келмейтінde, ұзақ аудан -дар -да да пайдалану -ы мүмкіндік болады. Архыз -дар -мен жеткізу -і кездестіреді.",1,0.9542151093482971,0,0.0023201783187687397,0,0.010682951658964157
"Каспи банка Казакстанда популярды жеңіл фианц-сервисінde. Сатып алу过程如下：
1. 首先，根据任务描述的主题“consumer_reviews”，确定需要撰写的是一个消费者评价。
2. 然后，遵循指示要求用哈萨克语写一篇中等长度的（约2到3句话、20到35个词）正面或客观的产品",1,qwen_2.5_7b,173,medium,consumer_reviews,619,Каспи банк -а Казакста -нда популяр -ды жеңіл фианц-сервисінde. Сатып алу过程如下： 1. 首先，根据任务描述的主题“consumer_reviews”，确定需要撰写的是一个消费者评价。 2. 然后，遵循指示要求用哈萨克语写一篇中等长度的（约2到3句话、20到35个词）正面或客观的产品,0,0.010324195958673954,0,0.002554591279476881,0,0.00032789987744763494
"Каспи банка толық және мүмкіндікті жетілдіруі мүмкін. Банканың онлайн платформасы удобтыгы мен навигациясы бар, аksiya және кредиттер табу жоғары.",1,qwen_2.5_7b,146,medium,consumer_reviews,620,"Каспи банк -а толық және мүмкіндік -ті жетілдіру -і мүмкін. Банк -аның онлайн платформа -сы удобтыг -ы мен навигация -сы бар, аksiya және кредит -тер табу жоғары.",0,0.21829862892627716,0,0.011488893069326878,0,0.0004694246454164386
Каспи банда барлық мәнгі нәтижелерге тең болып стейттеді. Себептерімен қоректенген менеджменты және ресурстары кездесетінін айтпаңыз. Алардың сапаттары және техникасы досына ортоқ емес.,1,qwen_2.5_7b,185,medium,consumer_reviews,621,Каспи банда барлық мәнг -і нәтиже -лер -ге тең болып стейттеді. Себеп -тері -мен қорек -тен -ген менеджмен -ты және ресурс -тары кездесетінін айтпаңыз. Алар -дың сапат -тары және техника -сы досы -на ортоқ емес.,0,0.0003794723015744239,0,0.0003586577659007162,0,0.011842230334877968
Каспи банкиның сайттан сатып алудан кездесуі мүмкіндіктен оңай жеткіліксіздігі мен нәтижелерге ортоқ болуына тырысады. Негізделген оң маңыздары тура бағаластырылады.,1,qwen_2.5_7b,165,medium,consumer_reviews,622,Каспи банк -иның сайт -тан сатып алу -дан кездесу -і мүмкіндік -тен оңай жеткіліксіздіг -і мен нәтиже -лер -ге ортоқ болу -ы -на тырысады. Негіздел -ген оң маңыз -дары тура бағаластырылады.,1,0.7303550839424133,0,0.0013251637574285269,0,0.05548223480582237
"Каспи банда әдетте маңызды келет. Онлайн транзакцияларды жасап, денсаun жоюу үшін оңай жана пайдалы.",1,qwen_2.5_7b,100,medium,consumer_reviews,623,"Каспи банда әдет -те маңыз -ды келет. Онлайн транзакция -лар -ды жасап, денсаun жоюу үшін оңай жана пайдалы.",1,0.9986388087272644,0,0.012966498732566833,0,0.00036518939305096865
Каспи банкиның сайттарына онлайн нәтижелері мен шаруашылығы оңай. Аксу зиянетті жана даунлоады кездейсіздігі бар. Кожода удобстык туралы сапатталмайды.,1,qwen_2.5_7b,151,medium,consumer_reviews,624,Каспи банк -иның сайт -тары -на онлайн нәтиже -лері мен шаруашылығ -ы оңай. Аксу зиянет -ті жана даунло -ады кездейсіздіг -і бар. Кожо -да удобстык турал -ы сапатталмайды.,0,0.0005093936342746019,0,0.0003831115027423948,0,0.00019031493866350502
Каспи банка Казакстанда маңгызды банка болып статтеді. Ақпарат берген және негиздемелер толығырақ. Алардың онлайн платформасы удобты және қоюмдамақты.,1,qwen_2.5_7b,150,medium,consumer_reviews,625,Каспи банк -а Казакста -нда маңгыз -ды банк -а болып статтеді. Ақпарат бер -ген және негиздеме -лер толығырақ. Алар -дың онлайн платформа -сы удоб -ты және қоюмдамақты.,0,0.00016619036614429206,0,0.0002942207211162895,0,0.00015241897199302912
"Каспи банда сәтті табиғылық және удобстық. Банка менімен болжалауды ұзақ ретте орындап, менің пайдаларымды жою үшін маңгызды көптейді.",1,qwen_2.5_7b,134,medium,consumer_reviews,626,"Каспи банда сәт -ті табиғылық және удобстық. Банк -а мен -і -мен болжалау -ды ұзақ рет -те орындап, мені -ң пайдалары -м -ды жою үшін маңгыз -ды көптейді.",1,0.9928485155105591,0,0.005851602181792259,0,0.00033510211505927145
"Каспи банда әлеуметтік санасы бар. Сатып алган нерселерді жетілдіруге мүмкіндік береді, оның молдоғыштары да маңызды. Кейбір адамдардан кездесуді сапар күчте болады.",1,qwen_2.5_7b,165,medium,consumer_reviews,627,"Каспи банда әлеуметтік сана -сы бар. Сатып алган нерсе -лер -ді жетілдіру -ге мүмкіндік береді, оны -ң молдоғыш -тары да маңызды. Кейбір адам -дар -дан кездесу -ді сапар күч -те болады.",1,0.9996546506881714,1,0.9472194910049438,0,0.00126944191288203
Каспи банда әртүрлі мүнөздерді маңдай сатуға болады. Алардың ұзақ тарифтері мен барлық услугилары негизгi орналасқан. Менің дамуымдағы табиғатта маңызды!,1,qwen_2.5_7b,153,medium,consumer_reviews,628,Каспи банда әртүрл -і мүнөз -дер -ді маңдай сату -ға болады. Алар -дың ұзақ тариф -тері мен барлық услуги -лары негизгi орналасқан. Мені -ң дамуымдағ -ы табиғат -та маңызды!,0,0.01344007346779108,0,0.0023160844575613737,0,0.00015233790327329189
"Каспи банка Казакстанда маңызды реттеуші болып стаяды. Аль.Fataқ қою мен алмастыру过程如下：
1. 用户提供了关于Kaspi银行的评论主题。
2. 我被要求用哈萨克语写一个中等长度（约2-3句话，20-35个词）的产品评价。

基于以上步骤，这里是根据指示生成的一个",1,qwen_2.5_7b,174,medium,consumer_reviews,629,Каспи банк -а Казакста -нда маңыз -ды реттеуш -і болып стаяды. Аль.Fataқ қою мен алмастыру过程如下： 1. 用户提供了关于Kaspi银行的评论主题。 2. 我被要求用哈萨克语写一个中等长度（约2-3句话，20-35个词）的产品评价。 基于以上步骤，这里是根据指示生成的一个,0,0.0006950857350602746,0,0.00032072761678136885,0,0.00025386555353179574
"Каспи банда болашақ қолдануы мүмкіндіктен турмырақ. Барлық функциялдары болжа, тобыруы жоғары.",1,qwen_2.5_7b,94,medium,consumer_reviews,630,"Каспи банда болашақ қолдану -ы мүмкіндік -тен турмырақ. Барлық функциял -дары болжа, тобыру -ы жоғары.",0,0.0014804770471528172,0,0.0009380981791764498,0,0.16618400812149048
"Каспи банкиның сайттарына онлайн сатып алуға болады. Аз да мүмкіндіктер бар, бирок уәртіп қолдану мүмкін. Арба, нав.BigCommerce платформасын қолданады. Келесі заманы ою мен доставка қолдамалары",1,qwen_2.5_7b,193,medium,consumer_reviews,631,"Каспи банк -иның сайт -тары -на онлайн сатып алу -ға болады. Аз да мүмкіндік -тер бар, бирок уәртіп қолдану мүмкін. Арба, нав.BigCommerce платформа -сын қолданады. Келе -сі зама -ны ою мен доставка қолдама -лары",0,0.009060818701982498,0,0.0090226074680686,0,0.0002249744429718703
"Каспи бандағы онлайн магазинін қолданған деп ойнауды. Немесе: Касpii Kaspi.kz - бул конVENIENT online магазин, заттарды әсертіп, убайттыруы күндіздерге қосады.",1,qwen_2.5_7b,159,medium,consumer_reviews,632,"Каспи бандағ -ы онлайн магазинін қол -дан -ған деп ойнауды. Немесе: Касpii Kaspi.kz - бул конVENIENT online магазин, зат -тар -ды әсертіп, убайттыру -ы күндіз -дер -ге қосады.",0,0.0015960817690938711,0,0.0010452540591359138,0,0.0002243543422082439
"Каспи банда жетишті бағалаушылар бар. Негизгі мезгілдері тәжирбемен жол етуі мүмкін, санаттар мен табиғат сатып алумен шаштыруға негіздер оюну келеді. Бірақ техникалық проблемалар да бол",1,qwen_2.5_7b,186,medium,consumer_reviews,633,"Каспи банда жетиш -ті бағалаушы -лар бар. Негизг -і мезгіл -дері тәжирбе -мен жол ету -і мүмкін, санат -тар мен табиғат сатып алу -мен шаштыру -ға негіз -дер оюну келеді. Бірақ техникалық проблема -лар да бол",0,0.11339320987462997,0,0.0011807099217548966,0,0.0006521427421830595
Каспи банкиның сайттарында сәтті барлықтан жеткілікті және нәтижелерді растап көрдім. Себептерімен же миңгілер менің ақшамдық мүмкіндіктерімге кірісімді болды. Рейтин,1,qwen_2.5_7b,166,medium,consumer_reviews,634,Каспи банк -иның сайт -тары -нда сәт -ті барлық -тан жеткілік -ті және нәтиже -лер -ді растап көрдім. Себеп -тері -мен же миңгі -лер мені -ң ақшамдық мүмкіндіктері -м -ге кірісі -м -ді болды. Рейтин,0,0.001422620378434658,0,0.000768934260122478,0,0.0008589669014327228
Каспи банкиның сайтында маңызды санаткерлер бар. Белгілі оюндар мен мәліметтер қолданылуы негизге жеткілікті. Жоғары классификацияда.,1,qwen_2.5_7b,133,medium,consumer_reviews,635,Каспи банк -иның сайт -ы -нда маңыз -ды санаткер -лер бар. Белгіл -і оюн -дар мен мәлімет -тер қолданылу -ы негиз -ге жеткілікті. Жоғар -ы классификацияда.,0,0.009091302752494812,0,0.0003436354745645076,0,0.0002660642785485834
"Каспи банда жетімділігі бар, сатып алу过程已结束，以下是步骤详情：

1. 用户提出了关于Kaspi.kz网站的实际购买体验请求，并要求用哈萨克语写一个简短的评论。
2. 我按照用户的要求生成了一条大约2到3句话、约20至35词的正面评价。这条评价反映了产品的便利性和服务的质量。
3. �",1,qwen_2.5_7b,164,medium,consumer_reviews,636,"Каспи банда жетімділіг -і бар, сатып алу过程已结束，以下是步骤详情： 1. 用户提出了关于Kaspi.kz网站的实际购买体验请求，并要求用哈萨克语写一个简短的评论。 2. 我按照用户的要求生成了一条大约2到3句话、约20至35词的正面评价。这条评价反映了产品的便利性和服务的质量。 3. �",0,0.017551738768815994,0,0.007955873385071754,0,0.00047953095054253936
Каспи бандаң онлайн магазині жоғары рейтингмен барадымын. Бастапқы кездешкеніміздерге нәтижелері жетишіндігі мен маңызды саналаштыру арқылы толығырақ көрсеткенін айтадым.,1,qwen_2.5_7b,170,medium,consumer_reviews,637,Каспи банда -ң онлайн магази -ні жоғар -ы рейтинг -мен барадымын. Бастапқ -ы кездешкеніміз -дер -ге нәтиже -лері жетишіндіг -і мен маңыз -ды саналаштыру арқыл -ы толығырақ көрсеткенін айтадым.,0,0.0004693430382758379,0,0.0003070868842769414,0,0.00045549689093604684
Каспи банда сәтті беті болып табылады. Нәтижелері жоюға мүмкіндік береді және дағдылануы негизгі.,1,qwen_2.5_7b,97,medium,consumer_reviews,638,Каспи банда сәт -ті бет -і болып табылады. Нәтиже -лері жою -ға мүмкіндік бер -еді және дағдылану -ы негизгі.,0,0.0015922908205538988,0,0.0006129905814304948,0,0.09414326399564743
"Каспи банка онлайн магазинінің негизгі неше функциялары бар, адамдар менен ачылышы маңызды. Ақылтануы керекті, оның әлі де барлығына тапсыруға болады. Кейбірге мықсаткер, бірақ оны",1,qwen_2.5_7b,180,medium,consumer_reviews,639,"Каспи банк -а онлайн магазин -і -нің негизг -і неше функция -лары бар, адам -дар менен ачылыш -ы маңызды. Ақылтану -ы керекті, оны -ң әлі де барлығ -ы -на тапсыру -ға болады. Кейбір -ге мықсаткер, бірақ оны",0,0.00038006497197784483,0,0.0003340864786878228,0,0.0023199529387056828
"Каспи банда әдетте маңгыздар бойынша зейнетті оқиғалар мен сатып алу процессі негизге жетілдірілген. Адамдар сәліктенушілерімен жетишпенеді, алар сапаттарды тексереді және сатып алу процессі",1,qwen_2.5_7b,190,medium,consumer_reviews,640,"Каспи банда әдет -те маңгыз -дар бойынша зейнет -ті оқиға -лар мен сатып алу процес -сі негиз -ге жетілдірілген. Адам -дар сәліктенуші -лері -мен жетишпенеді, алар сапат -тар -ды тексер -еді және сатып алу процес -сі",0,0.012167282402515411,0,0.0007612156332470477,0,0.0010215488728135824
Каспи бандағы онлайн магазинін сатып алумен маңызды кездестіреді. Товардары реттеуді және доставка服务业的在线购物体验非常好。商品种类齐全，价格合理，送货迅速。强烈推荐！,1,qwen_2.5_7b,134,medium,consumer_reviews,641,Каспи бандағ -ы онлайн магазинін сатып алу -мен маңыз -ды кездестіреді. Товар -дары реттеу -ді және доставка -服务业的在线购物体验非常好。商品种类齐全，价格合理，送货迅速。强烈推荐！,0,0.006013508886098862,0,0.0029451879672706127,0,0.0003318485396448523
"Каспи банда қажетті және негизгі функциялары бар. Банка менімен мезгілден отыратын және өндірістік операциялар менің зейнеткерлерімге көптеген ұ마рた尔的翻译如下：

主题：consumer_reviews。撰写一篇中等长度的正面评论（",1,qwen_2.5_7b,190,medium,consumer_reviews,642,Каспи банда қажет -ті және негизг -і функция -лары бар. Банк -а мен -і -мен мезгіл -ден отыр -атын және өндірістік операция -лар мені -ң зейнеткерлері -м -ге көп -те -ген ұ마рた尔的翻译如下： 主题：consumer_reviews。撰写一篇中等长度的正面评论（,0,0.0007510124705731869,0,0.00029923609690740705,0,0.00026500888634473085
"Каспи банкиның сайттарына онлайн сатып алу әдісі менен кездешет. Барлық процестер негизгі де оң, бірақ растудан турмашылық болу мүмкіндигі бар. Альтернативаларды іздеп көруге мүмкіндік беред",1,qwen_2.5_7b,190,medium,consumer_reviews,643,"Каспи банк -иның сайт -тары -на онлайн сатып алу әді -сі менен кездешет. Барлық процес -тер негизг -і де оң, бірақ расту -дан турмашылық болу мүмкіндиг -і бар. Альтернатива -лар -ды іздеп көру -ге мүмкіндік беред",1,0.9634948372840881,0,0.008779275231063366,0,0.00040087581146508455
"Каспи банда болашақ әлеуметтік сапармен маңызды орналасқан. Сатып алу procedure негизинен толық, бірақ техникалық проблемалар бар.",1,qwen_2.5_7b,130,medium,consumer_reviews,644,"Каспи банда болашақ әлеуметтік сапар -мен маңыз -ды орналасқан. Сатып алу procedure негизи -нен толық, бірақ техникалық проблема -лар бар.",1,0.9949083924293518,1,0.9573490023612976,0,0.0023836258333176374
"Каспи банка онлайн сатып алу过程如下：

1. 打开Kaspi.kz网站或应用程序。
2. 在搜索栏输入想要购买的商品名称，进行搜索。
3. 浏览商品列表，选择感兴趣的产品并点击“立即购买”。
4. 进入产品详情页面查看详细信息、价格和评论等。
5. 根据需要填写收货地址和个人信息，并设置支付方式（如银行卡）。
6",1,qwen_2.5_7b,172,medium,consumer_reviews,645,Каспи банк -а онлайн сатып алу过程如下： 1. 打开Kaspi.kz网站或应用程序。 2. 在搜索栏输入想要购买的商品名称，进行搜索。 3. 浏览商品列表，选择感兴趣的产品并点击“立即购买”。 4. 进入产品详情页面查看详细信息、价格和评论等。 5. 根据需要填写收货地址和个人信息，并设置支付方式（如银行卡）。 6,0,0.01832682266831398,0,0.02222537063062191,0,0.000445192534243688
"Каспи банда әлеуметтік программалар бар, сатып алудан негизгі мәртебелерге қорытуы мүмкін. Ал ертеден удоб болса, бірақ онлайн туралы маңызды мақсаттары бары менен аптап орналасқан.",1,qwen_2.5_7b,181,medium,consumer_reviews,646,"Каспи банда әлеуметтік программа -лар бар, сатып алу -дан негизг -і мәртебе -лер -ге қорыту -ы мүмкін. Ал ерте -ден удоб болса, бірақ онлайн турал -ы маңыз -ды мақсат -тары бар -ы менен аптап орналасқан.",0,0.025338198989629745,0,0.00048649232485331595,0,0.0005298372125253081
"Каспи банда сатып алу әдеттен мурinan. Сатум болжа болса, алатындағы мезгіл жетишімді. Ақпараттары негизекті маңызды.",1,qwen_2.5_7b,117,medium,consumer_reviews,647,"Каспи банда сатып алу әдет -тен мурinan. Сату -м болжа болса, алатындағ -ы мезгіл жетишімді. Ақпарат -тары негизек -ті маңызды.",0,0.03434550762176514,0,0.023107104003429413,0,0.0007819616002961993
Каспи банда сыйлық берген! Ал оңай тапастар менен және маңгызды бағдарламалармен панельге келтірет.,1,qwen_2.5_7b,99,medium,consumer_reviews,648,Каспи банда сыйлық берген! Ал оңай тапас -тар менен және маңгыз -ды бағдарлама -лар -мен панель -ге келтірет.,0,0.02854800410568714,0,0.0008165980107150972,0,0.00023937009973451495
"Каспи банкиның сайттарында неше мезгілде сатып алу әмжиндігіне баяндайды. Белgiлиште, цендері кемейгендеулерге болады, бірақ техникалау жетишті емес. Жалпысынан жеңілді.",1,qwen_2.5_7b,169,medium,consumer_reviews,649,"Каспи банк -иның сайт -тары -нда неше мезгіл -де сатып алу әмжиндіг -і -не баяндайды. Белgiлиште, цен -дері кемейгендеу -лер -ге болады, бірақ техникалау жетиш -ті емес. Жалпы -сы -нан жеңілді.",0,0.004300366155803204,0,0.0003877488197758794,0,0.002192974090576172
"Каспи банда сатып алу мүмкіндігі бар. Банка әртүрлі суреттер мен нәтижелерге қадам орнатады, бірақ бағаларында қана басқа компаниялармен тығыздық кездешеді.",1,qwen_2.5_7b,156,medium,consumer_reviews,650,"Каспи банда сатып алу мүмкіндіг -і бар. Банк -а әртүрл -і сурет -тер мен нәтиже -лер -ге қада -м орнатады, бірақ баға -лары -нда қана бас -қа компания -лар -мен тығыздық кездешеді.",1,0.9994626641273499,0,0.011775966733694077,0,0.0010150858433917165
Каспи банка келесілермен қамтитын: негизгі барысмартырулар мен растайына! Сатып алған мемлекеттік теңиштерден кейін қолданбалық орналасқан және табиғаттан кездестірен бағалап келе кала,1,qwen_2.5_7b,184,medium,consumer_reviews,651,Каспи банк -а келесі -лер -мен қамтитын: негизг -і барысмартыру -лар мен растайына! Сатып алған мемлекеттік теңиш -тер -ден кейін қолданбалық орналас -қан және табиғат -тан кездестірен бағалап келе кала,0,0.00035103075788356364,0,0.00038180474075488746,0,0.0002851311000995338
Каспи банка Казипенге куралуға маңызды реттеу бар. Банка менімен мезгілді тиімділікті жеңеді және сапа терсілер бар деп белгілейді. Сондықтан оқушылықтарға турмырдан келеді.,1,qwen_2.5_7b,173,medium,consumer_reviews,652,Каспи банк -а Казипен -ге куралу -ға маңыз -ды реттеу бар. Банк -а мен -і -мен мезгіл -ді тиімділік -ті жең -еді және сапа терсі -лер бар деп белгілейді. Сондық -тан оқушылық -тар -ға турмыр -дан келеді.,0,0.010925427079200745,0,0.0012342341942712665,0,0.0008483672281727195
"Каспи банда онлайн сатып алу мүмкіндігі бар. Аз мацераны менің мамиле менен тырысқанда, саптама растет болса да, нәтижелер оң. Кредиттер, депозиттер және ішкі покупкалар тиімділікті артура",1,qwen_2.5_7b,188,medium,consumer_reviews,653,"Каспи банда онлайн сатып алу мүмкіндіг -і бар. Аз мацера -ны мені -ң мамиле менен тырысқанда, саптама растет болса да, нәтиже -лер оң. Кредиттер, депозит -тер және ішк -і покупка -лар тиімділік -ті артура",1,0.9994033575057983,1,0.7035073637962341,0,0.0013630513567477465
Каспи банда сапаты бар. Сәтте маңызды негізгі функцияларды қамтиды және танымал адмін панельді болытуы мүмкін.,1,qwen_2.5_7b,110,medium,consumer_reviews,654,Каспи банда сапа -ты бар. Сәт -те маңыз -ды негізг -і функция -лар -ды қамти -ды және танымал адмін панель -ді болыту -ы мүмкін.,1,0.6734341979026794,0,0.0013163321418687701,0,0.0006545388023369014
"Каспи банда сәтті басқарма және негизгі мәліметтері оңай доступтап, табу мүмкін. Банка менен болашақтан пайдалануым дегенде кейбір техникалық суроулармен турумын, бірақ шарттар маңызды р",1,qwen_2.5_7b,186,medium,consumer_reviews,655,"Каспи банда сәт -ті басқарма және негизг -і мәлімет -тері оңай доступтап, табу мүмкін. Банк -а менен болашақ -тан пайдалануы -м деге -нде кейбір техникалық суроу -лар -мен турумын, бірақ шарт -тар маңыз -ды р",0,0.00402956223115325,0,0.0004712606605608016,0,0.0016680412227287889
"Каспи банка онлайн платформасы сыняқ, барысқа шетті және оң іздеп ету мүмкіндігі береді. Келесі нәтижелерден тығызу керек болады.",1,qwen_2.5_7b,129,medium,consumer_reviews,656,"Каспи банк -а онлайн платформа -сы сыняқ, барыс -қа шет -ті және оң іздеп ету мүмкіндіг -і береді. Келе -сі нәтиже -лер -ден тығызу керек болады.",1,0.9265283346176147,0,0.0025051285047084093,0,0.006068573333323002
Каспи банда онлайн покупкалық мәтінділер бар. Алар уюмдық ішінен жана көптеген товардармен болғанын айтады. Немесе: Каспи банда онлайн покупкалар негизінде сапатталмаған. Товардар ретінde маңгыздықтар мен де тын,1,qwen_2.5_7b,211,medium,consumer_reviews,657,Каспи банда онлайн покупкалық мәтінді -лер бар. Алар уюмдық іші -нен жана көп -те -ген товар -дармен болғанын айтады. Немесе: Каспи банда онлайн покупка -лар негиз -і -нде сапатталмаған. Товар -дар ретінde маңгыздық -тар мен де тын,0,0.0004018101317342371,0,0.0002835647319443524,0,0.0003479946171864867
"Каспи банка KZда маңызды сатып алу мүмкіндігі бар. Сапат нәтижелері дұryлып отыр, қолданыс жөнінде кездейтін неше функция бар. Клиенттерден кездірілген оқиғалар туралы маңы",1,qwen_2.5_7b,172,medium,consumer_reviews,658,"Каспи банк -а KZда маңыз -ды сатып алу мүмкіндіг -і бар. Сапат нәтиже -лері дұryлып отыр, қолданыс жөн -і -нде кез -де -йтін неше функция бар. Клиент -терден кездіріл -ген оқиға -лар турал -ы маң -ы",0,0.2280983030796051,0,0.0006673323223367333,0,0.0008785017998889089
"Каспи банда болашақ келген менен кездейсіз. Барлық процесстер жаратылышуы мемез, беттен тартылуышы және оюнталуы мүмкіндіктіздірілетінің бойынша маңгызды. Альбомдар мен солжыру туралы",1,qwen_2.5_7b,183,medium,consumer_reviews,659,"Каспи банда болашақ кел -ген менен кездейсіз. Барлық процесс -тер жаратылышу -ы мемез, бет -тен тартылуыш -ы және оюнталу -ы мүмкіндіктіздірілет -і -нің бойынша маңгызды. Альбом -дар мен солжыру турал -ы",0,0.0002512859646230936,0,0.00023769373365212232,0,0.00017965846927836537
"Каспи банка онлайн сатып алу过程如下：
1. 打开Kaspi.kz网站或应用程序。
2. 在搜索栏中输入您想要的商品名称，然后按回车键或点击放大镜图标进行搜索。
3. 浏览搜索结果并选择您感兴趣的商品。查看商品详情页，包括价格、规格和用户评价等信息。
4. 点击“加入购物车”或将商品直接添加到订单中。",1,qwen_2.5_7b,165,medium,consumer_reviews,660,Каспи банк -а онлайн сатып алу过程如下： 1. 打开Kaspi.kz网站或应用程序。 2. 在搜索栏中输入您想要的商品名称，然后按回车键或点击放大镜图标进行搜索。 3. 浏览搜索结果并选择您感兴趣的商品。查看商品详情页，包括价格、规格和用户评价等信息。 4. 点击“加入购物车”或将商品直接添加到订单中。,0,0.0433267280459404,0,0.05116982385516167,0,0.0004622892593033612
Каспи банда барлық әртүрлі негизгі мүндеттерге қатысты маңызды мақсаттар мен удобдылыктар орындалады. Толығырақ ізденуге болады және онлайн түндірмеге жеткенде алудан да жоюға жария,1,qwen_2.5_7b,181,medium,consumer_reviews,661,Каспи банда барлық әртүрл -і негизг -і мүндет -тер -ге қатыс -ты маңыз -ды мақсат -тар мен удобдылык -тар орындалады. Толығырақ іздену -ге бол -ады және онлайн түндірме -ге жетке -нде алу -дан да жою -ға жария,0,0.00030024314764887094,0,0.00023685581982135773,0,0.00040292480844073
Каспи банкиның сайттарына онлайн әдістейден пайдалану менен сапармен сурайман. Ақыл алуға мүмкіндік береді және бастаулары жетілдірілген. Доступ болғанымен және негізгі функцияларымен қорект,1,qwen_2.5_7b,190,medium,consumer_reviews,662,Каспи банк -иның сайт -тары -на онлайн әдістей -ден пайдалану менен сапар -мен сурайман. Ақыл алу -ға мүмкіндік бер -еді және бастау -лары жетілдірілген. Доступ болған -ы -мен және негізг -і функция -лары -мен қорект,0,0.00019739966955967247,0,0.0003325754078105092,0,0.0006756502552889287
"Каспи банда сатып алу менен танымым. Жоғары мезгілдікке ээ, брокерлермен дұрыс жұмысты; беті удобтап, мәліметтер бергенде маңызды. Рейтинги да тығындайды.",1,qwen_2.5_7b,154,medium,consumer_reviews,663,"Каспи банда сатып алу менен танымым. Жоғар -ы мезгілдік -ке ээ, брокер -лер -мен дұрыс жұмысты; бет -і удобтап, мәлімет -тер берге -нде маңызды. Рейтинги да тығындайды.",1,0.983121931552887,0,0.004684025421738625,0,0.036406729370355606
"Каспи банда қоюға жол бере алмастырылып, менге нәтижесінен сәмір болды. Кредит береді, тарихи хабарласырат, мемлекеттік саясатта да көптеген орнына ээ. Альтернативалармен салаңыз дейм",1,qwen_2.5_7b,183,medium,consumer_reviews,664,"Каспи банда қою -ға жол бере алмастырылып, мен -ге нәтиже -сі -нен сәмір болды. Кредит береді, тарихи хабарласырат, мемлекеттік саясат -та да көп -те -ген орн -ы -на ээ. Альтернатива -лар -мен сала -ңыз дей -м",0,0.0004240750859025866,0,0.0004526872653514147,0,0.0006640333449468017
Каспи банка магазинінің онлайн платформасына әдетте келген оң және тура. Алда кездейсоқ нәтижелер береді және қолданушыларға мыnzаман бағдарламаларды тұруға болады.,1,qwen_2.5_7b,164,medium,consumer_reviews,665,Каспи банк -а магазин -і -нің онлайн платформа -сы -на әдет -те кел -ген оң және тура. Алда кездейсоқ нәтиже -лер бер -еді және қолданушы -лар -ға мыnzаман бағдарлама -лар -ды тұру -ға болады.,1,0.7224940657615662,0,0.0003569842374417931,0,0.0002529228513594717
"Каспи банда сәттер мен келесілер менен қорналанады. Жетімді және жаныбай, бірақ онлайн платформасындағы функциялары мемлекеттігімен бақылаудың нерселерін орындайды. Сатып алған кейде маған",1,qwen_2.5_7b,188,medium,consumer_reviews,666,"Каспи банда сәт -тер мен келесі -лер менен қорналанады. Жеті -м -ді және жаныбай, бірақ онлайн платформасындағ -ы функция -лары мемлекеттіг -і -мен бақылау -дың нерселерін орындайды. Сатып алған кей -де маған",0,0.0037680587265640497,0,0.00037111397250555456,0,0.0008833761676214635
Каспи банда сәтті беттер жана мүмкіндіктері бар. Онлайн әртүрлі накты сатып алуға болады. Себебі удобстығы және сапа таржыма орналасқан.,1,qwen_2.5_7b,136,medium,consumer_reviews,667,Каспи банда сәт -ті бет -тер жана мүмкіндік -тері бар. Онлайн әртүрл -і нак -ты сатып алу -ға болады. Себеб -і удобстығ -ы және сапа таржыма орналасқан.,0,0.002165301702916622,0,0.0021898963022977114,0,0.0008849570876918733
Каспи банда сатып алу өтімі менің нәтижімімен танымын. Меньшік пен орта саясатына байланыштыру мүмкіндігі болып табылады. Потенциалдық покуптерге сапардың маңызды беттерін жана,1,qwen_2.5_7b,176,medium,consumer_reviews,668,Каспи банда сатып алу өтім -і мені -ң нәтижім -і -мен танымын. Меньшік пен орта саясат -ы -на байланыштыру мүмкіндіг -і болып табылады. Потенциалдық покуп -тер -ге сапар -дың маңыз -ды беттерін жана,0,0.0048865363933146,0,0.0011649089865386486,0,0.00028682834818027914
Каспи банда әдетте маңгыздармен сатып алуға мүмкіндік береді. Саптаманы қорытуы және достукты бағалаушы менен болып табылады. Эсептер жетишікке жол аудармаға да көптеген нәтижелер,1,qwen_2.5_7b,179,medium,consumer_reviews,669,Каспи банда әдет -те маңгыз -дар -мен сатып алу -ға мүмкіндік береді. Саптама -ны қорыту -ы және достук -ты бағалауш -ы менен болып табылады. Эсеп -тер жетишік -ке жол аударма -ға да көп -те -ген нәтиже -лер,0,0.12189289182424545,0,0.000923807907383889,0,0.002438998781144619
"Каспи банда сәттер мен келесілермен қоректенген. Сатып алған миқаткерлерге қоюм. Аз каштану және жетиштеудің маңызды. Эгер сейри болса, қолдануға қатысты кезеңдері жоқ.",1,qwen_2.5_7b,168,medium,consumer_reviews,670,"Каспи банда сәт -тер мен келесі -лер -мен қоректенген. Сатып алған миқаткер -лер -ге қоюм. Аз каштану және жетиштеу -дің маңызды. Эгер сейри болса, қолдану -ға қатыс -ты кезең -дері жоқ.",1,0.9991233944892883,1,0.7832619547843933,0,0.007917004637420177
"Каспи банда сәтте бармын! Рахметіміздің банна! Ақпараттық адам болып саналады, сатып алу мүмкіндіктері бар және негизгі функциялар толығырақ. Сатып алумен да оюнда маңызды!",1,qwen_2.5_7b,172,medium,consumer_reviews,671,"Каспи банда сәт -те бармын! Рахмет -іміз -дің банна! Ақпараттық ада -м болып саналады, сатып алу мүмкіндік -тері бар және негизг -і функция -лар толығырақ. Сатып алу -мен да оюнда маңызды!",1,0.9978055357933044,1,0.970036506652832,0,0.004366463981568813
Каспи банда болашақ магазиндері мен онлайн сатып алу процессіне уәрсіздігімді емес етеді. Сатып алған товардар оңай кездесті жана аптап доставка берді. Рейтинги қоюм 6/10.,1,qwen_2.5_7b,171,medium,consumer_reviews,672,Каспи банда болашақ магазин -дері мен онлайн сатып алу процес -сі -не уәрсіздігі -м -ді емес етеді. Сатып алған товар -дар оңай кездес -ті жана аптап доставка берді. Рейтинги қою -м 6/10.,1,0.9946357607841492,0,0.07496810704469681,0,0.0008496835362166166
"Каспи банкиның онлайн магазині жоғары ретtedен әртүрлі товардарды оффердастыруға болады. Белгілі бөлменdeerде сапар аркылуудан сапаратын арттырылат, мен арналған акциялар да кездешеді. Оларды",1,qwen_2.5_7b,191,medium,consumer_reviews,673,"Каспи банк -иның онлайн магази -ні жоғар -ы ретtedен әртүрл -і товар -дарды оффердастыру -ға болады. Белгіл -і бөлменdeer -де сапар аркылуу -дан сапар -атын арттырылат, мен арна -лған акция -лар да кездешеді. Олар -ды",0,0.0006179796764627099,0,0.0003292631881777197,0,0.00017558981198817492
"Каспи банда қолданылуы негизгі мүмкіндіктері бар. Сатып алудан жетиштік, растеленген менеджмент және тез доставка.",1,qwen_2.5_7b,114,medium,consumer_reviews,674,"Каспи банда қолданылу -ы негизг -і мүмкіндік -тері бар. Сатып алу -дан жетиштік, растелен -ген менеджмент және тез доставка -.",0,0.2549895644187927,0,0.0035833455622196198,0,0.0031846885103732347
"Каспи банда әдетте маңгызды сапармен магала орнатады. Жетімді уақыттан бері мейdana выратталады, ал эле нәтижелерге қоректенеді.",1,qwen_2.5_7b,128,medium,consumer_reviews,675,"Каспи банда әдет -те маңгыз -ды сапар -мен магала орнатады. Жеті -м -ді уақыт -тан бер -і мейdana выратталады, ал эле нәтиже -лер -ге қоректенеді.",0,0.006980460602790117,0,0.0020231357775628567,0,0.0004326675261836499
"Каспи банда сыйлық берейттер! Банка толық нәтижелер мен адамдарды бойынша бақылауды маңызды тастыктармен ойндайды. Адамдар да тыңдап келет, бірақ мен альянс менен табиғатты жүргізу мүмкі",1,qwen_2.5_7b,186,medium,consumer_reviews,676,"Каспи банда сыйлық берейттер! Банк -а толық нәтиже -лер мен адам -дар -ды бойынша бақылау -ды маңыз -ды тастык -тар -мен ойндайды. Адам -дар да тыңдап келет, бірақ мен альянс менен табиғат -ты жүргізу мүмк -і",1,0.8874307870864868,0,0.0027740865480154753,0,0.0005474850186146796
"Каспи банда әмбейт мен саптаманы орындаймын. Сатып аладым денса, ценелер маңызды. Аз мезгілге рахмет!",1,qwen_2.5_7b,101,medium,consumer_reviews,677,"Каспи банда әмбейт мен саптама -ны орындаймын. Сатып алады -м денса, цене -лер маңызды. Аз мезгіл -ге рахмет!",1,0.8629773259162903,0,0.37265074253082275,0,0.001524246297776699
"Каспи банда барлық магазиндерден пайдалануы менге керекті болды. Сатып алған мамиле менен сурануу умумисе маңгылап, көбейтуден жетиштірілушы және негиздеп отыратын негіздермен жетілді",1,qwen_2.5_7b,183,medium,consumer_reviews,678,"Каспи банда барлық магазин -дер -ден пайдалану -ы мен -ге керек -ті болды. Сатып алған мамиле менен сурануу умумисе маңгылап, көбейту -ден жетиштірілуш -ы және негиздеп отыр -атын негіз -дер -мен жетіл -ді",0,0.0003701370151247829,0,0.0004475182213354856,0,0.00046106299851089716
"Каспи банда әртүрлі зейінділермен борда. Негизгі функциялардың негизгі орналасуы және удобстықтары менен толығырақ жеткілікті. Тиімді жеңиштерден кездеседі, бірақ қадамдар кө",1,qwen_2.5_7b,174,medium,consumer_reviews,679,"Каспи банда әртүрл -і зейінді -лер -мен борда. Негизг -і функция -лар -дың негизг -і орналасу -ы және удобстық -тары менен толығырақ жеткілікті. Тиі -м -ді жеңиш -тер -ден кездеседі, бірақ қадам -дар кө",0,0.0007043472141958773,0,0.0004454765294212848,0,0.0017087383894249797
Каспи банда сәтті басқару болып табылады. Рахметтер менен мүмкіндіктерін береді.,1,qwen_2.5_7b,80,medium,consumer_reviews,680,Каспи банда сәт -ті басқару болып табылады. Рахмет -тер менен мүмкіндіктерін береді.,0,0.05691339448094368,0,0.002042333362624049,0,0.15026412904262543
"Каспи банка онлайн сатып алу过程如下：

1. 打开Kaspi.kz网站或下载其应用程序。
2. 在搜索栏中输入您想要的商品名称。
3. 浏览结果并选择感兴趣的产品，点击“购买”按钮。
4. 登录您的账户或者创建一个新账户进行注册。
5. 填写必要的信息如收货地址、支付方式等，并确认订单详情。
6. 完成",1,qwen_2.5_7b,167,medium,consumer_reviews,681,Каспи банк -а онлайн сатып алу过程如下： 1. 打开Kaspi.kz网站或下载其应用程序。 2. 在搜索栏中输入您想要的商品名称。 3. 浏览结果并选择感兴趣的产品，点击“购买”按钮。 4. 登录您的账户或者创建一个新账户进行注册。 5. 填写必要的信息如收货地址、支付方式等，并确认订单详情。 6. 完成,0,0.02260456793010235,0,0.04404061287641525,0,0.0004509672289714217
Каспи банда сәтті және растық берет. Ал сәтті навигациясы мен көптеген мүнөздері бар.,1,qwen_2.5_7b,85,medium,consumer_reviews,682,Каспи банда сәт -ті және растық берет. Ал сәт -ті навигация -сы мен көп -те -ген мүнөз -дері бар.,0,0.00032897136406973004,0,0.00034128932747989893,0,0.002468493999913335
"Каспи банка онлайн сатып алу процессінде маңгылап, удобстық және скоротті. Себетте магаштыру, даунлоад кезіндегі жана басқа операцияларды орындауда кездейсоқ болды. Рейтинги жоғары!",1,qwen_2.5_7b,181,medium,consumer_reviews,683,"Каспи банк -а онлайн сатып алу процес -сі -нде маңгылап, удобстық және скоротті. Себет -те магаштыру, даунлоад кезіндег -і жана бас -қа операция -лар -ды орындау -да кездейсоқ болды. Рейтинги жоғары!",1,0.998703122138977,0,0.154808908700943,0,0.0002813564788084477
"Каспи банка келесілерге даяран: әлеуметтік қолданбайлықты жетілдіруі, маңгызды ою пландары мен онлайн төлөм жөндөмділігі. Барлық мүшелерден кездейсіз көрінеді!",1,qwen_2.5_7b,159,medium,consumer_reviews,684,"Каспи банк -а келесі -лер -ге даяран: әлеуметтік қолданбайлық -ты жетілдіруі, маңгыз -ды ою план -дары мен онлайн төлө -м жөндөмділігі. Барлық мүше -лер -ден кездейсіз көрінеді!",0,0.0024054478853940964,0,0.001562506309710443,0,0.0001795346470316872
Каспи бандаң онлайн магазині негизделген оюн жолдары мен электрондық платформалары менен байланыстырылуы маанилы. Кеңімden оларды қолданумен даудандау кезіндегі неше заттарды сейриеттеді. Товарларды же услугин сатып,1,qwen_2.5_7b,215,medium,consumer_reviews,685,Каспи банда -ң онлайн магази -ні негиздел -ген оюн жол -дары мен электрондық платформа -лары менен байланыстырылу -ы маанилы. Кеңімden олар -ды қолдану -мен даудандау кезіндег -і неше зат -тар -ды сейриеттеді. Товар -ларды же услугин сатып,0,0.0005942907300777733,0,0.00032830057898536325,0,0.00015035337128210813
Каспи банда сенімді және қолданылысқыш сатып алу мүмкіндігі бар. Банка маңызды саппорт мен навигациялау да қажетті болып табылады.,1,qwen_2.5_7b,130,medium,consumer_reviews,686,Каспи банда сені -м -ді және қолданылысқыш сатып алу мүмкіндіг -і бар. Банк -а маңыз -ды саппорт мен навигациялау да қажет -ті болып табылады.,1,0.9992989301681519,0,0.22425155341625214,0,0.0006978085730224848
"Каспи банка онлайн платформасына даяр менен сыйлық беременім. Банкинфо, сапорт және толық функциялары бар. Себептерімізді ойндаймын!",1,qwen_2.5_7b,132,medium,consumer_reviews,687,"Каспи банк -а онлайн платформа -сы -на даяр менен сыйлық беременім. Банк -инфо, сапорт және толық функция -лары бар. Себеп -теріміз -ді ойндаймын!",0,0.004167649429291487,0,0.009090164676308632,0,0.0004005316586699337
"Каспи банда сыйлық беремен! Алардың онлайн магазині удобтап, нәтижелері маңгызды.",1,qwen_2.5_7b,81,medium,consumer_reviews,688,"Каспи банда сыйлық беремен! Алар -дың онлайн магази -ні удобтап, нәтиже -лері маңгызды.",0,0.0018552549881860614,0,0.0015695594483986497,0,0.00020056136418133974
Каспи банка сынақтары мен сортулары бар. Анықтаманы орындай алады және негизгі функцияларды маңызды түсіну мүмкін. Сатып алуы да мүмкін.,1,qwen_2.5_7b,136,medium,consumer_reviews,689,Каспи банк -а сынақ -тары мен сорту -лары бар. Анықтама -ны орындай ала -ды және негизг -і функция -лар -ды маңыз -ды түсіну мүмкін. Сатып алу -ы да мүмкін.,1,0.9998170733451843,1,0.8025951981544495,0,0.0030631881672888994
"Каспи банда барлық мүмкіндіктерімен панорамада маңызды кездеседі. Банка сынақтануы, кредит беруі және онлайн төлбіруі менен толық негиз орнатылады. Технологиялардың қолданылуы - бағдарламал",1,qwen_2.5_7b,189,medium,consumer_reviews,690,"Каспи банда барлық мүмкіндік -тері -мен панорама -да маңыз -ды кездеседі. Банк -а сынақтануы, кредит беру -і және онлайн төлбіру -і менен толық негиз орнатылады. Технология -лар -дың қолданылу -ы - бағдарламал",0,0.10648342221975327,0,0.0009594926959834993,0,0.0009641589713282883
"Каспи банда қолданылуыштың маңызды. Барлық мүмкіндіктер бар, әсемдікті қамтитын жана табиғательдікке ие. Сатып алаганда келген нәтижелерге сенімді болған.",1,qwen_2.5_7b,154,medium,consumer_reviews,691,"Каспи банда қолданылуыш -тың маңызды. Барлық мүмкіндік -тер бар, әсемдік -ті қамтитын жана табиғательдік -ке ие. Сатып алага -нда кел -ген нәтиже -лер -ге сені -м -ді болған.",1,0.99954754114151,0,0.009343232959508896,0,0.002236464060842991
"Каспи банкиның онлайн магазинін кездештіреді. Нәтижелер негизіндегі, қолданушылар маңгызды баулы мен қорғаулар арқылы турмырақ болады.",1,qwen_2.5_7b,134,medium,consumer_reviews,692,"Каспи банк -иның онлайн магазинін кездештіреді. Нәтиже -лер негизіндегі, қолданушы -лар маңгыз -ды баул -ы мен қорғау -лар арқыл -ы турмырақ болады.",0,0.0010612589539960027,0,0.0005689925164915621,0,0.00017845752881839871
Каспи банда әсерлері негизделықтан мүмкіндіктіктер мен удобтылықты береді. Онлайн таржыма жүргізу күчті және оңай.,1,qwen_2.5_7b,114,medium,consumer_reviews,693,Каспи банда әсер -лері негизделық -тан мүмкіндіктік -тер мен удобтылық -ты береді. Онлайн таржыма жүргізу күч -ті және оңай.,1,0.6390806436538696,0,0.008373054675757885,0,0.009243190288543701
"Каспи банда сатып алу мүмкіндігі бар. Банка да маңызды пайдалы, сапаты кездейсіз және көптеген банка атқарымдары бар. Адамдар олдан табиғатқа сада болады.",1,qwen_2.5_7b,154,medium,consumer_reviews,694,"Каспи банда сатып алу мүмкіндіг -і бар. Банк -а да маңыз -ды пайдалы, сапа -ты кездейсіз және көп -те -ген банк -а атқарым -дары бар. Адам -дар олдан табиғат -қа сада болады.",0,0.25116240978240967,0,0.002279699081555009,0,0.0022531934082508087
"Каспи банда әдетте маңызды санында магазиндері бар. Алардың навигациясы және архитектурасы да дұryмдық. Берилген кіру кезінде оюмналуы жоқ, бірақ растеттеді.",1,qwen_2.5_7b,157,medium,consumer_reviews,695,"Каспи банда әдет -те маңыз -ды сан -ы -нда магазин -дері бар. Алар -дың навигация -сы және архитектура -сы да дұryмдық. Берил -ген кіру кез -і -нде оюмналу -ы жоқ, бірақ растеттеді.",0,0.10950998961925507,0,0.0004953040042892098,0,0.00047693029046058655
"Каспи банка негизделгендан сонара қажетті мамиелермен барылады. Кредит беруден, карточкалардың әртүрлі түрлеріне дейін. Сапаттар оңай функциональды, бирікті线索推理题：根据给定的银行信息，判断哪些选项是正确的。
背景信息",1,qwen_2.5_7b,188,medium,consumer_reviews,696,"Каспи банк -а негизделген -дан сонара қажет -ті мамие -лер -мен барылады. Кредит беруден, карточка -лар -дың әртүрл -і түр -лері -не дейін. Сапат -тар оңай функциональды, бирікті线索推理题：根据给定的银行信息，判断哪些选项是正确的。 背景信息",0,0.0014329678378999233,0,0.0005712442798539996,0,0.00038478182977996767
Каспи банда сатып алу мүмкіндігін нешеcreateElement('br') камера мен навигациялық прилермен пайдалануға болады. Бул процесс удобстыру мен ізденуге жардам береді.,1,qwen_2.5_7b,161,medium,consumer_reviews,697,Каспи банда сатып алу мүмкіндігін нешеcreateElement('br') камера мен навигациялық при -лер -мен пайдалану -ға болады. Бул процесс удобстыру мен іздену -ге жарда -м береді.,1,0.9203456044197083,0,0.02662339061498642,0,0.0008017470245249569
"Каспи банда сатып алу менеджмениң нәтижелері кейбі线索启动，开始生成符合要求的评论：
购物体验非常好。网站加载速度快，商品种类多，支付过程简单方便。强烈推荐！",1,qwen_2.5_7b,104,medium,consumer_reviews,698,Каспи банда сатып алу менеджмени -ң нәтиже -лері кейбі线索启动，开始生成符合要求的评论： 购物体验非常好。网站加载速度快，商品种类多，支付过程简单方便。强烈推荐！,0,0.00960038136690855,0,0.00523621030151844,0,0.0005061906413175166
"Каспи банка сынақтары мен келтірулері бар, әсептеушілерге мезгіл береді. Негизделген оюндадан, ал орта узактыктарда да негізгі функцияларды қамтимайды. Анықталған шарттарда маңызды.",1,qwen_2.5_7b,181,medium,consumer_reviews,699,"Каспи банк -а сынақ -тары мен келтіру -лері бар, әсептеуші -лер -ге мезгіл береді. Негиздел -ген оюндадан, ал орта узактык -тар -да да негізг -і функция -лар -ды қамтимайды. Анықтал -ған шарт -тар -да маңызды.",0,0.005943700205534697,0,0.0003776438534259796,0,0.0008249713573604822
Каспи банкиның сайты сыяктуу функциялармен және негизгі маңызды мәтіндік інформация менен бақылаудан ыңғайлы болды. Сіздерге рекомендедім!,1,qwen_2.5_7b,138,medium,consumer_reviews,700,Каспи банк -иның сай -ты сыяктуу функция -лар -мен және негизг -і маңыз -ды мәтіндік інформация менен бақылау -дан ыңғайл -ы болды. Сіз -дер -ге рекомендедім!,0,0.3262900710105896,0,0.0028578205965459347,0,0.0003881614247802645
"Каспи банкиның онлайн магазинін сатып алу әртүрлі неше рет қолданган. Ақпаратты ортоқ, бірлесқан жана қорғауы негизделген. Белгісіздік бергендерден да маңызды. Себебі ішінен",1,qwen_2.5_7b,173,medium,consumer_reviews,701,"Каспи банк -иның онлайн магазинін сатып алу әртүрл -і неше рет қолданган. Ақпарат -ты ортоқ, бірлес -қан жана қорғау -ы негизделген. Белгісіздік берген -дер -ден да маңызды. Себеб -і іші -нен",0,0.0002892069169320166,0,0.0005625886842608452,0,0.000358805526047945
Каспи банка онлайн-салынышы менің қолымдастыру облыстарында маңызды. Сәтті беттерден туралы жоғары бағалаушым!,1,qwen_2.5_7b,110,medium,consumer_reviews,702,Каспи банк -а онлайн-салыныш -ы мені -ң қолымдастыру облыс -тары -нда маңызды. Сәт -ті бет -тер -ден турал -ы жоғар -ы бағалаушым!,1,0.8217267990112305,0,0.0008371896110475063,0,0.00014891201863065362
"Каспи банда онлайн сатып алу әртүрлі ықзартыла отырып, маңгыздар менен сапармен аталады. Банда сатып алынуы реттеңіз және даунлоудан кейін оңай пайдалану мүмкіндігі бар.",1,qwen_2.5_7b,169,medium,consumer_reviews,703,"Каспи банда онлайн сатып алу әртүрл -і ықзартыла отырып, маңгыз -дар менен сапар -мен аталады. Банда сатып алыну -ы ретте -ңіз және даунлоу -дан кейін оңай пайдалану мүмкіндіг -і бар.",1,0.9969049096107483,1,0.8590465188026428,0,0.0008947312016971409
"Каспи банда сатып алу менен кейбір неше проблеманы білдіреді. Мисалы, қаржы реттеушілерден суреттігін жетілдетуде мақсатқа жетмеді. Бірақ толық служба нәтижелеріне барады және қ",1,qwen_2.5_7b,177,medium,consumer_reviews,704,"Каспи банда сатып алу менен кейбір неше проблема -ны білдіреді. Мисалы, қарж -ы реттеуші -лер -ден суреттігін жетілдету -де мақсат -қа жетмеді. Бірақ толық служба нәтиже -лері -не бар -ады және қ",0,0.001022754586301744,0,0.0009033186361193657,0,0.004840785637497902
Каспи банда әдетте маңызды сапармен қолдану мүмкіндігі бар. Сатып алудан кейін мына нәтижелерді береді. Ал масибетті болады же оюмандар мен жумуштануімен алыстыруға көмектесті. Функциона,1,qwen_2.5_7b,186,medium,consumer_reviews,705,Каспи банда әдет -те маңыз -ды сапар -мен қолдану мүмкіндіг -і бар. Сатып алу -дан кейін мына нәтиже -лер -ді береді. Ал масибет -ті бол -ады же оюман -дар мен жумуштану -і -мен алыстыру -ға көмектесті. Функцио -на,1,0.8911970853805542,0,0.002831812249496579,0,0.0031436835415661335
"Каспи банда сапар қажет болса, бул магазиндегі әртүрлі товардар мен накты сатып алу мақсатына көмектеседі. Толығырақ сабиқтар жана удобтасierce орталықтанышы арқылы да клиенттерге жоғары服务质量令人满意",1,qwen_2.5_7b,194,medium,consumer_reviews,706,"Каспи банда сапар қажет болса, бул магазиндег -і әртүрл -і товар -дар мен нак -ты сатып алу мақсат -ы -на көмектеседі. Толығырақ сабиқ -тар жана удобтасierce орталықтаныш -ы арқыл -ы да клиент -терге жоғары服务质量令人满意",0,0.02485349029302597,0,0.0007694627274759114,0,0.00021173912682570517
"Каспи банда жетиштік мен аталап, әдетте натыйжаткерейтін бағдарлама. Сатып алған сินдин деңгэйі тура, бірақ қолданушы денсаулығынан тыныс мемелейтініне айналдыруі маңызды. К",1,qwen_2.5_7b,173,medium,consumer_reviews,707,"Каспи банда жетиштік мен аталап, әдет -те натыйжаткере -йтін бағдарлама. Сатып алған сินдин деңгэй -і тура, бірақ қолдануш -ы денсаулығ -ы -нан тыныс мемелейтін -і -не айналдыру -і маңызды. К",0,0.17788667976856232,0,0.000655726355034858,0,0.00026870175497606397
Каспи банда сапат мен сыймыр бар. Маңгұлаулары нәтижелермен кездеседі және миңделуден кейін реттеуге жетеді. Ақпараттары тура болашақтан орналасқан.,1,qwen_2.5_7b,148,medium,consumer_reviews,708,Каспи банда сапат мен сыймыр бар. Маңгұлау -лары нәтиже -лер -мен кездес -еді және миңделу -ден кейін реттеу -ге жетеді. Ақпарат -тары тура болашақ -тан орналасқан.,0,0.046552956104278564,0,0.005709560588002205,0,0.0010169858578592539
"Каспи банда әдетте маңызды мәртебеден қолданамын. Ал сапаттар мен банкка саясатына негизделген, барлық процесстер дайымен орындатылады. Белгілі ретте бірден не ішінше алатынын, бірақ умум",1,qwen_2.5_7b,187,medium,consumer_reviews,709,"Каспи банда әдет -те маңыз -ды мәртебе -ден қолданамын. Ал сапат -тар мен банк -ка саясат -ы -на негизделген, барлық процесс -тер дай -ы -мен орындатылады. Белгіл -і рет -те бір -ден не ішінше алатынын, бірақ уму -м",0,0.0008963203290477395,0,0.0004124957777094096,0,0.0028810808435082436
"Каспи бандағы онлайн сатып алу жоғары. Қоректенуі мүмкіндігінше жоғары, доставкаrapid және ценелер экономикалық.",1,qwen_2.5_7b,112,medium,consumer_reviews,710,"Каспи бандағ -ы онлайн сатып алу жоғары. Қоректену -і мүмкіндігінше жоғары, доставка -rapid және цене -лер экономикалық.",1,0.9956075549125671,1,0.5170502066612244,0,0.0010001889895647764
"Каспи банда әмселе менеджменті жақсы. Судан келген мәртебен коллидж убактилықтан барып, андан кейиңізді ойндап, алғашқы сынақта денсаунд системасының маңыздылығына байланышымен тыюнумен сый",1,qwen_2.5_7b,189,medium,consumer_reviews,711,"Каспи банда әмселе менеджмен -ті жақсы. Судан кел -ген мәрте -бен коллидж убактилық -тан барып, андан кейи -ңіз -ді ойндап, алғашқ -ы сынақ -та денсаунд система -сы -ның маңыздылығ -ы -на байланыш -ы -мен тыюну -мен сый",0,0.022411208599805832,0,0.0010732802329584956,0,0.00018401024863123894
"Каспи банка сын орналастырылып, әдеттен маанилы мен сапармен пайдалануы мүмкін. Сатып алудың нерселеріне каражат бергенде, агенттерге даяр ету үчін туралы білдіреді. Кейбір клиенттер бастам",1,qwen_2.5_7b,189,medium,consumer_reviews,712,"Каспи банк -а сын орналастырылып, әдет -тен маанил -ы мен сапар -мен пайдалану -ы мүмкін. Сатып алу -дың нерсе -лері -не каражат бергенде, агент -тер -ге даяр ету үчін турал -ы білдіреді. Кейбір клиент -тер баста -м",1,0.9906824827194214,0,0.011455090716481209,0,0.001637504668906331
"Каспи банда сәттер мен денса бетте мемлекеттік кестелермен пайдалануға болады. Банда маңызды сапарлар бар, олар кездештуі және кейбі clue келеді.",1,qwen_2.5_7b,145,medium,consumer_reviews,713,"Каспи банда сәт -тер мен денса бет -те мемлекеттік кесте -лер -мен пайдалану -ға болады. Банда маңыз -ды сапар -лар бар, олар кездешту -і және кейб -і clue келеді.",1,0.8156871795654297,0,0.001307116006501019,0,0.0005981537397019565
Каспи банкиның сайттарында сәлікті қолдану мүмкіндігін орындалады. Банка маңызды мәліметтерden пікір беріледі және негизгі функцияларды толық белгілі. Керекті інформациян табу,1,qwen_2.5_7b,175,medium,consumer_reviews,714,Каспи банк -иның сайт -тары -нда сәлік -ті қолдану мүмкіндігін орындалады. Банк -а маңыз -ды мәліметтерden пікір беріл -еді және негизг -і функция -лар -ды толық белгілі. Керек -ті інформациян табу,0,0.0004854648723267019,0,0.00030757469357922673,0,0.0009574891300871968
"Каспи бандағы онлайн магазинің менен иштері негизінде сыняқ жетиштігі және жоюлы сурадан оң болып табылады. Белгілі ретте да барлық товардар толығырақ жеқталады, заказ бергенден соң да жіберіледі",1,qwen_2.5_7b,195,medium,consumer_reviews,715,"Каспи бандағ -ы онлайн магази -нің менен иштері негиз -і -нде сыняқ жетиштіг -і және жоюл -ы сура -дан оң болып табылады. Белгіл -і рет -те да барлық товар -дар толығырақ жеқталады, заказ берген -ден соң да жіберіл -еді",0,0.0003762074338737875,0,0.00023205207253340632,0,0.00022948569676373154
"Каспи банка онлайн-данасыздары менен бірдей орындаған. Кейбір нәтижелері қана қажетті болса, бірақ мына алгачқа дамыту мүмкіндігі бар.",1,qwen_2.5_7b,134,medium,consumer_reviews,716,"Каспи банк -а онлайн-данасыз -дары менен бірдей орындаған. Кейбір нәтиже -лері қана қажет -ті болса, бірақ мына алгач -қа дамыту мүмкіндіг -і бар.",0,0.12968212366104126,0,0.032280322164297104,0,0.005785293411463499
"Каспи банка онлайн сатып алу过程如下：
1. 打开 Kaspi.kz 网站或应用。
2. 在搜索栏输入您想要购买的商品名称，然后按回车键进行搜索。
3. 浏览找到的在线商品列表，查看价格、图片和描述等信息。
4. 点击感兴趣的商品进入详情页面。
5. 如果需要，可以添加到购物车或者直接点击“立即购买”按钮",1,qwen_2.5_7b,167,medium,consumer_reviews,717,Каспи банк -а онлайн сатып алу过程如下： 1. 打开 Kaspi.kz 网站或应用。 2. 在搜索栏输入您想要购买的商品名称，然后按回车键进行搜索。 3. 浏览找到的在线商品列表，查看价格、图片和描述等信息。 4. 点击感兴趣的商品进入详情页面。 5. 如果需要，可以添加到购物车或者直接点击“立即购买”按钮,0,0.07796742022037506,0,0.10038895905017853,0,0.000452879088697955
"Каспи банда әлеуметтік сапармен маңызды орынданады. Кредиттер мен депозиттерге мүмкіндік береді, бірақ транзакциялық органина же тол put-тан келгенімен қажеттенуге болаша. Себебі оның платформасы ке",1,qwen_2.5_7b,198,medium,consumer_reviews,718,"Каспи банда әлеуметтік сапар -мен маңыз -ды орынданады. Кредит -тер мен депозит -тер -ге мүмкіндік береді, бірақ транзакциялық органи -на же тол put- -тан келген -і -мен қажеттену -ге болаша. Себеб -і оны -ң платформа -сы ке",0,0.033913593739271164,0,0.0031381812877953053,0,0.0007395768188871443
"Каспи банда сатып алу мүмкіндігі бар. Жетишті галелялер мен растаман орталығы нәтижесинен кездейсоқ. Тесттерге тапсыруға болады, бірақ ою үчірмесі жоқ. Себептерімен қорытуғ",1,qwen_2.5_7b,172,medium,consumer_reviews,719,"Каспи банда сатып алу мүмкіндіг -і бар. Жетиш -ті галеля -лер мен растаман орталығ -ы нәтижеси -нен кездейсоқ. Тест -тер -ге тапсыру -ға болады, бірақ ою үчірме -сі жоқ. Себеп -тері -мен қорытуғ",0,0.05229946970939636,0,0.0012506756465882063,0,0.0007099714130163193
Каспи банда сатып алу әдетте маңызды! Банктен магжетті рахмет алатын қадамдар ұсынылады және келген параны тез ақпанады. Оң пікір!,1,qwen_2.5_7b,130,medium,consumer_reviews,720,Каспи банда сатып алу әдет -те маңызды! Банк -тен магжет -ті рахмет алатын қадам -дар ұсыныл -ады және кел -ген пара -ны тез ақпанады. Оң пікір!,1,0.9994423985481262,0,0.21754208207130432,0,0.0009229581919498742
"Каспи банка онлайн сатып алу процессіна арналған. Саптаманы қажет етуі мүмкін, бирок технологиялық болашақтан орындалады. Менен дейін жоғары деңгэze орналасқан, әсіресіне тиімен доступ болады.",1,qwen_2.5_7b,192,medium,consumer_reviews,721,"Каспи банк -а онлайн сатып алу процес -сі -на арна -лған. Саптама -ны қажет ету -і мүмкін, бирок технологиялық болашақ -тан орындалады. Менен дейін жоғар -ы деңгэze орналасқан, әсіре -сі -не тиі -мен доступ болады.",1,0.977749764919281,0,0.004821729846298695,0,0.000832246383652091
"Каспи банкиның сайттан сатып алу processes тармактары дамытуы мүмкін. Банка маңызды мәтінді оқытқан мен адамдардан алмастыратын автоматты навигациялық системасы бар. Себептерімен, техникалық маселелер де болады, б",1,qwen_2.5_7b,213,medium,consumer_reviews,722,"Каспи банк -иның сайт -тан сатып алу processes тармак -тары дамыту -ы мүмкін. Банк -а маңыз -ды мәтін -ді оқыт -қан мен адам -дар -дан алмастыр -атын автомат -ты навигациялық система -сы бар. Себептерімен, техникалық маселе -лер де болады, б",0,0.006212322507053614,0,0.0007971844170242548,0,0.0003123179485555738
Каспи банда әртүрлі тармактар бойынша нәтижелер алындайды. Сатып алган адамдар сапатынан қоректенетін бағалаударды қолдану мен растау мүмкіндігі береді. Оның ішінде онлайн банкинг,1,qwen_2.5_7b,179,medium,consumer_reviews,723,Каспи банда әртүрл -і тармак -тар бойынша нәтиже -лер алындайды. Сатып алган адам -дар сапат -ы -нан қорек -тен -етін бағалау -дар -ды қолдану мен растау мүмкіндіг -і береді. Оны -ң іші -нде онлайн банк -инг,0,0.11756177991628647,0,0.0009392595384269953,0,0.00025237505906261504
Каспи банка Казипти жоғары бағдарламалық мәнсіздігі мен удобтылығы бойынша мына сапанда қажетті болып табылады. Сатып алудың процессі кез келгенде жоғары дәрежеден сәлALCHEMY астында оры,1,qwen_2.5_7b,186,medium,consumer_reviews,724,Каспи банк -а Казипти жоғар -ы бағдарламалық мәнсіздіг -і мен удобтылығ -ы бойынша мына сапа -нда қажет -ті болып табылады. Сатып алу -дың процес -сі кез келге -нде жоғар -ы дәреже -ден сәлALCHEMY аст -ы -нда оры,0,0.014345104806125164,0,0.0008609425276517868,0,0.0003253787581343204
"Каспи банкиның сайттан сатып алу过程如下：
1. 打开Kaspi.kz网站。
2. 浏览商品，选择感兴趣的商品点击购买。
3. 填写必要的信息（如收货地址、联系方式等）并确认订单详情。
4. 完成支付流程。确保使用安全的网络环境和验证支付方式的安全性。
5. 支付成功后等待商家发货，并注意跟踪物流",1,qwen_2.5_7b,165,medium,consumer_reviews,725,Каспи банк -иның сайт -тан сатып алу过程如下： 1. 打开Kaspi.kz网站。 2. 浏览商品，选择感兴趣的商品点击购买。 3. 填写必要的信息（如收货地址、联系方式等）并确认订单详情。 4. 完成支付流程。确保使用安全的网络环境和验证支付方式的安全性。 5. 支付成功后等待商家发货，并注意跟踪物流,0,0.003403246169909835,0,0.005053563974797726,0,0.00041363536729477346
"Каспи банда болашақ магазиндері мен онлайн платформаларының бір нерселі. Ал өздігінен оң мақсаттармен иштейт, адамдарға әдетте нәтижелерін береді. Бир нече покуптерден алардың туралы маңызды маған ба",1,qwen_2.5_7b,199,medium,consumer_reviews,726,"Каспи банда болашақ магазин -дері мен онлайн платформа -лары -ның бір нерселі. Ал өздіг -і -нен оң мақсат -тар -мен иштейт, адам -дар -ға әдет -те нәтижелерін береді. Бир нече покуп -тер -ден алар -дың турал -ы маңыз -ды маған ба",0,0.0010541400406509638,0,0.00023687609063927084,0,0.00018963478214573115
Каспи банда әлеуметтік саясатына нәтижелер оңай болып табылады. Барлық услуги толығымен доступtedі және іздеп отыр.,1,qwen_2.5_7b,115,medium,consumer_reviews,727,Каспи банда әлеуметтік саясат -ы -на нәтиже -лер оңай болып табылады. Барлық услуги толығ -ы -мен доступted -і және іздеп отыр.,0,0.0010099780047312379,0,0.0005074323853477836,0,0.010765152052044868
"Каспи банка онлайн сатып алу过程如下：

1. 打开Kaspi.kz网站或应用程序。
2. 在搜索栏中输入您想要的商品名称，然后按回车键进行搜索。
3. 浏览搜索结果，选择您感兴趣的商品并点击“购买”按钮。
4. 检查商品详情、价格和评价，确认无误后继续下单。
5. 登录您的账户（如果没有账户，则需要注册",1,qwen_2.5_7b,167,medium,consumer_reviews,728,Каспи банк -а онлайн сатып алу过程如下： 1. 打开Kaspi.kz网站或应用程序。 2. 在搜索栏中输入您想要的商品名称，然后按回车键进行搜索。 3. 浏览搜索结果，选择您感兴趣的商品并点击“购买”按钮。 4. 检查商品详情、价格和评价，确认无误后继续下单。 5. 登录您的账户（如果没有账户，则需要注册,0,0.04103267565369606,0,0.05116982385516167,0,0.0004622892593033612
Каспи банда сатып алу мүмкіндігі бар мен сәтте негизделген оқиғамды жетілдіруге болады. Алда жетишбей туралы маңызды інформация береді және толап келуден калинуадан кездешет.,1,qwen_2.5_7b,174,medium,consumer_reviews,729,Каспи банда сатып алу мүмкіндіг -і бар мен сәт -те негиздел -ген оқиға -м -ды жетілдіру -ге болады. Алда жетишбей турал -ы маңыз -ды інформация бер -еді және толап келу -ден калинуа -дан кездешет.,0,0.02142326533794403,0,0.0017493180930614471,0,0.0004062532680109143
"Каспи банда сенімді сатып алам. Толық мәндетті болып келеді, барлық функциялары маңгыздықталған. Деноминация ретінde оңай пайдалануға қадағали. Алдымен рекомендация беремені!",1,qwen_2.5_7b,174,medium,consumer_reviews,730,"Каспи банда сені -м -ді сатып алам. Толық мәндет -ті болып келеді, барлық функция -лары маңгыздықталған. Деноминация ретінde оңай пайдалану -ға қадағали. Алд -ы -мен рекомендация беремені!",1,0.9825212359428406,0,0.02931254170835018,0,0.0030520963482558727
"Каспи банда әдетте маңгыздар менен мемелейтінін кездешеді. Сатып алудың махсада оңай тіріп отырады, әртүрлі нәтижелермен болашаңыз!",1,qwen_2.5_7b,131,medium,consumer_reviews,731,"Каспи банда әдет -те маңгыз -дар менен мемелейтінін кездешеді. Сатып алу -дың махса -да оңай тіріп отырады, әртүрл -і нәтиже -лер -мен болашаңыз!",1,0.9900315999984741,0,0.09097275137901306,0,0.00042024595313705504
"Каспи банда әртүрлі сапortaлықкерлер мен кредиттер бойынша негизгі мүмкіндікті орналастыратынындық. Кредит растарасы тура, ақпараттары жетекші. Жалпысынан да қолданбайтын.",1,qwen_2.5_7b,171,medium,consumer_reviews,732,"Каспи банда әртүрл -і сапortaлықкер -лер мен кредит -тер бойынша негизг -і мүмкіндік -ті орналастыратынындық. Кредит растара -сы тура, ақпарат -тары жетекші. Жалпы -сы -нан да қолданбайтын.",0,0.00308127305470407,0,0.0004671770439017564,0,0.0033631089609116316
Каспи банда сынауға және мезгилге руханиетті бейімділікті алуға мүмкіндік береді. Сатып алудан кейбір заттар толығырақ қоюға болады.,1,qwen_2.5_7b,132,medium,consumer_reviews,733,Каспи банда сынау -ға және мезгил -ге руханиет -ті бейімділік -ті алу -ға мүмкіндік береді. Сатып алу -дан кейбір зат -тар толығырақ қою -ға болады.,1,0.9995570778846741,0,0.32391083240509033,0,0.017050767317414284
"Каспи банда қажетті барлық услугаларды табадым. Жоғары оқиға рахмет! Алсама мен мезгілдерден сәбізді болғанымен, мына уақытта маңызды.",1,qwen_2.5_7b,134,medium,consumer_reviews,734,"Каспи банда қажет -ті барлық услуга -лар -ды табадым. Жоғар -ы оқи -ға рахмет! Алсама мен мезгіл -дер -ден сәбіз -ді болғанымен, мына уақыт -та маңызды.",0,0.009994142688810825,0,0.00390562298707664,0,0.0027805734425783157
Каспи банда сатып алу менің керектігімді іздеп келген. Рахметteddy Kazakhstan,1,qwen_2.5_7b,77,medium,consumer_reviews,735,Каспи банда сатып алу мені -ң керектігі -м -ді іздеп келген. Рахметteddy Kazakhstan,1,0.9917214512825012,0,0.4095664322376251,0,0.00023264845367521048
Каспи бандаң онлайн магазині жоғары ретtedі. Бастапқы маңызды сатып алу процесстері негизгі орналасқан жана достукты бағалау функциялары бар. Амалдастыруда көбейткенімді болды.,1,qwen_2.5_7b,176,medium,consumer_reviews,736,Каспи банда -ң онлайн магази -ні жоғар -ы ретtedі. Бастапқ -ы маңыз -ды сатып алу процесс -тері негизг -і орналас -қан жана достук -ты бағалау функция -лары бар. Амалдастыру -да көбейткені -м -ді болды.,0,0.004247820936143398,0,0.0011426351265981793,0,0.00017985867452807724
"Каспи банкиның сайтында маңгыздық туралы шынайы пікір: ""Орындалмаған нәтижелер, растуи мүмкіндіктен барылып, улам да сапатына түс бағалауды мен істейді.""",1,qwen_2.5_7b,153,medium,consumer_reviews,737,"Каспи банк -иның сайт -ы -нда маңгыздық турал -ы шынай -ы пікір: ""Орындалма -ған нәтижелер, растуи мүмкіндік -тен барылып, ула -м да сапат -ы -на түс бағалау -ды мен істейді.""",1,0.7870177626609802,0,0.0009746421128511429,0,0.0004186226287856698
"Каспи банда қажетті барлық услугинdar береді. Нәтижелері жоғары, менен кездейсіздігі дамытуы мүмкін.",1,qwen_2.5_7b,100,medium,consumer_reviews,738,"Каспи банда қажет -ті барлық услугинdar береді. Нәтиже -лері жоғары, менен кездейсіздіг -і дамыту -ы мүмкін.",0,0.01013784110546112,0,0.0005915674264542758,0,0.0228200051933527
"Каспи банкиның сайтусына келген де, барлық мәртебаларды негиздетті орындап, табиғатқа жетуден кейін маңызды бағалаушы дәмімен турмырдамын. Товарды сатып албадан тырыс болып табылад",1,qwen_2.5_7b,180,medium,consumer_reviews,739,"Каспи банк -иның сайту -сы -на кел -ген де, барлық мәртеба -лар -ды негиздет -ті орындап, табиғат -қа жету -ден кейін маңыз -ды бағалауш -ы дәм -і -мен турмырдамын. Товар -ды сатып алба -дан тырыс болып табылад",0,0.010697582736611366,0,0.0010287987533956766,0,0.00021075781842228025
"Каспи банкиның сайттарына нәтижелері бар. Кейбір магалиндерде оюндарда маңызды қолданылады. Бирок, бір несімде техникалық проблемаларды олай болады. Але, ішіне жеткендеумен және кездестірулер",1,qwen_2.5_7b,191,medium,consumer_reviews,740,"Каспи банк -иның сайт -тары -на нәтиже -лері бар. Кейбір магалин -дер -де оюн -дар -да маңыз -ды қолданылады. Бирок, бір несі -м -де техникалық проблема -лар -ды олай болады. Але, іші -не жеткендеу -мен және кездестіру -лер",0,0.0002559185668360442,0,0.0002740261552389711,0,0.00045372862950898707
Каспи банда әртүрлі магазиндерден маған тапсыруға мүмкіндік береді. Сәтті барылуышы менің оқиғамдықымды менен толығырақ қанағаттанады. Ағындан келген адамдарға рекомендация жас,1,qwen_2.5_7b,176,medium,consumer_reviews,741,Каспи банда әртүрл -і магазин -дер -ден маған тапсыру -ға мүмкіндік береді. Сәт -ті барылуыш -ы мені -ң оқиғамдықы -м -ды менен толығырақ қанағаттанады. Ағын -дан кел -ген адам -дар -ға рекомендация жас,0,0.00041421540663577616,0,0.0004419422475621104,0,0.00044765605707652867
"Каспи банка Казиппен онлайн сатып алу әлеуметтігі менед іздеп келгендемын. Нәтижесінше, миң барлық негизгі мүмкіндіктен польжауы мүмкін, алдақатырау кездесет емес. Онлайн платформас",1,qwen_2.5_7b,181,medium,consumer_reviews,742,"Каспи банк -а Казип -пен онлайн сатып алу әлеуметтіг -і менед іздеп келгендемын. Нәтижесінше, миң барлық негизг -і мүмкіндік -тен польжау -ы мүмкін, алдақатырау кездесет емес. Онлайн платформас",1,0.9795629978179932,0,0.11245807260274887,0,0.00041313309338875115
Каспи банка магазинінің онлайн платформасы негизгі функциялары бойынша маңызды. Сатып аламына жол алу процесі удобстырылған және реттеуді көбейтеді. Мен ақша менеджментімім және доставка服务业的评论，用,1,qwen_2.5_7b,194,medium,consumer_reviews,743,Каспи банк -а магазин -і -нің онлайн платформа -сы негизг -і функция -лары бойынша маңызды. Сатып алам -ы -на жол алу проце -сі удобстырыл -ған және реттеу -ді көбейтеді. Мен ақша менеджментімі -м және доставка -服务业的评论，用,0,0.12041456997394562,0,0.0006229942082427442,0,0.00017603319429326802
Каспи банда барлық мәліметтер мен жетиштігімен қорналастыру келесінші оюндар мен каратэ класстарының бағанын толық қамтимдығы мен іздеп чейин табиғатын сипаттай аламын. Адамдар адам арасы,1,qwen_2.5_7b,187,medium,consumer_reviews,744,Каспи банда барлық мәлімет -тер мен жетиштіг -і -мен қорналастыру келесінш -і оюн -дар мен каратэ класс -тары -ның бағанын толық қамтимдығ -ы мен іздеп чейин табиғ -атын сипаттай аламын. Адам -дар ада -м ара -сы,0,0.0006600407068617642,0,0.0002537697146181017,0,0.00022861891193315387
"Каспи банда әртүрлі мөлшерлерден зеймдер жиналады. Сатып алған менеджерлер дайыма маңгылыздармен және атап шолыптайды. Бірақ, беттеғен навигациясы туғана маңызды неше тышкарулар болып т",1,qwen_2.5_7b,185,medium,consumer_reviews,745,"Каспи банда әртүрл -і мөлшер -лер -ден зейм -дер жиналады. Сатып алған менеджер -лер дайыма маңгылыз -дар -мен және атап шолыптайды. Бірақ, беттеғен навигация -сы туға -на маңыз -ды неше тышкару -лар болып т",0,0.003517571836709976,0,0.0007988802972249687,0,0.0006136624724604189
Каспи банка мобIL银行卡服务很好，操作方便快捷。强烈推荐！,1,qwen_2.5_7b,37,medium,consumer_reviews,746,Каспи банк -а мобIL银行卡服务很好，操作方便快捷。强烈推荐！,0,0.0011355836177244782,0,0.0006526926881633699,0,0.00046998594189062715
"Каспи банда сыйлық береймін. Ал кредиттер мен негизгі банки劳务工不会说英语，我会用简单的中文写一个评论：

在Kaspi银行办理业务很方便，工作人员也很友好。强烈推荐！大约25个汉字。
翻译成英文就是：Services at Kaspi Bank are convenient, and the staff is very friendly. Highly recommended! About 25 Chinese characters.
如果你需要更详细的评论，请告诉我具体",1,qwen_2.5_7b,269,medium,consumer_reviews,747,"Каспи банда сыйлық береймін. Ал кредит -тер мен негизг -і банк -и劳务工不会说英语，我会用简单的中文写一个评论： 在Kaspi银行办理业务很方便，工作人员也很友好。强烈推荐！大约25个汉字。 翻译成英文就是：Services at Kaspi Bank are convenient, and the staff is very friendly. Highly recommended! About 25 Chinese characters. 如果你需要更详细的评论，请告诉我具体",0,0.00351856485940516,0,0.0010643359273672104,0,0.00038685774779878557
Каспи банда сатып алу менен маңгылма олармен! Банктің магазиндеріне кейбір нәтижелері бойынша ұмтытталады. Адамдар алардан сапаттарды тастауды да мүмкіндік береді.,1,qwen_2.5_7b,163,medium,consumer_reviews,748,Каспи банда сатып алу менен маңгылма олармен! Банк -тің магазин -дері -не кейбір нәтиже -лері бойынша ұмтытталады. Адам -дар алар -дан сапат -тар -ды тастау -ды да мүмкіндік береді.,1,0.9988917708396912,0,0.08522579818964005,0,0.0006405372405424714
Каспи банда болашақ қолданумен неше күнді қорнатылымына бардыгы менің турмушымды маңызды етти. Альтернативалары жок! Ал адамдарға рекомендация беру мүмкін. Себептерімізден ал удобстык және кезд,1,qwen_2.5_7b,193,medium,consumer_reviews,749,Каспи банда болашақ қолдану -мен неше күн -ді қорнатылым -ы -на бардыг -ы мені -ң турмушы -м -ды маңыз -ды етти. Альтернатива -лары жок! Ал адам -дар -ға рекомендация беру мүмкін. Себеп -теріміз -ден ал удобстык және кезд,0,0.002324009081348777,0,0.000646348693408072,0,0.0002941578859463334
"Каспи банка Казипи менен иеленген. Банканының сайттарына жетсеге дәмді ресурстарды табылып, бірақ саппортта нерселерден кейін кездеседі. Мөлшерлерінің же мөбільдік приложенияларында да іске алады болып табыла аламын. Потокты жетілдетуге болады, бирок маңызды арнайы оюыңызды көрсетеді. Жоғ",1,qwen_2.5_7b,289,long,consumer_reviews,750,"Каспи банк -а Казипи менен иеленген. Банк -анының сайт -тары -на жетсе -ге дәм -ді ресурс -тар -ды табылып, бірақ саппорт -та нерсе -лер -ден кейін кездеседі. Мөлшер -лері -нің же мөбільдік приложения -лары -нда да іске ала -ды болып табыла аламын. Поток -ты жетілдету -ге болады, бирок маңыз -ды арна -йы оюыңыз -ды көрсетеді. Жоғ",0,0.00061279401415959,0,0.0003047994978260249,0,0.00025721799465827644
"Каспи банкиның Kaspi App магазинінің нәтижелері мен бағалаушылардың ойына болжаудан турмыр кетмейген! Менен кездешуімен, бул магазиндегі выбор таңдау ұзынуы табылады, бірақ олардың цендері маңызды. Бир нечта товардар да уран болып табылады. Келесі мезгілде арналған покуптерге арналған акциялары же зейнеткерлер",1,qwen_2.5_7b,311,long,consumer_reviews,751,"Каспи банк -иның Kaspi App магазин -і -нің нәтиже -лері мен бағалаушы -лар -дың ойы -на болжау -дан турмыр кетмейген! Менен кездешуімен, бул магазиндег -і выбор таңдау ұзыну -ы табылады, бірақ олар -дың цен -дері маңызды. Бир неч -та товар -дар да уран болып табылады. Келе -сі мезгіл -де арна -лған покуп -тер -ге арна -лған акция -лары же зейнеткер -лер",0,0.019010081887245178,0,0.0005805973196402192,0,0.00043364474549889565
"Каспи банканын Kaspi.kz платформасына мүмкіндіктен бардығы мен сапармен маңызды кездешудөңгез! Маған умумиетте келесі нәтижелері мен туралы даяр болды:
1. Кэшбэк программасы - бақылау мен сатып алышта көптеген мемлекеттерге кэшбэк береді.
2. Албанама жетекшілігі - албанама сатып алуунда жетекшісі",1,qwen_2.5_7b,297,long,consumer_reviews,752,Каспи банк -анын Kaspi.kz платформа -сы -на мүмкіндік -тен бардығ -ы мен сапар -мен маңыз -ды кездешудөңгез! Маған умумиет -те келе -сі нәтиже -лері мен турал -ы даяр болды: 1. Кэшбэк программа -сы - бақылау мен сатып алыш -та көп -те -ген мемлекет -тер -ге кэшбэк береді. 2. Албанама жетекшіліг -і - албанама сатып алуу -нда жетекші -сі,0,0.3804281949996948,0,0.0006963590858504176,0,0.00032231511431746185
"Каспи банка Казпi.kz сайтына рахмет! Мен олдан сатып алған мобил телефондың маңызды барлығы мен дұрыс бағасында болды. Және достоинствасы: удобстары бар интерфейс, жетиштермен навигациялау, және тиімді техникалық жаудар. Але, бірақ, айтудар мен айту шарттарының белгіленген жабдықтары бар. Оның ішінде, кездестерге",1,qwen_2.5_7b,314,long,consumer_reviews,753,"Каспи банк -а Казпi.kz сайт -ы -на рахмет! Мен олдан сатып алған мобил телефон -дың маңыз -ды барлығ -ы мен дұрыс баға -сы -нда болды. Және достоинствасы: удобс -тары бар интерфейс, жетиш -тер -мен навигациялау, және тиі -м -ді техникалық жаудар. Але, бірақ, айту -дар мен айту шарт -тары -ның белгілен -ген жабдық -тары бар. Оны -ң ішінде, кездес -тер -ге",0,0.008549016900360584,0,0.0004251623176969588,0,0.01609022356569767
"Каспи банкиның Kaspi.kz платформасына бардығымызды муран отырымын. Маңызды сапардар мен онлайн пайдаланушыларымен негизделген, бірақ әдетте маңызды болашақ сапарларды болжамда береді. Белгісіз карта мен кредиттер жөндөмділіктен оңай кездесет, бірақ акцияларында қорғалған бағалардың архына көбінесе туын",1,qwen_2.5_7b,303,long,consumer_reviews,754,"Каспи банк -иның Kaspi.kz платформа -сы -на бардығ -ымыз -ды муран отырымын. Маңыз -ды сапар -дар мен онлайн пайдаланушы -лары -мен негизделген, бірақ әдет -те маңыз -ды болашақ сапар -лар -ды болжа -м -да береді. Белгісіз кар -та мен кредит -тер жөндөмділік -тен оңай кездесет, бірақ акция -ларында қорғал -ған баға -лар -дың арх -ы -на көбінесе туын",1,0.941184937953949,0,0.0005046138539910316,0,0.0002448390005156398
"Каспи банка Казакстанда маңызды оюндатыт. Алардың онлайн магазиндегі архивалы мен архетиптері белгілі. Олардың сайттарынан нәтижалары чоң. Потрентерлерге қажет болатын арқылы сатып алышы мүмкін. Себептерушілер мен потрентерлер де бұл платформада да ғана оюнда отырады. Бірақ, кездесуден тырыс береді және",1,qwen_2.5_7b,304,long,consumer_reviews,755,"Каспи банк -а Казакста -нда маңыз -ды оюндатыт. Алар -дың онлайн магазиндег -і архивал -ы мен архетип -тері белгілі. Олар -дың сайт -тары -нан нәтижа -лары чоң. Потрентер -лер -ге қажет бол -атын арқыл -ы сатып алыш -ы мүмкін. Себептеруші -лер мен потрентер -лер де бұл платформа -да да ғана оюнда отырады. Бірақ, кездесу -ден тырыс бер -еді және",0,0.0003398741828277707,0,0.00026782069471664727,0,0.0001883147342596203
"Каспи банкиның Kaspi.kz сайтына негизделген сатып алу процессі жоғары дауыста. Беттер оңай навигациялық және мұнда сендерге неше максаттарды табуға болады. Банка архивалы магазиндермен және белгілі товардар менеджерлермен байланыштырылады, дегенмен болжелері жөндөмді же маңызды емес. Алда азыркы күнге 10% сатып",1,qwen_2.5_7b,312,long,consumer_reviews,756,"Каспи банк -иның Kaspi.kz сайт -ы -на негиздел -ген сатып алу процес -сі жоғар -ы дауыста. Бет -тер оңай навигациялық және мұнда сен -дер -ге неше максат -тар -ды табу -ға болады. Банк -а архивал -ы магазин -дер -мен және белгіл -і товар -дар менеджер -лер -мен байланыштырылады, деген -мен болже -лері жөндө -м -ді же маңыз -ды емес. Алда азырк -ы күн -ге 10% сатып",0,0.004157142248004675,0,0.00034435547422617674,0,0.0003086304059252143
"Каспи.kz ұшақтар мен беткерлерге мезгіл береді, онымен танымамдылығы және нәтижелеріне сенімді. Олардың продукциясы кездестіруін және маңызды бағдарламаларды оюну жөнді болса да, қадам-қадамда арналады. Кредиттерден кейбірі несипке дейін келгенін, алардың туралы белгіле алатын нәтижелерге к",1,qwen_2.5_7b,291,long,consumer_reviews,757,"Каспи -.kz ұшақ -тар мен беткер -лер -ге мезгіл береді, оны -мен танымамдылығ -ы және нәтиже -лері -не сенімді. Олар -дың продукция -сы кездестіруін және маңыз -ды бағдарлама -лар -ды оюну жөн -ді болса да, қадам-қада -м -да арна -лады. Кредит -тер -ден кейбір -і несип -ке дейін келгенін, алар -дың турал -ы белгіле алатын нәтиже -лер -ге к",0,0.024479860439896584,0,0.0004520399961620569,0,0.4008276164531708
"Каспи банка онлайн магазинінің сатып алу процесі жоғары. Беті удобстықтанып келген және навигациясы жетектерге ұқсашын. Мен менімен байланыштаған адамдар менен тыңдаушы болады, бірақ олардың турмистары де маңызды. Адамдар сипатталып отыратын товардарды оқиға аударатын және оларды созып отырады. Негизделген же",1,qwen_2.5_7b,310,long,consumer_reviews,758,"Каспи банк -а онлайн магазин -і -нің сатып алу проце -сі жоғары. Бет -і удобстықтанып кел -ген және навигация -сы жетек -тер -ге ұқсашын. Мен мен -і -мен байланыш -та -ған адам -дар менен тыңдауш -ы болады, бірақ олар -дың турмис -тары де маңызды. Адам -дар сипатталып отыр -атын товар -дарды оқи -ға аудар -атын және олар -ды созып отырады. Негиздел -ген же",0,0.04437978193163872,0,0.00031922702328301966,0,0.006812088191509247
"Каспи.kz дарыға беттері мен сатып алыш орталығының маңызды. Бірақ, негізгі мәліметтерді же ценовую системаны толыққанды дұрыс эмес ойндайды. Көптеген продуктылер толық түрде келеді, бірақ ценалары туындап келе отыр. Сатып алу үшін руханимдылық табу керек деп айтадым. Алдағы туралы маңы",1,qwen_2.5_7b,286,long,consumer_reviews,759,"Каспи -.kz дары -ға бет -тері мен сатып алыш орталығ -ы -ның маңызды. Бірақ, негізг -і мәлімет -тер -ді же ценовую система -ны толыққан -ды дұрыс эмес ойндайды. Көп -те -ген продукты -лер толық түр -де келеді, бірақ цена -лары туындап келе отыр. Сатып алу үшін руханимдылық табу керек деп айтадым. Алдағ -ы турал -ы маң -ы",0,0.011862143874168396,0,0.0004267347394488752,0,0.0008704230422154069
"Каспи банка Казипи.kz сайтына кірумен келген мемлекеттік онлайн накопичество платформасын пікір беруге болдым. Банканының оюндары бар, бірақ цензуден кейбір накопичестерге кірістіреді. Навсайда, ақпаратты маңызды ету мен сабырлық кездеседі. Дене деңизіне кирешпен дәрежелі түндірілу рахметтеріне к",1,qwen_2.5_7b,297,long,consumer_reviews,760,"Каспи банк -а Казипи.kz сайт -ы -на кіру -мен кел -ген мемлекеттік онлайн накопичество платформа -сын пікір беру -ге болдым. Банк -анының оюн -дары бар, бірақ цензу -ден кейбір накопичес -тер -ге кірістіреді. Навсайда, ақпарат -ты маңыз -ды ету мен сабырлық кездеседі. Дене деңиз -і -не киреш -пен дәрежел -і түндірілу рахмет -тері -не к",0,0.0015836873790249228,0,0.0003435752005316317,0,0.00031738230609335005
"Каспи банка Казакстанда маңызды реттеуді белгіленген сапар болуп саналады. Бул сапардын негизги мезгилдері - оюндары, кредиттері және онлайн дүкендері. Оның платформасында беселерге жетуге, мобайл менеджментта және басқа функцияларға жеңілу мүмкіндігі берет. Демек, ал азиятуз жоғары классқа қатысты, адамдар арқы",1,qwen_2.5_7b,313,long,consumer_reviews,761,"Каспи банк -а Казакста -нда маңыз -ды реттеу -ді белгілен -ген сапар болуп саналады. Бул сапардын негизги мезгил -дері - оюндары, кредит -тері және онлайн дүкендері. Оны -ң платформа -сы -нда бесе -лер -ге жетуге, мобайл менеджмент -та және бас -қа функция -лар -ға жеңілу мүмкіндіг -і берет. Демек, ал азиятуз жоғар -ы класс -қа қатысты, адам -дар арқ -ы",0,0.0009907125495374203,0,0.00029018628993071616,0,0.00020625110482797027
"Каспи банка KZда маңызды сатып алу магазині болып статтады. Себебі олардың навигациясы удобстығы мен архитектурасы бар, алдымен іске аласыңыз. Маған сәтті кабыл алынуы мүмкіндігі бар, сатып алу процесси жеңил дегенімін белгiлеу керек. Жалпысынан бағалаушылардан ""мұнда да руханиет"" деп айтқан",1,qwen_2.5_7b,292,long,consumer_reviews,762,"Каспи банк -а KZда маңыз -ды сатып алу магази -ні болып статтады. Себеб -і олар -дың навигация -сы удобстығ -ы мен архитектура -сы бар, алд -ы -мен іске аласыңыз. Маған сәт -ті кабыл алыну -ы мүмкіндіг -і бар, сатып алу процесси жеңил деге -ні -мін белгiлеу керек. Жалпы -сы -нан бағалаушы -лар -дан ""мұ -нда да руханиет"" деп айт -қан",1,0.9594137072563171,0,0.0008489745669066906,0,0.0007662511779926717
"Каспи банка Kaspi.kz сайтында сатып алған міндеттерге дәмді оқиғамды бақылаудың негіздерін көрсететін пікірім:

Негізделген функциялар бар, бірақ ірі жана шынайы интерфейсімен біргенде, неше пайдаланушыны растытуға болады. Белгіленген саппорт мен техникалық мүнөздікті білдіреді, бірақ адам",1,qwen_2.5_7b,290,long,consumer_reviews,763,"Каспи банк -а Kaspi.kz сайт -ы -нда сатып алған міндет -тер -ге дәм -ді оқиға -м -ды бақылау -дың негіздерін көрсет -етін пікірім: Негіздел -ген функция -лар бар, бірақ ірі жана шынай -ы интерфей -сі -мен біргенде, неше пайдалануш -ы -ны растыту -ға болады. Белгілен -ген саппорт мен техникалық мүнөздік -ті білдіреді, бірақ ада -м",0,0.004223221447318792,0,0.0003529488167259842,0,0.000666885927785188
"Каспи бандағы онлайн магазинің менен дұрыс кездестерім. Нәтижелеріне негизделген, ол толық барылышимен жұмыс істейтін қонымдық платформадан тұратын. Сатып алу процесі жаратылып келе алды, маңызды мүнөздерге арналған бағалар да жеткілікті. Потенттайды же келесі жолдарына қатысты миқартылымдар де",1,qwen_2.5_7b,295,long,consumer_reviews,764,"Каспи бандағ -ы онлайн магази -нің менен дұрыс кездестерім. Нәтиже -лері -не негизделген, ол толық барылыши -мен жұмыс істе -йтін қонымдық платформа -дан тұратын. Сатып алу проце -сі жаратылып келе алды, маңыз -ды мүнөз -дер -ге арна -лған баға -лар да жеткілікті. Потент -та -йды же келе -сі жол -дары -на қатыс -ты миқартылым -дар де",0,0.014292013831436634,0,0.0003827446198556572,0,0.00046502132317982614
"Каспи банка Казпі кездеп турат. Ал сизге сәлікті бағдарламаларды жана нұсқауларды табу мүмкіндігін береді. Банканда оюз бар сапарлық кредиттер, сонунда машина мен дому сипатталады. Оның онлайн платформасында созулатынан да қолданба алады. Мен альфасыздықтан ал болуп естемін, себебі банка гөлмен же көбейтудік",1,qwen_2.5_7b,309,long,consumer_reviews,765,"Каспи банк -а Казп -і кездеп турат. Ал сиз -ге сәлік -ті бағдарлама -лар -ды жана нұсқау -лар -ды табу мүмкіндігін береді. Банк -анда оюз бар сапарлық кредиттер, сону -нда маши -на мен дому сипатталады. Оны -ң онлайн платформа -сы -нда созулат -ы -нан да қолданба алады. Мен альфасыздық -тан ал болуп естемін, себеб -і банк -а гөл -мен же көбейтудік",0,0.001139021129347384,0,0.00036473586806096137,0,0.00018432718934491277
"Каспи.kzда сатып алған миң тез бар болды. Бұл онлайн магазин менге негіздеріне асқан сәнділікті қабыл алады және жетиштеуден кейбір маңызды оюндарымен бақыла береді. Себебі кездештуі міндетті, оның қоңырақ ценалары мен быстрый доставка менен дәмділігі мен ізденімдері мені таптастырады. Кө",1,qwen_2.5_7b,289,long,consumer_reviews,766,"Каспи -.kzда сатып алған миң тез бар болды. Бұл онлайн магазин мен -ге негіз -дері -не асқан сәнділік -ті қабыл ала -ды және жетиштеу -ден кейбір маңыз -ды оюн -дары -мен бақыла береді. Себеб -і кездешту -і міндетті, оны -ң қоңырақ цена -лары мен быстрый доставка менен дәмділіг -і мен ізденім -дері мен -і таптастырады. Кө",0,0.0006709548179060221,0,0.0002192318788729608,0,0.007657112553715706
"Каспи банканын Kaspi.kz платформасында онлайн сатып алуға болашақ көбүнчелікке теріс саясат ұзақталады. Барлық магазиндермен байланысты навигация және фильтрлері керектір, оларды пайдалану менеджменты жоюда кездестіреді. Оң жетиштігі – растама курьерлері және уақытты пайдалану үшін қоркыту. А",1,qwen_2.5_7b,293,long,consumer_reviews,767,"Каспи банк -анын Kaspi.kz платформа -сы -нда онлайн сатып алу -ға болашақ көбүнчелік -ке теріс саясат ұзақталады. Барлық магазин -дер -мен байланыс -ты навигация және фильтр -лері керектір, олар -ды пайдалану менеджмен -ты жою -да кездестіреді. Оң жетиштіг -і – растама курьер -лері және уақыт -ты пайдалану үшін қоркыту. А",1,0.9932805895805359,0,0.01482536643743515,0,0.0004937070771120489
"Каспи банкиның Kaspi.kz платформасына жетсеңіз, аларда барлығы маңызды магазиндерден нәтиже шығады. Жумуштарды сатып алу үчін колдануы кездеседі, жеңілерге оңай түсіну мүмкіндігі береді. Азық түстен қажетті болып табылады, санасы да жоюу мүмкін. Белгіленген ережелер бар, бірақ",1,qwen_2.5_7b,277,long,consumer_reviews,768,"Каспи банк -иның Kaspi.kz платформа -сы -на жетсеңіз, алар -да барлығ -ы маңыз -ды магазин -дер -ден нәтиже шығады. Жумуш -тар -ды сатып алу үчін колдану -ы кездеседі, жеңі -лер -ге оңай түсіну мүмкіндіг -і береді. Азық түс -тен қажет -ті болып табылады, сана -сы да жоюу мүмкін. Белгілен -ген ереже -лер бар, бірақ",1,0.9981643557548523,0,0.0012318722438067198,0,0.0017698387382552028
"Каспи бандағы онлайн магазинің менен ұзақ бірнеше омурланбайлықтарды ойндайдым. Оның нәтижелерінде, архиверлері жетімді, доставка да растақ. Бирок, ценалардан кез келген оқиғадан да маңызды табу мүмкін. Доставка же техникалық масштапкерлерден сыймыр жою кездесетінда, клиенттерге болжау жөндөмдерін к",1,qwen_2.5_7b,300,long,consumer_reviews,769,"Каспи бандағ -ы онлайн магази -нің менен ұзақ бірнеше омурланбайлық -тар -ды ойндайдым. Оны -ң нәтижелерінде, архивер -лері жетімді, доставка да растақ. Бирок, цена -лар -дан кез кел -ген оқиға -дан да маңыз -ды табу мүмкін. Доставка же техникалық масштапкер -лер -ден сыймыр жою кездесетінда, клиент -терге болжау жөндөмдерін к",0,0.0026807994581758976,0,0.0005136538529768586,0,0.0005022658733651042
"Каспи банка KZда мүмкіндіктің басты нерселі болып стаяды. Мен оның онлайн платформасын ұзақ меректе колданамын және созылыптап, аударма берген келген менедждермен кездесуге боладым. Оның қоғамдық системасы негизгi маңызды, анда кез келген уақытта да кездешуге боладым. Бірақ, қосымшанын тарифтерінің бағалар",1,qwen_2.5_7b,307,long,consumer_reviews,770,"Каспи банк -а KZда мүмкіндік -тің бас -ты нерсел -і болып стаяды. Мен оны -ң онлайн платформа -сын ұзақ мерек -те колда -на -мын және созылыптап, аударма бер -ген кел -ген менедж -дер -мен кездесу -ге боладым. Оны -ң қоғамдық система -сы негизгi маңызды, анда кез кел -ген уақыт -та да кездешу -ге боладым. Бірақ, қосымшанын тариф -тері -нің баға -лар",0,0.006014937534928322,0,0.000517616281285882,0,0.00046352215576916933
"Каспи банкиның Kaspi.kz сайтына рухани есепте аламын. Аналитикалық істемелер мен беттер табылат, бірақ барығы туралы маңызды мәліметтер жоқ. Олардың онлайн кредиттер даярдауы негизге нәтижене болды, бирок ұзақ зерттеуді орындаймын деймін. Банка клиенттерге бағдарламаларды жинақтауды және төлеуді колдануға қо",1,qwen_2.5_7b,309,long,consumer_reviews,771,"Каспи банк -иның Kaspi.kz сайт -ы -на рухани есеп -те аламын. Аналитикалық істеме -лер мен бет -тер табылат, бірақ барығ -ы турал -ы маңыз -ды мәлімет -тер жоқ. Олар -дың онлайн кредит -тер даярдау -ы негиз -ге нәтиже -не болды, бирок ұзақ зерттеу -ді орындай -мын деймін. Банк -а клиент -терге бағдарлама -лар -ды жинақтау -ды және төлеу -ді колдану -ға қо",0,0.003921886440366507,0,0.0003670920559670776,0,0.0012746613938361406
"Каспи банка менен жетіlemsем, олардың онлайн магазині ""Каспi.kz"" сызығанда болушы маңызды! Маған досада бергенімізді мына болжолдарда барадымыз:
Оның сатышы көптеген нәтижелермен ұсындайды - созма-созмылыктар туындап, цендер жоғары болса да, сатып алу үчүн күмілеңізді табу мүмкін. Бірақ ал",1,qwen_2.5_7b,290,long,consumer_reviews,772,"Каспи банк -а менен жетіlemsем, олар -дың онлайн магази -ні ""Каспi.kz"" сызыға -нда болуш -ы маңызды! Маған доса -да берген -іміз -ді мына болжол -дар -да барадымыз: Оны -ң сатыш -ы көп -те -ген нәтиже -лер -мен ұсы -нда -йды - созма-созмылык -тар туындап, цен -дер жоғар -ы болса да, сатып алу үчүн күміле -ңіз -ді табу мүмкін. Бірақ ал",0,0.007920589298009872,0,0.0005437041400000453,0,0.00027636176673695445
Каспи.kz дарыый магазин деп ұмытқан! Алда бардығы менен маңгыздырулар болып табылады. Азырақтан кездесетін ценалар және максималды выбор сипатталады. Саппортту да негизге маңызды – оның шығашы жоғары. Оқушмандардан же клиенттерден берілген адамдардың субъективті пікірлері менеджментте көптеген неше зияндылықта ө,1,qwen_2.5_7b,313,long,consumer_reviews,773,Каспи -.kz дарыый магазин деп ұмытқан! Алда бардығ -ы менен маңгыздыру -лар болып табылады. Азырақ -тан кездес -етін цена -лар және максимал -ды выбор сипатталады. Саппортту да негиз -ге маңыз -ды – оны -ң шығаш -ы жоғары. Оқушман -дар -дан же клиент -терден беріл -ген адам -дар -дың субъектив -ті пікір -лері менеджмент -те көп -те -ген неше зияндылық -та ө,0,0.006925462279468775,0,0.00032761614420451224,0,0.0009002044098451734
"Каспи.kz дарыяттар мен бетте маңызды. Бұл сайтында оңай тапсыруға болады. Сатып алу процестің жоюы кездескен, мезгілдері және транзакциялары негизделген. Адміністрациясы да күчті, барлық проблемаларды белгілей отырып шешеді. Оқушылар мен адамдардың бағалауы да тыңданыстырылады. Эгер сіз де орналастыру",1,qwen_2.5_7b,302,long,consumer_reviews,774,"Каспи -.kz дарыят -тар мен бет -те маңызды. Бұл сайт -ы -нда оңай тапсыру -ға болады. Сатып алу процес -тің жою -ы кездескен, мезгіл -дері және транзакция -лары негизделген. Адміністрация -сы да күчті, барлық проблема -лар -ды белгілей отырып шешеді. Оқушы -лар мен адам -дар -дың бағалау -ы да тыңданыстырылады. Эгер сіз де орналастыру",1,0.9452555775642395,0,0.0013958160998299718,0,0.398689329624176
"Каспи банкиның Kaspi.kz платформасында сатып алған нәтижелер мен сервискі турмушкерларымен қоюлумен маңызды мезгілдер бойынша ойына отырымын барады. Бұл платформада көптен көбінші товардарды алып, оларды тексергенде жеқтануымен сапармен болды. Оның қоректенетіндігі және сапармен нәтиже алатын кездешілі",1,qwen_2.5_7b,303,long,consumer_reviews,775,"Каспи банк -иның Kaspi.kz платформа -сы -нда сатып алған нәтиже -лер мен сервис -кі турмушкер -лары -мен қоюлу -мен маңыз -ды мезгіл -дер бойынша ойы -на отыр -ы -мын барады. Бұл платформа -да көп -тен көбінш -і товар -дарды алып, олар -ды тексерге -нде жеқтану -ы -мен сапар -мен болды. Оны -ң қоректенетіндіг -і және сапар -мен нәтиже алатын кездешіл -і",0,0.0029694822151213884,0,0.0003128486860077828,0,0.0004815218853764236
Каспи банкиның Kaspi.kz платформасына болжалаудан келген мәні мен негізгі функцияларына рахмет! Ол адамдарға жоғары саптамада төлбір береді және сатып алу процессі көптеген тармактарды барысадан зор болма алды. Бетте орташа мөлшерлердегі продукттерге дейін келген белсенділікті және қалыптастурулмаған акциялар,1,qwen_2.5_7b,310,long,consumer_reviews,776,Каспи банк -иның Kaspi.kz платформа -сы -на болжалау -дан кел -ген мән -і мен негізг -і функция -лары -на рахмет! Ол адам -дар -ға жоғар -ы саптама -да төлбір бер -еді және сатып алу процес -сі көп -те -ген тармак -тар -ды барыса -дан зор болма алды. Бет -те орташа мөлшерлердег -і продукт -тер -ге дейін кел -ген белсенділік -ті және қалыптастурулма -ған акция -лар,0,0.0006200853385962546,0,0.00027001716080121696,0,0.0002527803590055555
"Каспи банка Казипи кз сайтына же аплудан қорнатуға болашақ келген менен дәмді беттерге оқыптаганым. Беттер туындап, мұнда ішіне қою үчірімділық адамдарды табу мүмкін. Оны сатып алу үчен кездесу туралы мағыналар жөнінде негіздер толыктыру керек деп көрінумен растыймын. Сатып а",1,qwen_2.5_7b,276,long,consumer_reviews,777,"Каспи банк -а Казипи кз сайт -ы -на же аплу -дан қорнату -ға болашақ кел -ген менен дәм -ді бет -тер -ге оқыптаганым. Бет -тер туындап, мұнда іші -не қою үчірімділық адам -дар -ды табу мүмкін. Оны сатып алу үчен кездесу турал -ы мағына -лар жөн -і -нде негіз -дер толыктыру керек деп көріну -мен растыймын. Сатып а",0,0.004944624844938517,0,0.00046246801503002644,0,0.00019713465007953346
Каспи.kz-те барлығы оң ой жаздым. Картамды ұсыну менің нәтижімге мейірімді түндіреді. Сатып алған товардарды жетілдірулер менің қажеттермен турады. Анықтаулық шараларда уақыт беруден кейін картамды алу мемелі болды. Ол біздің денсаундағы экономикалық неңді дамытуы мүмкін. Денімдер мен,1,qwen_2.5_7b,285,long,consumer_reviews,778,Каспи -.kz-те барлығ -ы оң ой жаздым. Карта -мды ұсыну мені -ң нәтижі -м -ге мейірі -м -ді түндіреді. Сатып алған товар -дарды жетілдіру -лер мені -ң қажет -тер -мен турады. Анықтаулық шара -лар -да уақыт беру -ден кейін карта -мды алу мемел -і болды. Ол біз -дің денсаундағ -ы экономикалық нең -ді дамыту -ы мүмкін. Денім -дер мен,1,0.9972192049026489,0,0.004860599525272846,0,0.0011073631467297673
"Каспи банкиның Kaspi.kz платформасынан оқушы болып ұнатылдым. Менің маминеттен барлығы келген архив реттеудін табдуым, бірақ бұл платформада бардығы меніне жәна мамименеңге арналған. Кэш төлбери менінің же мамымындағы деноминациядан пайдалануға болады. Бірақ, ал әдетте тез бағалаумен кездестеді. Сонды",1,qwen_2.5_7b,302,long,consumer_reviews,779,"Каспи банк -иның Kaspi.kz платформа -сы -нан оқуш -ы болып ұнатылдым. Мені -ң маминет -тен барлығ -ы кел -ген архив реттеудін табдуым, бірақ бұл платформа -да бардығ -ы мен -і -не жәна мамимене -ң -ге арна -лған. Кэш төлбери мен -і -нің же мамымындағ -ы деноминация -дан пайдалану -ға болады. Бірақ, ал әдет -те тез бағалау -мен кездестеді. Сон -ды",0,0.01670277677476406,0,0.00038953794864937663,0,0.00034171974402852356
"Каспи банкиның Kaspi.kz сайттарында сатып алған миң айна маңызды болды! Аналитикалық фичелер бар, оюндар мен саясаттар көбінесе нәтижесіне жетеді. Жылуында колдонуға болашақ рухани мүмкіндікті берді. Саппортта кез-кеа адамдар кездештуүлерин сыйлауды же проблемаларды шешудөрен сулады. Менен бирге сізге рекоменд",1,qwen_2.5_7b,311,long,consumer_reviews,780,"Каспи банк -иның Kaspi.kz сайт -тары -нда сатып алған миң айна маңыз -ды болды! Аналитикалық фиче -лер бар, оюн -дар мен саясат -тар көбінесе нәтиже -сі -не жетеді. Жылу -ы -нда колдону -ға болашақ рухани мүмкіндік -ті берді. Саппорт -та кез-кеа адам -дар кездештуүлерин сыйлау -ды же проблема -лар -ды шешудөрен сулады. Менен бир -ге сіз -ге рекоменд",0,0.13195353746414185,0,0.001656346139498055,0,0.0003077545261476189
"Каспи банкиның Kaspi.kz платформасына баяндамашылығы мен нәтижелеріне жардам береді. Банка магазиндерінен алдымен созылуы мүмкін, ол чоң рұқсаткерлер бар жәn дамытуыштарды қорғайтын. Негизделген магазиндегі товардар туралы өнімділікті табу мен сатып алу маңызды болады. Сайтында сапаттау жүрг",1,qwen_2.5_7b,292,long,consumer_reviews,781,"Каспи банк -иның Kaspi.kz платформа -сы -на баяндамашылығ -ы мен нәтиже -лері -не жарда -м береді. Банк -а магазин -дері -нен алд -ы -мен созылу -ы мүмкін, ол чоң рұқсаткер -лер бар жәn дамытуыш -тар -ды қорғайтын. Негиздел -ген магазиндег -і товар -дар турал -ы өнімділік -ті табу мен сатып алу маңыз -ды болады. Сайт -ы -нда сапаттау жүрг",0,0.16521179676055908,0,0.0002746392274275422,0,0.00023125717416405678
"Каспи банка Kaspi.kz сайтына қоюға мен маңызды күнделектермен жетектерден алдымыздар менің нәтижемім. Банканының интерфейсі толық, анда барлық функциялар тура орунда жұлдыздары болып табылады. Сатып алу процесі кез келген жумшықта да растақ жана қызыл орналасқан. Мобиль приложениясы досұқ, толық және удобстық",1,qwen_2.5_7b,310,long,consumer_reviews,782,"Каспи банк -а Kaspi.kz сайт -ы -на қою -ға мен маңыз -ды күнделек -тер -мен жетек -тер -ден алдымыз -дар мені -ң нәтижемім. Банк -анының интерфей -сі толық, анда барлық функция -лар тура ору -нда жұлдыз -дары болып табылады. Сатып алу проце -сі кез кел -ген жумшық -та да растақ жана қызыл орналасқан. Мобиль приложения -сы досұқ, толық және удобстық",0,0.002069297945126891,0,0.00028195639606565237,0,0.0008683110936544836
"Каспи банка Kaspi приложениясы менің ұламдағы негизгі мәріемімін қарастыруға болды. Банктен қолданылатын функциялар жөндөмді жеңіл, бірақ оны эрекше қорғау үчіретін жөндөмді турмуштар дарыайдары бар. Онда онлайн сатып алу процессі кез келген турмуштан киріс береді. Азықтау көрсетілген ж",1,qwen_2.5_7b,287,long,consumer_reviews,783,"Каспи банк -а Kaspi приложения -сы мені -ң ұламдағ -ы негизг -і мәріем -і -мін қарастыру -ға болды. Банк -тен қолданыл -атын функция -лар жөндө -м -ді жеңіл, бірақ оны эрекше қорғау үчір -етін жөндө -м -ді турмуш -тар дарыай -дары бар. Онда онлайн сатып алу процес -сі кез кел -ген турмуш -тан киріс береді. Азықтау көрсетіл -ген ж",0,0.002465771045535803,0,0.0005589552456513047,0,0.0002887994050979614
"Каспи банкиның Kaspi.kz платформасына қарашам. Себебі бул онлайн магазиндегі нәтижелер мен удобдылығы маңызды. Бұл платформадан сіз кез келген уақытта, биіктікке каражат бермей дейін несімдерді сатып алуға боладыңыз. Мен жөндемесімінен, доставка де жоғары. Оң жетімділікті рахмет! Дорықтан оң",1,qwen_2.5_7b,292,long,consumer_reviews,784,"Каспи банк -иның Kaspi.kz платформа -сы -на қарашам. Себеб -і бул онлайн магазиндег -і нәтиже -лер мен удобдылығ -ы маңызды. Бұл платформа -дан сіз кез кел -ген уақытта, биіктік -ке каражат бермей дейін несім -дер -ді сатып алу -ға боладыңыз. Мен жөндемесімінен, доставка де жоғары. Оң жетімділік -ті рахмет! Дорық -тан оң",1,0.7030845880508423,0,0.0010833096457645297,0,0.000490811129566282
"Каспи банкиның Kaspi.kz сайттарына көмек ету үчүн маңызды реттеудерди ойндап тышкаруға болгон менен, бұл сайтында маңызды мәселе-мамелерімізді тексеруге болдырганымен нәтиже берген. Нәтижелер деңгээлді, онлайн шоpингге даяр болу керектігінің көбейтіндігіне же болашағына карай сияқты. Барлық товардар",1,qwen_2.5_7b,300,long,consumer_reviews,785,"Каспи банк -иның Kaspi.kz сайт -тары -на көмек ету үчүн маңыз -ды реттеудерди ойндап тышкару -ға болгон менен, бұл сайт -ы -нда маңыз -ды мәселе-маме -леріміз -ді тексеру -ге болдырган -ы -мен нәтиже берген. Нәтиже -лер деңгээлді, онлайн шоpинг -ге даяр болу керектіг -і -нің көбейтіндіг -і -не же болашағ -ы -на карай сияқты. Барлық товар -дар",0,0.0004973720642738044,0,0.000244464841671288,0,0.0004083110252395272
"Каспи.kz сайты менен шектенген магазин менің танымамдығымда орта бар. Мойна же масла сатып алганда доставка денсаунды жетілдіреди және табиғатты дәмделетін суреттермен тыныс тұратындай болады. Себептерінің бірі - цендері неше кем болса да, мындай уақытта маңызды резондоры нисеп етеді. Жою арқылы машиналы",1,qwen_2.5_7b,305,long,consumer_reviews,786,"Каспи -.kz сай -ты менен шек -тен -ген магазин мені -ң танымамдығы -м -да орта бар. Мой -на же масла сатып алга -нда доставка денсаун -ды жетілдіреди және табиғат -ты дәмдел -етін сурет -тер -мен тыныс тұратындай болады. Себеп -тері -нің бір -і - цен -дері неше кем болса да, мындай уақыт -та маңыз -ды резондор -ы нисеп етеді. Жою арқыл -ы машинал -ы",0,0.000985509599559009,0,0.0003338865062687546,0,0.0002552659425418824
"Каспи банка Kaspi.kz платформасына күнді муршудым. Бұл платформадан кездесуіміздің негизги әсертері менің денемге неше адамды оқтууға болды. Оның удобстығы мен ішінде келген де, бирок бірнеше проблемалары да бар деп қалдыратын дәрежеден терең тез ретте болды. Алдақатыраңыз, егер кэс картасыңыздан болжай келсе, техника",1,qwen_2.5_7b,319,long,consumer_reviews,787,"Каспи банк -а Kaspi.kz платформа -сы -на күн -ді муршудым. Бұл платформа -дан кездесу -іміз -дің негизги әсер -тері мені -ң дене -м -ге неше ада -м -ды оқтуу -ға болды. Оны -ң удобстығ -ы мен іші -нде кел -ген де, бирок бірнеше проблема -лары да бар деп қалдыр -атын дәреже -ден тере -ң тез рет -те болды. Алдақатыраңыз, егер кэс карта -сыңыздан болжай келсе, техника",0,0.0035326164215803146,0,0.0007074697059579194,0,0.00031745186424814165
"Каспи банка KZ тармактан бері Казахстанда белгісіздікке болып статусты орунумен мамиеле істеп келеді. Банканының онлайн платформасына дайыма нәтижені пайдалануға болады, бирок кездешетінінен да маңызды технологиялардын кездесуінің себебі табиғатта техникалық проблемалар кездеседі. Мезгілдері де көбінесе ұзақ, бірақ ал",1,qwen_2.5_7b,319,long,consumer_reviews,788,"Каспи банк -а KZ тармак -тан бер -і Казахста -нда белгісіздік -ке болып статус -ты оруну -мен мамиеле істеп келеді. Банк -анының онлайн платформа -сы -на дайыма нәтиже -ні пайдалану -ға болады, бирок кездешетін -і -нен да маңыз -ды технологиялардын кездесу -і -нің себеб -і табиғат -та техникалық проблема -лар кездеседі. Мезгіл -дері де көбінесе ұзақ, бірақ ал",0,0.0037798297125846148,0,0.00034698835224844515,0,0.0002098696568282321
Каспи банка КZ сайтында сатып алуға болашақ мүмкіндік береді. Бул сайт бардық мобайл навигациялық функциялармен және удобтау сапаттары менен иштеп чыгарылады. Мобильдеманда өздерінізге мезгілделетін сатып алу көрсете алады және өзгешелікті көрсетеді. Онында маңызды маңызды мақсаттарды орын,1,qwen_2.5_7b,290,long,consumer_reviews,789,Каспи банк -а КZ сайт -ы -нда сатып алу -ға болашақ мүмкіндік береді. Бул сайт бардық мобайл навигациялық функция -лар -мен және удобтау сапат -тары менен иштеп чыгарылады. Мобильдема -нда өздерініз -ге мезгілдел -етін сатып алу көрсе -те ала -ды және өзгешелік -ті көрсетеді. Оны -нда маңыз -ды маңыз -ды мақсат -тар -ды орын,0,0.0005309164989739656,0,0.0003024106554221362,0,0.000797315442468971
"Каспи банкиның Kaspi.kz платформасына даяр болған адамдар мен олардың сыняктары болжа отырған. Бул платформада маңызды мүмкіндіктер және ұпайы бар - ал маслихаттарды төлбіргендерге, онлайн кредиттерди бергендерге және онлайн шаражылық компанияларға мүмкіндік береді. Ол адамдармен иште руханиеттенетін жана шектеулері жоғары",1,qwen_2.5_7b,324,long,consumer_reviews,790,"Каспи банк -иның Kaspi.kz платформа -сы -на даяр бол -ған адам -дар мен олар -дың сыняк -тары болжа отырған. Бул платформа -да маңыз -ды мүмкіндік -тер және ұпай -ы бар - ал маслихат -тар -ды төлбіргендерге, онлайн кредиттерди берген -дер -ге және онлайн шаражылық компания -лар -ға мүмкіндік береді. Ол адам -дар -мен иште руханиет -тен -етін жана шектеу -лері жоғар -ы",0,0.0014633071841672063,0,0.00034008725197054446,0,0.00029049409204162657
"Каспи банкиның Kaspi.kz платформасы менен болжалаушылық менен болдым. Онда кездестерге же келесі оюндай тарыхы нисбиетте маған жоопкері турмыраттары бар. Онда жетілдірген магазиндер және ұзақтастыру центрлерімен да келген адамдар кездеседі. Бірақ, платформадағы магазиндік тарыхы жақсартылуы керек болып табылады. Алма-мат",1,qwen_2.5_7b,322,long,consumer_reviews,791,"Каспи банк -иның Kaspi.kz платформа -сы менен болжалаушылық менен болдым. Онда кездес -тер -ге же келе -сі оюндай тарых -ы нисбиет -те маған жоопкер -і турмырат -тары бар. Онда жетілдір -ген магазин -дер және ұзақтастыру центр -лері -мен да кел -ген адам -дар кездеседі. Бірақ, платформадағ -ы магазиндік тарых -ы жақсартылу -ы керек болып табылады. Алма-мат",0,0.0003444782632868737,0,0.0002306839160155505,0,0.00023366769892163575
"Каспи банкиның Kaspi.kz платформасына бардығым дары оюндагы же маңызды кездешуден алып келген мәселе жоқ. Бул платформаның интерфейсі удоб болып, басқа ірі турмуштар мен навигациялау процесстерінің оң жетишесін бағалаңыз. Кэш бонустары да непремесінше колданылатын ұзақ周期性查询和监控Kaspi.kz平台的用户评价对于了解其服务质量和用户体验非常重要。这有助于发现",1,qwen_2.5_7b,317,long,consumer_reviews,792,"Каспи банк -иның Kaspi.kz платформа -сы -на бардығы -м дары оюндаг -ы же маңыз -ды кездешу -ден алып кел -ген мәселе жоқ. Бул платформа -ның интерфей -сі удоб болып, бас -қа ірі турмуш -тар мен навигациялау процесс -тері -нің оң жетише -сін бағалаңыз. Кэш бонус -тары да непремесінше колданыл -атын ұзақ周期性查询和监控Kaspi.kz平台的用户评价对于了解其服务质量和用户体验非常重要。这有助于发现",0,0.003594903973862529,0,0.00031998116173781455,0,0.00014038101653568447
"Каспи банкиның Kaspi.kz платформасы менен біргелетін онлайн магазиніміздің і�імділікті ойндап табдымынан да маңызды маған жардам береді. Бул платформада алдымен кездестерді тексеруге болады, мына кезде айтуу және доставка де жұқтарды жеткіздіреді. Кейбір товардар өнімдерге же негизгі заттарга салынатында кемірі",1,qwen_2.5_7b,312,long,consumer_reviews,793,"Каспи банк -иның Kaspi.kz платформа -сы менен біргел -етін онлайн магазин -іміз -дің і�імділік -ті ойндап табдым -ы -нан да маңыз -ды маған жарда -м береді. Бул платформа -да алд -ы -мен кездес -тер -ді тексеру -ге болады, мына кез -де айтуу және доставка де жұқ -тар -ды жеткіздіреді. Кейбір товар -дар өнім -дер -ге же негизг -і заттарга салынат -ы -нда кемір -і",0,0.0002511401253286749,0,0.00020296391448937356,0,0.00028521945932880044
"Каспи банка Казакстанда маңызды оюндығы бар. Оның онлайн магазині удобстырылып, нәтижелер жоғары. Сезімге негиздемен, онда шарттар да, доставка же беттерді іске асыруға мүмкіндікті растайды. Бірақ, тұрақты клиенттер менен денсаулуымен болма отырып, аларда неше проблема болды - цендері де аралап келе береді, мынағанда да продукттер",1,qwen_2.5_7b,332,long,consumer_reviews,794,"Каспи банк -а Казакста -нда маңыз -ды оюндығ -ы бар. Оны -ң онлайн магази -ні удобстырылып, нәтиже -лер жоғары. Сезі -м -ге негиздемен, онда шарт -тар да, доставка же бет -тер -ді іске асыру -ға мүмкіндік -ті растайды. Бірақ, тұрақ -ты клиент -тер менен денсаулу -ы -мен болма отырып, алар -да неше проблема бол -ды - цен -дері де аралап келе береді, мынаға -нда да продукт -тер",0,0.0012309977319091558,0,0.00028342631412670016,0,0.0015370988985523582
"Каспи банка сызыған магазинді сатып алмамен дайыма баяндайдым. Бир неча кездесімелермен әсер алатында мағана келгенімен барадыман. Олардың сайттары мен телефондеріне оңай болбосыздар, бірақ адамдардың кез келген кездесімелері туғызуға болашақ сапталады. Менің кейде аныктайтын негізгі плюс-таныстырулар - быстрота шект",1,qwen_2.5_7b,318,long,consumer_reviews,795,"Каспи банк -а сыз -ы -ған магазин -ді сатып алма -мен дайыма баяндайдым. Бир неча кездесіме -лер -мен әсер алат -ы -нда маға -на келген -і -мен барадыман. Олар -дың сайт -тары мен телефон -дері -не оңай болбосыздар, бірақ адам -дар -дың кез кел -ген кездесіме -лері туғызу -ға болашақ сапталады. Мені -ң кей -де анык -та -йтын негізг -і плюс --таныстырулар - быстро -та шект",0,0.0005031964974477887,0,0.00022335501853376627,0,0.0003570128174033016
"Каспи банкиның Kaspi.kz платформасына мүмкіндіктен керекті барлығы сатып алуға болады мен олдың негизги фишкасында маңызды реттеулері бар. Банка шынайуы мен надеждамы көбүнчелерге тең. Кредиттер, депозиттер және онлайн-төлөм арқылы алмастырулары көптеген варианттарымен мүмкіндік береді. Оның адабият",1,qwen_2.5_7b,300,long,consumer_reviews,796,"Каспи банк -иның Kaspi.kz платформа -сы -на мүмкіндік -тен керек -ті барлығ -ы сатып алу -ға бол -ады мен олды -ң негизги фишка -сы -нда маңыз -ды реттеу -лері бар. Банк -а шынайу -ы мен надеждам -ы көбүнче -лер -ге тең. Кредиттер, депозит -тер және онлайн-төлө -м арқыл -ы алмастыру -лары көп -те -ген вариант -тары -мен мүмкіндік береді. Оны -ң адабият",0,0.001193556236103177,0,0.0004034809535369277,0,0.00022169163275975734
"Каспи банка менен ұзақ бардығымызды растуден кейін, олармен итерген дәстүрлі негизгі маңызды мезгилдерге жеңелдеймін. Мына арналышта барлығы позитив болып табылады. Оның зорбасы жоқ, сапарда жеткілікті бақылаушылардан жана технологиялық тақырыптармен жаратылған негіздерден оюз іздеп, жеті",1,qwen_2.5_7b,289,long,consumer_reviews,797,"Каспи банк -а менен ұзақ бардығ -ымыз -ды расту -ден кейін, олар -мен итер -ген дәстүрл -і негизг -і маңыз -ды мезгил -дер -ге жеңелдеймін. Мына арна -лышта барлығ -ы позитив болып табылады. Оны -ң зорба -сы жоқ, сапар -да жеткілік -ті бақылаушы -лар -дан жана технологиялық тақырып -тар -мен жаратыл -ған негіз -дер -ден оюз іздеп, жет -і",0,0.0011937882518395782,0,0.00044745104969479144,0,0.0005202251486480236
Каспи банкиның Kaspi.kz сайтына бардығымда маңызды мезгілдердің мен же сатып алуудан олай болмастыратын нәтижелерге алыптым. Бұл сайтта көбінесе кірістірген продукттерге бетке көрсетілетін және шарттары туындап отырған нәтиже болды. Себебі онлайн платформасымен қою алмашылық мемлекеттен алынған сұраймыздарды,1,qwen_2.5_7b,309,long,consumer_reviews,798,Каспи банк -иның Kaspi.kz сайт -ы -на бардығы -м -да маңыз -ды мезгіл -дер -дің мен же сатып алуу -дан олай болмастыр -атын нәтиже -лер -ге алыптым. Бұл сайт -та көбінесе кірістір -ген продукт -тер -ге бет -ке көрсетіл -етін және шарт -тары туындап отыр -ған нәтиже болды. Себеб -і онлайн платформа -сы -мен қою алмашылық мемлекет -тен алын -ған сұраймыз -дар -ды,0,0.0007881258497945964,0,0.00022292272478807718,0,0.0003599217161536217
"Каспи банка Казипти кездешуден айнала отыр. Алдымен мемлекетте маңызды рөл негиздей бар келген банканың оюну қажет болғанда табиғатта береді. Бир нече зомдор мен кэмерлермен бірге іске асыраймындай, ал банка дәмді жана мезгілсіз. Потоктың болжолары тура болса да, адамдар басқа заманыштарда да қолданады. Жалпысынан",1,qwen_2.5_7b,315,long,consumer_reviews,799,"Каспи банк -а Казипти кездешу -ден айнала отыр. Алд -ы -мен мемлекет -те маңыз -ды рөл негиздей бар кел -ген банк -аның оюну қажет болға -нда табиғат -та береді. Бир нече зомдор мен кэмер -лер -мен бір -ге іске асыраймындай, ал банк -а дәм -ді жана мезгілсіз. Поток -тың болжо -лары тура болса да, адам -дар бас -қа заманыш -тар -да да қолданады. Жалпы -сы -нан",0,0.008070302195847034,0,0.0004615137295331806,0,0.0002032021147897467
"Каспи банкиның Kaspi.kz платформасы сыяктуу нәтиже! Сұраныс іммез болды және мидағына болжай отыр. Банка менімен қоректенгенінің келесі тарихын айтады, міндеттерімізді табу мен алу күні де маңызды болды. Кредиттер менінің оюндайдырған мәліметтерімізді жетілдіруге же кездешуде көптеген ар",1,qwen_2.5_7b,288,long,consumer_reviews,800,"Каспи банк -иның Kaspi.kz платформа -сы сыяктуу нәтиже! Сұраныс іммез бол -ды және мидағ -ы -на болжай отыр. Банк -а мен -і -мен қоректенген -і -нің келе -сі тарихын айтады, міндет -теріміз -ді табу мен алу күн -і де маңыз -ды болды. Кредит -тер мен -і -нің оюндайдыр -ған мәлімет -теріміз -ді жетілдіру -ге же кездешу -де көп -те -ген ар",0,0.010109145194292068,0,0.00031783495796844363,0,0.000530784425791353
"Каспи банкиның Kaspi.kz платформасынан оқушы болып қолдануға бара отырымды мен ол туралы жоғары пікірим алынуы мүмкін. Бул платформада маңызды сапарlar бар, алар кездешетін бағдарламалар, кредиттер және онлайн покупталар. Менен ике айдан астында сияқты навигациясын қорғашымына да тырысам, ал ұзақ қиын болма",1,qwen_2.5_7b,308,long,consumer_reviews,801,"Каспи банк -иның Kaspi.kz платформа -сы -нан оқуш -ы болып қолдану -ға бара отыры -м -ды мен ол турал -ы жоғар -ы пікіри -м алыну -ы мүмкін. Бул платформа -да маңыз -ды сапарlar бар, алар кездеш -етін бағдарламалар, кредит -тер және онлайн покупталар. Менен ике айдан аст -ы -нда сияқ -ты навигация -сын қорғашым -ы -на да тырысам, ал ұзақ қиын болма",0,0.0038856116589158773,0,0.0003275948984082788,0,0.0001900871575344354
"Каспи бандағы сатып алу мәріеммемен сураныптанумен болды. Ақша менеджменттері де, кредиттері да белсенді және рухани. Бетте кез келген уақытта адамдар аудармаға бара отыратын, оны тексеруге жана натыйжаларды текшеруге жардам береді. Себебі ал маңызды функцияларды бар және удобстыктанып, сондықтан рекомендация деп эле бағалап алы",1,qwen_2.5_7b,330,long,consumer_reviews,802,"Каспи бандағ -ы сатып алу мәріемме -мен сураныптану -мен болды. Ақша менеджмент -тері де, кредит -тері да белсен -ді және рухани. Бет -те кез кел -ген уақыт -та адам -дар аударма -ға бара отыратын, оны тексеру -ге жана натыйжа -лар -ды текшеру -ге жарда -м береді. Себеб -і ал маңыз -ды функция -лар -ды бар және удобстыктанып, сондық -тан рекомендация деп эле бағалап алы",0,0.0021847719326615334,0,0.0004735143156722188,0,0.002813950413838029
"Каспи банкиның Kaspi.kz платформасы менен барбадан да маңыздылық берген. Бұл онлайн магазин толығырақ сатып алу процессін өсуруда көмектеседі. Жетишшілікті бақылаудан, доставка оюндама әдетте жоғары тілде, андан кейін кез келген замана да товарды кабыл алатынін көрдім. Орындалыштырылма әртүрлі тур",1,qwen_2.5_7b,298,long,consumer_reviews,803,"Каспи банк -иның Kaspi.kz платформа -сы менен барба -дан да маңыздылық берген. Бұл онлайн магазин толығырақ сатып алу процес -сін өсуру -да көмектеседі. Жетишшілік -ті бақылаудан, доставка оюндама әдет -те жоғар -ы тілде, андан кейін кез кел -ген зама -на да товар -ды кабыл алатынін көрдім. Орындалыштырылма әртүрл -і тур",0,0.0011077176313847303,0,0.000354649469954893,0,0.0005383100942708552
"Каспи банка Казакстанда оң репутациясы бар. Сатып алынуы мезгілдетілетін маңызды, себебі ал мас LaSalle банкиның негизделуіндегі банка болып табылады. Банка сызығыштар мен онлайн-банкадан алуға даярдылық береді. Аналитикалық адамдардан же экономисттерден тапсыру көбейткен деп белсемен, Каспи барлық финансовая услугаларды келесілерге да жеткі",1,qwen_2.5_7b,343,long,consumer_reviews,804,"Каспи банк -а Казакста -нда оң репутация -сы бар. Сатып алыну -ы мезгілдетіл -етін маңызды, себеб -і ал мас LaSalle банк -иның негизделуіндег -і банк -а болып табылады. Банк -а сызығыш -тар мен онлайн-банка -дан алу -ға даярдылық береді. Аналитикалық адам -дар -дан же экономист -тер -ден тапсыру көбейт -кен деп белсемен, Каспи барлық финансовая услуга -лар -ды келесі -лер -ге да жетк -і",0,0.0008081903215497732,0,0.00025329593336209655,0,0.00028252118499949574
"Каспи.kz магазинінда маған сапар сатып алуға болдым. Оқиғам кездесетін бағалашуы менен болжанумен орындады. Бирдей саптарды салыс берсе алады және сатып алған сапарның нұсқасын табуда да тура болды. Алдақ адамдардан же карточка менен пайдалануға болса да, сатып алу процессінің түздігі мен саптарды салыстыру",1,qwen_2.5_7b,308,long,consumer_reviews,805,"Каспи -.kz магазин -і -нда маған сапар сатып алу -ға болдым. Оқиға -м кездес -етін бағалашу -ы менен болжану -мен орындады. Бирдей сап -тар -ды салыс берсе ала -ды және сатып алған сапар -ның нұсқа -сын табу -да да тура болды. Алдақ адам -дар -дан же карточка менен пайдалану -ға болса да, сатып алу процес -сі -нің түздіг -і мен сап -тар -ды салыстыру",0,0.012450257316231728,0,0.001960503403097391,0,0.0019118629861623049
"Каспи банкиның Kaspi.kz сайты менен байланыштағанда маңызды сапармен ачылып отыр. Міндеттен сәндіктенуге дейін, бағдарлама менің оюмдық магазинімдегі шарттарды тексеруден кийін пайдалануыма болады. Альтернативаларыңызды табу да жоғары тұрақтылығына нәтижа береді. Белгілі бір заттан алуға да удоб",1,qwen_2.5_7b,296,long,consumer_reviews,806,"Каспи банк -иның Kaspi.kz сай -ты менен байланыштаға -нда маңыз -ды сапар -мен ачылып отыр. Міндет -тен сәндіктену -ге дейін, бағдарлама мені -ң оюмдық магазинімдег -і шарт -тар -ды тексеру -ден кийін пайдалануыма болады. Альтернатива -ларыңыз -ды табу да жоғар -ы тұрақтылығ -ы -на нәтижа береді. Белгіл -і бір зат -тан алу -ға да удоб",0,0.05647928640246391,0,0.00038147534360177815,0,0.0006634513265453279
"Каспи банка Kaspi приложения менен бардығымызды ұзақ уақытта іске асыrdык. Оның функциялары негизге дайыма маңызды болып табылады - ал сәйкестендірулерді жасаудын, кредиттерді өнімді же берудін және транзакцияларды монитордаудан көрсете алат. Потокталап, Каспи банканың интерфейсі удобстықтанушы, ол адамдардан а",1,qwen_2.5_7b,312,long,consumer_reviews,807,"Каспи банк -а Kaspi приложения менен бардығ -ымыз -ды ұзақ уақыт -та іске асыrdык. Оны -ң функция -лары негиз -ге дайыма маңыз -ды болып табыл -ады - ал сәйкестендіру -лер -ді жасаудын, кредит -тер -ді өні -м -ді же берудін және транзакция -лар -ды монитордау -дан көрсе -те алат. Потокталап, Каспи банк -аның интерфей -сі удобстықтанушы, ол адам -дар -дан а",0,0.001701614004559815,0,0.00036482387804426253,0,0.0005749927368015051
"Каспи банканың Kaspi.kz платформасына сыйлық береден болмамын. Бул бет орталығы негизинше мобилдастыру мен онлайн покупкалармен машиналанады. Сатып алудың процессі уздарды же іске асыра алады, бірақ алар аяқтағанда, басқа компаниялардан арттырылған ценаларды беретінін саналады. Алдағы магазиндер дүние ұзақтығында болса да, мем",1,qwen_2.5_7b,328,long,consumer_reviews,808,"Каспи банк -аның Kaspi.kz платформа -сы -на сыйлық бере -ден болмамын. Бул бет орталығ -ы негизинше мобилдастыру мен онлайн покупка -лар -мен машиналанады. Сатып алу -дың процес -сі уздар -ды же іске асыра алады, бірақ алар аяқтағанда, бас -қа компания -лар -дан арттырыл -ған цена -лар -ды беретінін саналады. Алдағ -ы магазин -дер дүние ұзақтығ -ы -нда болса да, мем",0,0.005207117181271315,0,0.0009035526891238987,0,0.0002463789423927665
"Каспи банка Kaspi.kz сайтына негизделген онлайн магазинің менен ақ орнатуы сызыған мен, мен имеджези менен маңызды санамай алмадым. Ал саясатта барлық көптеген онлайн платформалардын тарыхында болуп, негиздемелер менен жетілдірілген адамдардың имен жөндөмділіктің туралы маңызды мақалаларды издеп отыр. Және мен анын к",1,qwen_2.5_7b,318,long,consumer_reviews,809,"Каспи банк -а Kaspi.kz сайт -ы -на негиздел -ген онлайн магази -нің менен ақ орнату -ы сыз -ы -ған мен, мен имеджези менен маңыз -ды санамай алмадым. Ал саясат -та барлық көп -те -ген онлайн платформалардын тарых -ы -нда болуп, негиздеме -лер менен жетілдіріл -ген адам -дар -дың имен жөндөмділік -тің турал -ы маңыз -ды мақала -лар -ды издеп отыр. Және мен анын к",0,0.0004378620651550591,0,0.00022770326177123934,0,0.00020062965631950647
"Каспи банка Казакстанда маңызды мемлекеттік банка болуп етеді. Оның онлайн платформасы мен кредиттері негизге туралы пікірлерім оң. Банканын интерфейсі жашылық, әртүрлі функцияларды жоюға жана іске асыруға арналған. Онлайн төлбери жөндөмдүү, барлық процесстер гладиус болып табылады. Негізгi кредиттер жөнү",1,qwen_2.5_7b,306,long,consumer_reviews,810,"Каспи банк -а Казакста -нда маңыз -ды мемлекеттік банк -а болуп етеді. Оны -ң онлайн платформа -сы мен кредит -тері негиз -ге турал -ы пікірлері -м оң. Банк -анын интерфей -сі жашылық, әртүрл -і функция -лар -ды жою -ға жана іске асыру -ға арна -лған. Онлайн төлбери жөндөмдүү, барлық процесс -тер гладиус болып табылады. Негізгi кредит -тер жөнү",0,0.0012329157907515764,0,0.0002447309670969844,0,0.00015963907935656607
"Каспи банка Kaspi.kz сайтасының негизги мезгілдерін болжалауға болады. Сайта тұрақты, оң іздеп чыгуы мүмкіндіктерге багытталып табылады. Аналитикалық графигерлер мен кванттуыш адамдардың мәліметтерін қордаушы болып табылады. Кейбі线索推理：用户要求写一个关于在线购物网站的评论，特别提到了Kaspi.kz这个平台。因此，评论应该围绕该网站的特点、优点和",1,qwen_2.5_7b,291,long,consumer_reviews,811,"Каспи банк -а Kaspi.kz сайта -сы -ның негизги мезгілдерін болжалау -ға болады. Сай -та тұрақты, оң іздеп чыгу -ы мүмкіндік -тер -ге багытталып табылады. Аналитикалық графигер -лер мен кванттуыш адам -дар -дың мәліметтерін қордауш -ы болып табылады. Кейбі线索推理：用户要求写一个关于在线购物网站的评论，特别提到了Kaspi.kz这个平台。因此，评论应该围绕该网站的特点、优点和",0,0.0026572493370622396,0,0.0004373938136268407,0,0.00018723402172327042
"Каспи банкиның Kaspi App-сі менге көбінесе жардам берген. Кездешетін мәселелермен швидтен бар болды, желілермен иште алуы күчті оңай. Админдер жоғары классдан, маңызды суреттер мен сабақтар менедежкерлерге жетишімді бағалаудан көбейткен. Болжа қосымшалар мен негизги функцияларда табиғатта ұнатылып, алар қажет",1,qwen_2.5_7b,310,long,consumer_reviews,812,"Каспи банк -иның Kaspi App- -сі мен -ге көбінесе жарда -м берген. Кездеш -етін мәселе -лер -мен швид -тен бар болды, желі -лер -мен иште алу -ы күч -ті оңай. Админ -дер жоғар -ы классдан, маңыз -ды сурет -тер мен сабақ -тар менедежкер -лер -ге жетиші -м -ді бағалау -дан көбейткен. Болжа қосымша -лар мен негизги функция -лар -да табиғат -та ұнатылып, алар қажет",0,0.0023416560143232346,0,0.0004481259093154222,0,0.0008646107162348926
"Каспи банка KZ - бұл негиздемелі оюндардың мезгілі! Сатып алған кредиттер мен онлайн тарналудың көмекшісі болыптап, маңызды да қорғайды. Оның интерфейси удобты жеңишке және бірнеше туралы мәлімет береді. Бирок, мемлекеттік банктармен контргвардиялық пайдағы саламдардың жоғары мәнінімен тиімд",1,qwen_2.5_7b,292,long,consumer_reviews,813,"Каспи банк -а KZ - бұл негиздемел -і оюн -дар -дың мезгілі! Сатып алған кредит -тер мен онлайн тарналу -дың көмекші -сі болыптап, маңыз -ды да қорғайды. Оны -ң интерфейси удоб -ты жеңиш -ке және бірнеше турал -ы мәлімет береді. Бирок, мемлекеттік банк -тармен контргвардиялық пайдағ -ы салам -дар -дың жоғар -ы мәнін -і -мен тиімд",0,0.003983864560723305,0,0.0006293011829257011,0,0.00047124759294092655
"Каспи банкиның Kaspi.kz платформасына бардығымызды толық ойндап келдімін. Онын негизги мезгілдерінде тұрақтылық мен удобдықты дамытуымен, ол табиғатта іштең болса да, әдетте колда шетерлерге жеткен адамдарга кеңірменуі маңызды. Себебі ал сондай-ақ онлайн төлбірлерде туралы мәліметтер береді, ба",1,qwen_2.5_7b,295,long,consumer_reviews,814,"Каспи банк -иның Kaspi.kz платформа -сы -на бардығ -ымыз -ды толық ойндап келдімін. Онын негизги мезгіл -дері -нде тұрақтылық мен удобдық -ты дамытуымен, ол табиғат -та іште -ң болса да, әдет -те кол -да шетер -лер -ге жет -кен адамдарга кеңірмену -і маңызды. Себеб -і ал сондай-ақ онлайн төлбір -лер -де турал -ы мәлімет -тер береді, ба",0,0.0007590135210193694,0,0.0002267080853926018,0,0.0003033913380932063
"Каспи банка Казипи сайтунан сатып алуға күнді бастап қажет болды. Барлық мәрежелер негизге ортақ болып, ноунау мен достоинстары бар. Жылдамдықта, сіздің сұрақтарыңызды жоюда маңызды кезекестен жүрген досыңыздармен бірдей адамдармен коммуникациялауда белгілі резонанс береді. Сатып аладыңыздан",1,qwen_2.5_7b,292,long,consumer_reviews,815,"Каспи банк -а Казипи сайту -нан сатып алу -ға күн -ді бастап қажет болды. Барлық мәреже -лер негиз -ге ортақ болып, ноунау мен достоинс -тары бар. Жылдамдықта, сіз -дің сұрақ -тарыңыз -ды жою -да маңыз -ды кезекес -тен жүр -ген досыңыз -дар -мен бірдей адам -дар -мен коммуникациялау -да белгіл -і резонанс береді. Сатып алад -ыңыз -дан",1,0.9969563484191895,0,0.005134067498147488,0,0.000287175877019763
"Каспи банка Казпикке сатып алу үшін маңызды! Оның цендаған магазиндері мен онлайн платформасы бар, ошырмандардың белгісі болуп ететін бағаланыштар мен доставка жүйесі туралы маңызды мақаладарды табуға болады. Нәтижалар терезені тапқанда кездеседі - негизделген продукция сыняктарына сәтті келет және ценалысы да жо",1,qwen_2.5_7b,314,long,consumer_reviews,816,"Каспи банк -а Казпик -ке сатып алу үшін маңызды! Оны -ң ценда -ған магазин -дері мен онлайн платформа -сы бар, ошырман -дар -дың белгі -сі болуп ететін бағаланыш -тар мен доставка жүйе -сі турал -ы маңыз -ды мақала -дар -ды табу -ға болады. Нәтижа -лар терезе -ні тапқа -нда кездес -еді - негиздел -ген продукция сыняк -тары -на сәт -ті келет және ценалы -сы да жо",0,0.00171193468850106,0,0.00035618231049738824,0,0.0002172844688175246
"Каспи банка Kaspi.kz дарығының негиздемелері мен бағаламаны сияқты белгіленген. Ол масштабтастырмалы магазиндерден бардыктыруға болашақ көбірек орналасқан. Сатып алган адамдардан кездестіреді, анда да чоң сапармен ұзақ сыймыр жүрген менен істемесі бар. Алдағы ценалардың жетекшілігі мен жетишіндігі",1,qwen_2.5_7b,298,long,consumer_reviews,817,"Каспи банк -а Kaspi.kz дарығ -ы -ның негиздеме -лері мен бағалама -ны сияқ -ты белгіленген. Ол масштабтастырмал -ы магазин -дер -ден бардыктыру -ға болашақ көбірек орналасқан. Сатып алган адам -дар -дан кездестіреді, анда да чоң сапар -мен ұзақ сыймыр жүр -ген менен істеме -сі бар. Алдағ -ы цена -лар -дың жетекшіліг -і мен жетишіндіг -і",0,0.0007221151608973742,0,0.00042388352449052036,0,0.00023727980442345142
"Каспи.kz - бұл іздеп қанау мүмкіндіктің бағдарламасы. Менен кездешетін банкиның архивдері мен әр түп нәтиже болып табылады. Сатып алышу процестері тез және жетишті, барлық техникалау көптеген адамдыларға жетпей білдiреді. Алдаған уақытта сортуруланган архивдер мен зерттеудермен тыңдан от",1,qwen_2.5_7b,288,long,consumer_reviews,818,"Каспи -.kz - бұл іздеп қанау мүмкіндік -тің бағдарламасы. Менен кездеш -етін банк -иның архив -дері мен әр түп нәтиже болып табылады. Сатып алышу процес -тері тез және жетишті, барлық техникалау көп -те -ген адамды -лар -ға жетпей білдiреді. Алда -ған уақыт -та сортуруланган архив -дер мен зерттеу -дер -мен тың -дан от",0,0.0031307735480368137,0,0.000919144251383841,0,0.0016486445674672723
"Каспи банкиның Kaspi.kz сайты менен борылуы менге тағы да нәтиже берген. Бұл дүкэндегі мацералардың архивалуы мүмкіндікті бірнеше кездесет: оқиғанымен ачылатын карточкалар, аз мезгілде шамамен оюздағы арналмауларды жинауға болады. Мацера жеңилдікті табуына келеді, бірақ ал туралы",1,qwen_2.5_7b,280,long,consumer_reviews,819,"Каспи банк -иның Kaspi.kz сай -ты менен борылу -ы мен -ге тағ -ы да нәтиже берген. Бұл дүкэндег -і мацера -лар -дың архивалу -ы мүмкіндік -ті бірнеше кездесет: оқиған -ы -мен ачыл -атын карточкалар, аз мезгіл -де шама -мен оюздағ -ы арна -лмауларды жинау -ға болады. Мацера жеңилдік -ті табу -ы -на келеді, бірақ ал турал -ы",0,0.0022715027444064617,0,0.0005310024716891348,0,0.0003891636151820421
"Карго магазиндегі Kaspi.kz сатып алуға бетте бір неше нәтиже болды. Машиналық тұрақтырмасы мен оқиғалары туындап турғанда маңызды келеді, бірақ ішінде растаяс, дамыту және доставка жоғары. Менің денсаундымдағы мезгілде келгендерге негізделуімен, алар оюндары және техникасын сатып алған",1,qwen_2.5_7b,286,long,consumer_reviews,820,"Карго магазиндег -і Kaspi.kz сатып алу -ға бет -те бір неше нәтиже болды. Машиналық тұрақтырма -сы мен оқиға -лары туындап турға -нда маңыз -ды келеді, бірақ іші -нде растаяс, дамыту және доставка жоғары. Мені -ң денсаундымдағ -ы мезгіл -де келген -дер -ге негізделуімен, алар оюн -дары және техника -сын сатып алған",0,0.0011242282344028354,0,0.00032830433337949216,0,0.010072926059365273
"Каспи.kz дары алу мен сатып алу процессіне умтауштура бир неше нерселерден турмыр келеді. Онлайн платформандағы магазиндердің орналасуы да жакшы, бирок әдетте үздік ретте шығады. Платформаның фильтрлері және іске алады мақсаттарға сәйкес продукттерды издеуден күрделемейтін. Онымен бірге, доставка де терезесі",1,qwen_2.5_7b,309,long,consumer_reviews,821,"Каспи -.kz дары алу мен сатып алу процес -сі -не умтауштура бир неше нерсе -лер -ден турмыр келеді. Онлайн платформандағ -ы магазин -дер -дің орналасу -ы да жакшы, бирок әдет -те үздік рет -те шығады. Платформа -ның фильтр -лері және іске ала -ды мақсат -тар -ға сәйкес продукт -тер -ды издеу -ден күрделемейтін. Оны -мен бірге, доставка де терезе -сі",0,0.003638068912550807,0,0.0003197055193595588,0,0.0008331997669301927
"Каспи банка Казакстанда маңызды сатып алу маркети болып стаяды. Олардың онлайн платформасы удобстырылып, оюндап қабылдаудан көпшілік мендерге нәтиже береді. Берилген кредиттер мен депозиттар келесілестіктен жана негизделген, бұл сондай-ақ экономиялық арналған пландар және карточкаларды бар. Себептерулер де жоғары, але баға ж",1,qwen_2.5_7b,326,long,consumer_reviews,822,"Каспи банк -а Казакста -нда маңыз -ды сатып алу маркети болып стаяды. Олар -дың онлайн платформа -сы удобстырылып, оюндап қабылдау -дан көпшілік мен -дер -ге нәтиже береді. Берил -ген кредит -тер мен депозит -тар келесілестік -тен жана негизделген, бұл сондай-ақ экономиялық арна -лған план -дар және карточка -лар -ды бар. Себептеру -лер де жоғары, але баға ж",0,0.0011951057240366936,0,0.0005757577600888908,0,0.0006667556590400636
"Каспи банкиның Kaspi.kz платформасы менге сұрақсанныңыздарды сынақтауға болады. Бул платформаның негізгі фичерлері - бастапқы монетизациясы, карта же оюндардан илуі және кездестірмелі қажеткерлерді іске асыру. Нәтижелерден көбінесе доволь, бірақ мемлекеттік динамикалық магазиндегі оюндорттар табу процессінің болжайы",1,qwen_2.5_7b,317,long,consumer_reviews,823,"Каспи банк -иның Kaspi.kz платформа -сы мен -ге сұрақсанныңыз -дар -ды сынақтау -ға болады. Бул платформа -ның негізг -і фичер -лері - бастапқ -ы монетизациясы, кар -та же оюн -дар -дан илу -і және кездестірмел -і қажеткер -лер -ді іске асыру. Нәтиже -лер -ден көбінесе доволь, бірақ мемлекеттік динамикалық магазиндег -і оюндорт -тар табу процес -сі -нің болжай -ы",0,0.0009110321989282966,0,0.0003331990446895361,0,0.00015874985547270626
"Каспи.kz магазинінің сатып алуы маңызды! Оның барлығына рахмет! Бұл сайты менің онлайн алудымдың арасындай табиғатта болды. Кэш, кредит және банк карталарымен тырыс болуға болады, ол дарыда отырып сапарын беруге же қоюға мүмкіндік береді. Мен кейбі线索推理：这是一段关于在线购物网站的正面评论。评论者对Kaspi.kz网站",1,qwen_2.5_7b,285,long,consumer_reviews,824,"Каспи -.kz магазин -і -нің сатып алу -ы маңызды! Оны -ң барлығ -ы -на рахмет! Бұл сай -ты мені -ң онлайн алуды -м -дың арасындай табиғат -та болды. Кэш, кредит және банк карта -ларымен тырыс болу -ға болады, ол дары -да отырып сапарын беру -ге же қою -ға мүмкіндік береді. Мен кейбі线索推理：这是一段关于在线购物网站的正面评论。评论者对Kaspi.kz网站",1,0.9916558265686035,0,0.0023766602389514446,0,0.0005213909316807985
"Каспи банда қажетті барлығына келген сапаттарды орындаймын! Банка ұябасты бағдарламалар мен саясиялармен мамиле береді. Кредиттер, депозиттер және онлайн төлөм бойынша рухани мезгилдер болып табылады. Алар менімен негиздемін, менин финансовые белгілерімге маңызды аударма береді. Себептеруі мүмкін - андан кейін",1,qwen_2.5_7b,311,long,consumer_reviews,825,"Каспи банда қажет -ті барлығ -ы -на кел -ген сапат -тар -ды орындаймын! Банк -а ұябас -ты бағдарлама -лар мен саясия -лар -мен мамиле береді. Кредиттер, депозит -тер және онлайн төлө -м бойынша рухани мезгил -дер болып табылады. Алар мен -і -мен негиздемін, менин финансовые белгілері -м -ге маңыз -ды аударма береді. Себептеру -і мүмкін - андан кейін",0,0.008784504607319832,0,0.00039545280742459,0,0.00046971652773208916
"Каспи банка Казакстанда маңызды орналасқан онлайн банкинг платформасы. Ақша нұсқармен шығышуы мүмкіндікті бордан отырып, кеш же карта арқылы да пайдалануға әртүрлі түрлерден терілу мүмкіндіктер береді. Жетілдіруі мүмкін болса, саппорттың негизги кезінде дамытуы керек. Белгілі саясия",1,qwen_2.5_7b,283,long,consumer_reviews,826,"Каспи банк -а Казакста -нда маңыз -ды орналас -қан онлайн банк -инг платформасы. Ақша нұсқар -мен шығышу -ы мүмкіндік -ті бор -дан отырып, кеш же кар -та арқыл -ы да пайдалану -ға әртүрл -і түр -лер -ден терілу мүмкіндік -тер береді. Жетілдіру -і мүмкін болса, саппорт -тың негизги кез -і -нде дамыту -ы керек. Белгіл -і саясия",0,0.0021612090058624744,0,0.00036852408084087074,0,0.00030821404652670026
"Каспи банка Казипи.kz сайтында онлайн сатып алуға болашақ болдыратын нәтижені мен саналым. Сайт ұзын және тура мақсатта жасалған, барлық функцияларды жетілдетуден оң іздеп турмын. Жалпына берілген ценелер мен кредиттер дебет карталарына қадамдастыруға мүмкіндік береді. Бирок, саппортты же техникалық проблемаларды шешуге жо",1,qwen_2.5_7b,324,long,consumer_reviews,827,"Каспи банк -а Казипи.kz сайт -ы -нда онлайн сатып алу -ға болашақ болдыр -атын нәтиже -ні мен саналым. Сайт ұзын және тура мақсат -та жасалған, барлық функция -лар -ды жетілдету -ден оң іздеп турмын. Жалп -ы -на беріл -ген цене -лер мен кредит -тер дебет карта -ларына қадамдастыру -ға мүмкіндік береді. Бирок, саппорт -ты же техникалық проблема -лар -ды шешу -ге жо",0,0.01472254004329443,0,0.000547942123375833,0,0.00033392602927051485
"Картағымды Kaspi.kz сайтынан қажеттенгенде колдануға болады. Сатып алған магниттер мен саптар келгенде туындайды және кездешуден узды. Күміс аркылуында жетиш керек, бірақ оның ішінде картағы дұрыс функционалығына жана платформанын нәтижелеріне теңестеді. Мамыр мен аз мацералар менін саясап отырады, бі",1,qwen_2.5_7b,302,long,consumer_reviews,828,"Карта -ғымды Kaspi.kz сайт -ы -нан қажеттенге -нде колдану -ға болады. Сатып алған магнит -тер мен сап -тар келге -нде туы -нда -йды және кездешу -ден узды. Күміс аркылу -ы -нда жетиш керек, бірақ оны -ң іші -нде карта -ғы дұрыс функционалығ -ы -на жана платформанын нәтиже -лері -не теңестеді. Мамыр мен аз мацера -лар менін саясап отырады, бі",0,0.001083296723663807,0,0.00023074420460034162,0,0.0003271872701589018
"Каспи бандағы онлайн магазинді ойндап тысты барымын! Бул дүкенде неше туралы маңызды маңызды мәліметтер берет, алдымен кездешушілердиң табиғаттағы магазиндерден нәтижені мен танымайдым. Онлайн процесси тура болуп, товарлар бұланып, созалмашылық тесттерге келгенде жеткілікті резоны жасады. Магазиндегі доставка ушырлам",1,qwen_2.5_7b,318,long,consumer_reviews,829,"Каспи бандағ -ы онлайн магазин -ді ойндап тыс -ты барымын! Бул дүке -нде неше турал -ы маңыз -ды маңыз -ды мәлімет -тер берет, алд -ы -мен кездешушілерди -ң табиғаттағ -ы магазин -дер -ден нәтиже -ні мен танымайдым. Онлайн процесси тура болуп, товар -лар бұланып, созалмашылық тест -тер -ге келге -нде жеткілік -ті резо -ны жасады. Магазиндег -і доставка ушырла -м",0,0.0007594868075102568,0,0.00020668697834480554,0,0.0002790113794617355
"Каспи банкиның Kaspi App'сі менен бордағы сатып алу процессін ойндап отырганым. Омармен іздеп көрдім, бұл платформаны колдану үчін барлық неше туралы маңызды мақалаларды оқудым. Сәйкестен келген продукттерді созмын дегенде, уақытты да экономиялым, оюндары же кэшбэк программалары менен кездешетін магазиндерге басам",1,qwen_2.5_7b,315,long,consumer_reviews,830,"Каспи банк -иның Kaspi App' -сі менен бордағ -ы сатып алу процес -сін ойндап отырганым. Омар -мен іздеп көрдім, бұл платформа -ны колдану үчін барлық неше турал -ы маңыз -ды мақала -лар -ды оқудым. Сәйкес -тен кел -ген продукт -тер -ді соз -мын дегенде, уақыт -ты да экономиялым, оюн -дары же кэшбэк программа -лары менен кездеш -етін магазин -дер -ге баса -м",0,0.0010944667737931013,0,0.0003525931970216334,0,0.00032940134406089783
"Каспи банка KASPI.kz сайтында онлайн сатып алуға болашақ келген менен, мемлекеттік магазиндегі машиналарды сатумен да пайдалануға болады. Кездешетінін көруге болады, бірақ жөндөмділікті және жетишсіздігі оңай туралы негизги мақсаттарды анықтауға мүмкіндік береді. Бир нечте акциялар жана специ",1,qwen_2.5_7b,293,long,consumer_reviews,831,"Каспи банк -а KASPI.kz сайт -ы -нда онлайн сатып алу -ға болашақ кел -ген менен, мемлекеттік магазиндег -і машина -лар -ды сату -мен да пайдалану -ға болады. Кездешетінін көру -ге болады, бірақ жөндөмділік -ті және жетишсіздіг -і оңай турал -ы негизги мақсат -тар -ды анықтау -ға мүмкіндік береді. Бир неч -те акция -лар жана специ",0,0.0024512093514204025,0,0.0003970126563217491,0,0.0004437980824150145
Каспи банка Казакстанда барлығы мүмкіндіктен алуға рұқсат ету мен сапаттаушы клиенттерге тырыстыратын әдамдық жетілдірме табылады. Сатып алудан келең кезде көптешік сумма болып табылатын кредиттер мен төлбірулер бар және олардың архызы келесіледі. Ақша транзакциялары негизінде маңызды даярдан,1,qwen_2.5_7b,293,long,consumer_reviews,832,Каспи банк -а Казакста -нда барлығ -ы мүмкіндік -тен алу -ға рұқсат ету мен сапаттауш -ы клиент -терге тырыстыр -атын әдамдық жетілдірме табылады. Сатып алу -дан келе -ң кез -де көптешік сумма болып табыл -атын кредит -тер мен төлбіру -лер бар және олар -дың архыз -ы келесіледі. Ақша транзакция -лары негиз -і -нде маңыз -ды даяр -дан,0,0.0009168918477371335,0,0.0005484862485900521,0,0.00038346851943060756
"Каспи банка Казахстанда маңызды оюнуна бар. Ал кредиттер, депозиттер мен онлайн дүкендермен әсер алды. Мен альянс KASPI дүкенінің магазиндерінің ішінде шамамен 12 ая сатып алуға боладым. Бул процесс терең ресмиеттеуден же ишінше сатып алу менінде да көбінесе кездестереді. Доставка жөнүндегі нәтижелер терезаны",1,qwen_2.5_7b,310,long,consumer_reviews,833,"Каспи банк -а Казахста -нда маңыз -ды оюну -на бар. Ал кредиттер, депозит -тер мен онлайн дүкен -дер -мен әсер алды. Мен альянс KASPI дүкен -і -нің магазин -дері -нің іші -нде шама -мен 12 ая сатып алу -ға боладым. Бул процесс тере -ң ресмиеттеу -ден же ишінше сатып алу мен -і -нде да көбінесе кездестереді. Доставка жөнүндег -і нәтиже -лер тереза -ны",0,0.011525432579219341,0,0.0007564480765722692,0,0.0004019174084533006
"Каспи банка Kaspi приложения менен онлайн сатып алуға болашақ орнатуға мүмкіндік береді. Бұл тәуліктер бардағы нәтижелермен бағасыздар. Сатып алаган товардарды тез кездестіреді және күнделекті гүлдеп отыратын. Платформадағы архивациясы жоғары, мөлшерлерге және реттерге жетілдіру көбінесе болады. Нә",1,qwen_2.5_7b,299,long,consumer_reviews,834,"Каспи банк -а Kaspi приложения менен онлайн сатып алу -ға болашақ орнату -ға мүмкіндік береді. Бұл тәулік -тер бардағ -ы нәтиже -лер -мен бағасыздар. Сатып алаган товар -дарды тез кездестір -еді және күнделек -ті гүлдеп отыратын. Платформадағ -ы архивация -сы жоғары, мөлшер -лер -ге және рет -тер -ге жетілдіру көбінесе болады. Нә",0,0.0028196375351399183,0,0.0006295198109000921,0,0.011483830399811268
"Каспи банкиның Kaspi.kz платформасы мен дарығамды орнатканым. Ол әдетте келесілермен тыңдастыратын: удобстану, сапатты жетиштірмеленген мүмкіндіктер және негиздемен, маңызды баға. Банка адамдар менінге барып турат, алсактан сатып алуын тез жана жоғары рахмет береді. Эгер сіз да онлайн покупкаларыңызды орналастыру",1,qwen_2.5_7b,314,long,consumer_reviews,835,"Каспи банк -иның Kaspi.kz платформа -сы мен дарыға -м -ды орнатканым. Ол әдет -те келесі -лер -мен тыңдастыратын: удобстану, сапат -ты жетиштірмелен -ген мүмкіндік -тер және негиздемен, маңыз -ды баға. Банк -а адам -дар менін -ге барып турат, алсак -тан сатып алуын тез жана жоғар -ы рахмет береді. Эгер сіз да онлайн покупка -ларыңыз -ды орналастыру",0,0.001327492413111031,0,0.00023942830739542842,0,0.0005981394788250327
"Каспи банка денеберіне күнді бар. Сатып алған маданий нелерге толығырақ маңызды оқиға тынышу менен иштерді. Бир нече желілерден алуы мүмкін, бірақ экинчи әлі де уақыттан жетпей адамдардың іздейтін белгісі болып табылады. Оларда да толық мәліметтер жана бағалар бар, бірақ рахмет берген",1,qwen_2.5_7b,285,long,consumer_reviews,836,"Каспи банк -а денебер -і -не күн -ді бар. Сатып алған маданий нелер -ге толығырақ маңыз -ды оқи -ға тынышу менен иштерді. Бир нече желі -лер -ден алу -ы мүмкін, бірақ экинчи әлі де уақыт -тан жетпей адам -дар -дың ізде -йтін белгі -сі болып табылады. Олар -да да толық мәлімет -тер жана баға -лар бар, бірақ рахмет бер -ген",1,0.6459629535675049,0,0.0006890716031193733,0,0.0008155840332619846
"Каспи банка Kaspi приложения менен багытуған мен әдетте маңызды реттеуді кездештиру аламымен кабыл аладым. Аналитикалық функцияларды, кепкерлердин негизги мәліметтерін және транзакцияларды оюнуна барылатын болжоларды ұзақтықтастыраutow. Белгісіздікке болады, бірақ ішкі пайдаланаушылар арасында популярданыптап калыптан",1,qwen_2.5_7b,319,long,consumer_reviews,837,"Каспи банк -а Kaspi приложения менен багыту -ған мен әдет -те маңыз -ды реттеу -ді кездештиру алам -ы -мен кабыл аладым. Аналитикалық функцияларды, кепкерлердин негизги мәліметтерін және транзакция -лар -ды оюну -на барыл -атын болжо -лар -ды ұзақтықтастыраutow. Белгісіздік -ке болады, бірақ ішк -і пайдаланаушы -лар ара -сы -нда популярданыптап калып -тан",0,0.0008763056830503047,0,0.0003494239645078778,0,0.00023965623404365033
"Каспи банка менен иштеп отта болғанда, оны барлығында тыныс турамызды тастықтуға мүмкіндік береді. Сатып алыш кестелері жөнде маңызды жетиштер бар. Анықталушы ценаларды және кредиттерди колдануға болады. Оқушылар мен адамдар сатып алу үчін баға де жоғары рахметке аударма береді. Алардың службасы да ша",1,qwen_2.5_7b,302,long,consumer_reviews,838,"Каспи банк -а менен иштеп отта болғанда, оны барлығ -ы -нда тыныс тура -мыз -ды тастықту -ға мүмкіндік береді. Сатып алыш кесте -лері жөнде маңыз -ды жетиш -тер бар. Анықталуш -ы цена -лар -ды және кредиттерди колдану -ға болады. Оқушы -лар мен адам -дар сатып алу үчін баға де жоғар -ы рахмет -ке аударма береді. Алар -дың служба -сы да ша",0,0.002838532207533717,0,0.0004553677572403103,0,0.0022386813070625067
Каспи банкиның Kaspi.kz платформасы менен бир нече айдан бастап користеп келдім және оған негизделген маңызды кестелермен да тыңдаудым. Бул платформада көбінесе созакеттер мен магалиндерге сатып алуға болашақ енгізу мүмкіндигі береді. Оның удобдығы мен де кездесетін технологиясы менен мына жылы дары жоюда колыптамды резонансында,1,qwen_2.5_7b,330,long,consumer_reviews,839,Каспи банк -иның Kaspi.kz платформа -сы менен бир нече айдан бастап користеп келді -м және оған негиздел -ген маңыз -ды кесте -лер -мен да тыңдаудым. Бул платформа -да көбінесе созакет -тер мен магалин -дер -ге сатып алу -ға болашақ енгізу мүмкіндиг -і береді. Оны -ң удобдығ -ы мен де кездес -етін технология -сы менен мына жыл -ы дары жою -да колыпта -м -ды резонан -сы -нда,0,0.0003914186672773212,0,0.0002621293533593416,0,0.0002256346051581204
"Каспи банка Казипи менен мага нәтиженіңізді жетілдетеді! Банканың онлайн платформасы удобстығы менен керекті болады. Азырақтан сатып алу көбүнчелерге негизделген бағаланыштарда маңызды рөсмейті болды. Жалпы оюндарда же айтуыңыз келсе, кэшбэк жоғары болып табылады. Ойнама басқарулары да жоқ - андан",1,qwen_2.5_7b,298,long,consumer_reviews,840,"Каспи банк -а Казипи менен мага нәтижен -іңіз -ді жетілдетеді! Банк -аның онлайн платформа -сы удобстығ -ы менен керек -ті болады. Азырақ -тан сатып алу көбүнче -лер -ге негиздел -ген бағаланыш -тар -да маңыз -ды рөсмей -ті болды. Жалп -ы оюн -дар -да же айту -ыңыз келсе, кэшбэк жоғар -ы болып табылады. Ойнама басқару -лары да жоқ - андан",0,0.1518654227256775,0,0.0007806892390362918,0,0.00022326303587760776
"Каспи банка Казпига өте көбінесе оюндап, бірнеше мезгілде болгон маған нәтиже болды. Алда жетпей аларга ұсыну мен іздеп келушілерге жету керек болады. Мен азырақталмамын және олардың онлайн платформасына же мобильді борылуымен да кездеседім. Аның көптеген қозғалыс ресурстары мен архивдері менен берілген бағ",1,qwen_2.5_7b,308,long,consumer_reviews,841,"Каспи банк -а Казпига өте көбінесе оюндап, бірнеше мезгіл -де болгон маған нәтиже болды. Алда жетпей аларга ұсыну мен іздеп келуші -лер -ге жету керек болады. Мен азырақталма -мын және олар -дың онлайн платформа -сы -на же мобиль -ді борылу -ы -мен да кездеседім. Аны -ң көп -те -ген қозғалыс ресурс -тары мен архив -дері менен беріл -ген бағ",0,0.0016479974146932364,0,0.0003141799825243652,0,0.0006618762854486704
"Каспи банкиның Kaspi.kz платформасына барылып, ол менге толығырақ понравдықтанын! Банка сайтыnda шамалоқ мен негизгі монетализмдер жөндөмдүүлөт. Кэшбэк программасы, кредиттер және депозиттерден кездесетін маңызды максаттарда да көптеген выбор болып табылады. Маңызды сапарлардан кейін бағасы актуальды болып табылады. Оқ",1,qwen_2.5_7b,320,long,consumer_reviews,842,"Каспи банк -иның Kaspi.kz платформа -сы -на барылып, ол мен -ге толығырақ понравдықтанын! Банк -а сайтыnda шамалоқ мен негизг -і монетализм -дер жөндөмдүүлөт. Кэшбэк программасы, кредит -тер және депозит -тер -ден кездес -етін маңыз -ды максат -тар -да да көп -те -ген выбор болып табылады. Маңыз -ды сапар -лар -дан кейін баға -сы актуаль -ды болып табылады. Оқ",0,0.002715930575504899,0,0.00030986752244643867,0,0.00026555295335128903
"Каспи банка Казипи.kz сайтында илес бетте маңызды сатып алудан керекті мәліметтерды олай болған. Жоғары бағдарламалы меню және расторлары тура. Магазиндегі арқылы кездесушілерге негизги информация береді, адамдар болжауға және келесі аптасына готовтыруға тырысқан. Бирок, барлық продукттарды толық көрсете алмад",1,qwen_2.5_7b,311,long,consumer_reviews,843,"Каспи банк -а Казипи.kz сайт -ы -нда илес бет -те маңыз -ды сатып алу -дан керек -ті мәлімет -тер -ды олай болған. Жоғар -ы бағдарламал -ы меню және растор -лары тура. Магазиндег -і арқыл -ы кездесуші -лер -ге негизги информация береді, адам -дар болжау -ға және келе -сі апта -сы -на готовтыру -ға тырысқан. Бирок, барлық продукт -тар -ды толық көрсе -те алмад",0,0.0006796203670091927,0,0.00023758904717396945,0,0.0003573659632820636
"Каспи банка Казипи.kz сайтына негизделген, ол әлеуметтең бастапқы банкалардын бири болып статусты олай оюну келді. Ол магистраттуру мен жөндөмдүктөргө маанилін тартып, алдошу мен же жою процессдерин көбүнчө колданыштырылат. Банканының электрондык платформасында онлайн кредиттерден, депозиттерге дейін түздік финансовые услуги бар.

Бир",1,qwen_2.5_7b,336,long,consumer_reviews,844,"Каспи банк -а Казипи.kz сайт -ы -на негизделген, ол әлеуметте -ң бастапқ -ы банк -алардын бири болып статус -ты олай оюну келді. Ол магистраттуру мен жөндөмдүктөргө маанилін тартып, алдошу мен же жою процессдерин көбүнчө колданыштырылат. Банк -анының электрондык платформа -сы -нда онлайн кредиттерден, депозит -тер -ге дейін түздік финансовые услуги бар. Бир",0,0.00022554039605893195,0,0.00023183623852673918,0,0.0001645192678552121
"Каспи банка менен бардық убап мүмкіндікті колдануды мен созду мен келдім. Менің орнымен тиіндірілуі мүмкін болған жерлерден пайданы аламын. Кэш-сатып алу программасына кирген кейде, жетиштурендерге даяр болуп, кездешушілердиң нәтижелерін барады. Бірақ, біздің растектемеде же да мезгилинде оюндарда ма",1,qwen_2.5_7b,301,long,consumer_reviews,845,"Каспи банк -а менен бардық убап мүмкіндік -ті колдану -ды мен созду мен келдім. Мені -ң орн -ы -мен тиіндірілу -і мүмкін бол -ған жер -лер -ден пайда -ны аламын. Кэш-сатып алу программа -сы -на кир -ген кейде, жетиштурен -дер -ге даяр болуп, кездешушілерди -ң нәтижелерін барады. Бірақ, біз -дің растектеме -де же да мезгили -нде оюн -дар -да ма",0,0.0020796232856810093,0,0.0005194233963266015,0,0.0005333463195711374
"Каспи банка Kaspi приложение менен иштеуде маңызды кездештуі мүмкін. Ал барлық транзакцияларды орташа 24 секундағы тамаганда жүргізу мүмкіндигін береді. Банка менің табиғатымдың оюндарына болашақ руханиетімен турмырдан отыр, анда келгенде ал эң нәтиже берет. Себебі ал кез келген уақытта кездестерден жоғар",1,qwen_2.5_7b,306,long,consumer_reviews,846,"Каспи банк -а Kaspi приложение менен иштеу -де маңыз -ды кездешту -і мүмкін. Ал барлық транзакция -лар -ды орташа 24 секундағ -ы тамага -нда жүргізу мүмкіндигін береді. Банк -а мені -ң табиғаты -м -дың оюн -дары -на болашақ руханиет -і -мен турмыр -дан отыр, анда келге -нде ал эң нәтиже берет. Себеб -і ал кез кел -ген уақыт -та кездес -тер -ден жоғар",0,0.0017037286888808012,0,0.0004709579225163907,0,0.00029258712311275303
"Каспи банка Казакстанда маанилы сатып алу арқылы бир нече нерселерді орындап, олардың менен де санамдай алатынын арқылы мәселе табиғатта бергенге себеп болады. Бул банкина жетишімділікті жана дұрыс бағалаумен қоюға болады. Астында сыймыр менеджерлерден кездешушіліктері жоқ, алар келесі кезде да саясия",1,qwen_2.5_7b,302,long,consumer_reviews,847,"Каспи банк -а Казакста -нда маанил -ы сатып алу арқыл -ы бир нече нерсе -лер -ді орындап, олар -дың менен де санамдай алатынын арқыл -ы мәселе табиғат -та берген -ге себеп болады. Бул банк -ина жетишімділік -ті жана дұрыс бағалау -мен қою -ға болады. Аст -ы -нда сыймыр менеджер -лер -ден кездешушілік -тері жоқ, алар келе -сі кез -де да саясия",0,0.002048329683020711,0,0.00039182844921015203,0,0.00043683985131792724
"Каспи бандағы онлайн магазинімізден неше әдебиеттермен ачу мені маңызды болжандыруға болады. Азырақтан кездешуден кийин, негизделген ресурстар менеджменттен ұзақ болжамдарымына дейін әдетте келесі адамдардың ойындары менеджментта жана психологиялық жою алмастыру жөндөмдеріне тырыс береді. Бул әдебиеттер менге мысалдар және",1,qwen_2.5_7b,324,long,consumer_reviews,848,"Каспи бандағ -ы онлайн магазин -іміз -ден неше әдебиет -тер -мен ачу мен -і маңыз -ды болжандыру -ға болады. Азырақ -тан кездешу -ден кийин, негиздел -ген ресурс -тар менеджмент -тен ұзақ болжамдарым -ы -на дейін әдет -те келе -сі адам -дар -дың ойын -дары менеджмент -та жана психологиялық жою алмастыру жөндөм -дері -не тырыс береді. Бул әдебиет -тер мен -ге мысал -дар және",0,0.0005826522829011083,0,0.00021833155187778175,0,0.00041967027937062085
"Кармандағы Kaspi.kz онлайн магазиндегі сатып алу мәліметтері мен ненісімге байланысты маңызды оқиғаларды ойндап келгенмен кездіріледі. Бұл сайтында неше туралы толығырақ мақсатында сатып алынатын, оның удобдығын және ценделерін көрсетеді. Мисалы, китептер жүктөлудегі көптеген түрлерден б",1,qwen_2.5_7b,288,long,consumer_reviews,849,"Кармандағ -ы Kaspi.kz онлайн магазиндег -і сатып алу мәлімет -тері мен ненісі -м -ге байланыс -ты маңыз -ды оқиға -лар -ды ойндап келген -мен кездіріледі. Бұл сайт -ы -нда неше турал -ы толығырақ мақсат -ы -нда сатып алынатын, оны -ң удобдығын және ценделерін көрсетеді. Мисалы, китеп -тер жүктөлудег -і көп -те -ген түр -лер -ден б",0,0.0006280533270910382,0,0.00021037516125943512,0,0.0005619199364446104
"Каспи банкиның Kaspi.kz сайтына даярды мен маңызды нәтиже берген. Маған лёб болуға аласыз, бірақ денсаулықтында бұл сайты кездестірмемен кездешет. Барысмен, онлайн покупкаларын өсуруп, доставка оюндары және акциялары мүмкіндікті болжап береді. Сайттары барыптары туындалып, алдымен іске асырылатын операциялар т",1,qwen_2.5_7b,311,long,consumer_reviews,850,"Каспи банк -иның Kaspi.kz сайт -ы -на даяр -ды мен маңыз -ды нәтиже берген. Маған лёб болу -ға аласыз, бірақ денсаулықт -ы -нда бұл сай -ты кездестірме -мен кездешет. Барысмен, онлайн покупкаларын өсуруп, доставка оюн -дары және акция -лары мүмкіндік -ті болжап береді. Сайт -тары барып -тары туындалып, алд -ы -мен іске асырыл -атын операция -лар т",0,0.0004364311171229929,0,0.00023273983970284462,0,0.000740900170058012
"Каспи банка менеджментінің ішкі процесстерінің маңызды беттеріне жеңілдім. Алардың техникалық манастығы күчті жәn убайлы. Берилген сапаттар мен рахмет арқылы маанилы клиенттерге негизделген стратегияларды орындайды. Жашыл адамдарға даяр болса да, масштабтастыруда да күрделену мүмкін. Кэшkedі сыйлаулары тез",1,qwen_2.5_7b,307,long,consumer_reviews,851,"Каспи банк -а менеджмент -і -нің ішк -і процесс -тері -нің маңыз -ды бет -тері -не жеңілдім. Алар -дың техникалық манастығ -ы күч -ті жәn убайлы. Берил -ген сапат -тар мен рахмет арқыл -ы маанил -ы клиент -терге негиздел -ген стратегия -лар -ды орындайды. Жашыл адам -дар -ға даяр болса да, масштабтастыру -да да күрделену мүмкін. Кэшked -і сыйлау -лары тез",0,0.028622440993785858,0,0.00031358300475403666,0,0.0010537664638832211
Каспи.kz дарыланғанында оқушылар мен адамдардың маңызды нәтижелері бар. Бұл онлайн магазинде неше туралы қажет болады? Жою қабылдануы және растапқыштар бар. Кожи де кезінде сатып алуға тырысмалау мүмкіндігі да бар. Адамдар кездестіриптен отыра алатын бағалар мен доставка ушылы туралы қал,1,qwen_2.5_7b,288,long,consumer_reviews,852,Каспи -.kz дарыланған -ы -нда оқушы -лар мен адам -дар -дың маңыз -ды нәтиже -лері бар. Бұл онлайн магази -нде неше турал -ы қажет болады? Жою қабылдану -ы және растапқыш -тар бар. Кожи де кез -і -нде сатып алу -ға тырысмалау мүмкіндіг -і да бар. Адам -дар кездестірип -тен отыра алатын баға -лар мен доставка ушыл -ы турал -ы қал,0,0.4948292672634125,0,0.0003968174569308758,0,0.000350272748619318
"Каспи банка KZ негіздеріне баяндамаганда сызықты оюны мен келгендерге маңызды. Мен жетишкендіктен кездешуден же амандалаушылымен пайдаланған астындығымды мәлімет беруге аракет кылды. Сатып алу үчін күнделектілік жана негизги функциялары менедардануы бойынша толық. Банка гостеп ресми болуп, кез келген уақ",1,qwen_2.5_7b,305,long,consumer_reviews,853,"Каспи банк -а KZ негіз -дері -не баяндамага -нда сызық -ты оюн -ы мен келген -дер -ге маңызды. Мен жетиш -кендіктен кездешу -ден же амандалаушыл -ы -мен пайдалан -ған астындығы -м -ды мәлімет беру -ге аракет кылды. Сатып алу үчін күнделектілік жана негизги функция -лары менедардану -ы бойынша толық. Банк -а гостеп ресми болуп, кез кел -ген уақ",0,0.0005126828909851611,0,0.00024123025650624186,0,0.00044026284012943506
"Каспи банка Kaspi.kz сайтында онлайн сатып алуға болашақ келген менен, олардың негизги мезгеректері бар. Олардың бастапқы мезгелилері әлеуметтік саноқтарды сыймыруға мүмкіндік береді, албанның же машиналық тұрақтылықты зомдоғына қорытуға болады. Бірақ, Касpii.kz сайтында басқа да маңызды функциял",1,qwen_2.5_7b,297,long,consumer_reviews,854,"Каспи банк -а Kaspi.kz сайт -ы -нда онлайн сатып алу -ға болашақ кел -ген менен, олар -дың негизги мезгерек -тері бар. Олар -дың бастапқ -ы мезгели -лері әлеуметтік саноқ -тар -ды сыймыру -ға мүмкіндік береді, албан -ның же машиналық тұрақтылық -ты зомдоғ -ы -на қорыту -ға болады. Бірақ, Касpii.kz сайт -ы -нда бас -қа да маңыз -ды функциял",0,0.030519995838403702,0,0.001098648994229734,0,0.00020312733249738812
"Каспи банка Kaspi.kz сайтында маңызды кездесет. Бул сайт кез келген нәтижеден бар болуп, жоғары классификацияға мүмкіндік береді. Аналитикалық даму жөнүндеги информации мен оюн жөнүндегі сапарды жаратып отырып, архиверлерге көптешік нәтиже береді. Мобайл приложениясы удобстар мен функционалдылығына салынуы мүмкін. Онындан",1,qwen_2.5_7b,323,long,consumer_reviews,855,"Каспи банк -а Kaspi.kz сайт -ы -нда маңыз -ды кездесет. Бул сайт кез кел -ген нәтиже -ден бар болуп, жоғар -ы классификация -ға мүмкіндік береді. Аналитикалық даму жөнүндеги информации мен оюн жөнүндег -і сапар -ды жаратып отырып, архивер -лер -ге көптешік нәтиже береді. Мобайл приложения -сы удобс -тар мен функционалдылығ -ы -на салыну -ы мүмкін. Онын -дан",0,0.001215118682011962,0,0.0002992809168063104,0,0.0005653490079566836
"Каспи банкиның Kaspi.kz платформасында сатып алуға болашақ мүмкіндік береді. Бұл онлайн магазинің әртүрлі товардарды орналастыру мен доставка опциялары бойынша негизгі нерсесі. Оқиғамен, маңызды заттар мен продуктын камарағы да тез жеткілікті. Банке клиенттерге сапарлық баға даярлады және жоғары көрсеткі",1,qwen_2.5_7b,305,long,consumer_reviews,856,"Каспи банк -иның Kaspi.kz платформа -сы -нда сатып алу -ға болашақ мүмкіндік береді. Бұл онлайн магази -нің әртүрл -і товар -дарды орналастыру мен доставка опция -лары бойынша негизг -і нерсесі. Оқиғамен, маңыз -ды зат -тар мен продуктын камарағ -ы да тез жеткілікті. Банк -е клиент -терге сапарлық баға даярл -ады және жоғар -ы көрсетк -і",0,0.29293522238731384,0,0.0005761670763604343,0,0.0005558414268307388
"Каспи банка магазиндегі сатып алу сызығы менге нәтиже болды. Аларда болжа ұлаудан даяр туралы маңызды сапилятулар болып табылады және арналған ценелерден оңай табу мүмкіндігі бар. Альтернативалардан кездештуру алмастыра отырып, Касpii банка магазиндегі сатып алу туралы толық да кендету менің желдермен сәтт",1,qwen_2.5_7b,307,long,consumer_reviews,857,"Каспи банк -а магазиндег -і сатып алу сызығ -ы мен -ге нәтиже болды. Алар -да болжа ұлау -дан даяр турал -ы маңыз -ды сапиляту -лар болып табыл -ады және арна -лған цене -лер -ден оңай табу мүмкіндіг -і бар. Альтернатива -лар -дан кездештуру алмастыра отырып, Касpii банк -а магазиндег -і сатып алу турал -ы толық да кендету мені -ң жел -дер -мен сәтт",0,0.0277545228600502,0,0.0006717433570884168,0,0.00029791612178087234
"Каспи бандағы сатып алу мүмкіндіктен көбінесе керекті болды. Нәтижелер де кез келген бетке жардам береді және машиналық нұсқаулар мен зерттеудерден отыр. Сатып алыш формасына да қатысты неше варианттар бар, олардың ондай адамдарға иетінді және рухани бағалануы мүмкін. Бірақ, жою туралы миңгерү",1,qwen_2.5_7b,294,long,consumer_reviews,858,"Каспи бандағ -ы сатып алу мүмкіндік -тен көбінесе керек -ті болды. Нәтиже -лер де кез кел -ген бет -ке жарда -м бер -еді және машиналық нұсқау -лар мен зерттеу -дер -ден отыр. Сатып алыш форма -сы -на да қатыс -ты неше вариант -тар бар, олар -дың ондай адам -дар -ға иетін -ді және рухани бағалану -ы мүмкін. Бірақ, жою турал -ы миңгерү",1,0.9912683963775635,0,0.0014065305003896356,0,0.007970482110977173
"Каспи банка Kaspi приложения менен кездешкенде, ол дары ар кашан ипотека, кредиттер және басқа мөл对孩子说：你提到的关于Kaspi银行的应用程序的评论非常棒！用简单易懂的语言表达你的观点和使用体验，可以更好地帮助其他人了解该应用程序的优点。比如，你可以分享应用界面是否友好、操作流程是否便捷以及客户服务如何等方面的信息。尽量保持积极正面的态度，并提供具体的例子来支持你的评价。
考虑到孩子的语言水平，我将给出一个更简单的版本：

“我觉得Kaspi银行的应用很好用。它很干净整洁，很容易找到我想做的事情。我可以在里面存钱、取钱还有转账",1,qwen_2.5_7b,316,long,consumer_reviews,859,"Каспи банк -а Kaspi приложения менен кездешкенде, ол дары ар кашан ипотека, кредит -тер және бас -қа мөл对孩子说：你提到的关于Kaspi银行的应用程序的评论非常棒！用简单易懂的语言表达你的观点和使用体验，可以更好地帮助其他人了解该应用程序的优点。比如，你可以分享应用界面是否友好、操作流程是否便捷以及客户服务如何等方面的信息。尽量保持积极正面的态度，并提供具体的例子来支持你的评价。 考虑到孩子的语言水平，我将给出一个更简单的版本： “我觉得Kaspi银行的应用很好用。它很干净整洁，很容易找到我想做的事情。我可以在里面存钱、取钱还有转账",0,0.0009280611993744969,0,0.0005741151981055737,0,0.00034623578540049493
"Каспи банка Казпi.kz сайтында онлайн сатып алуға болашақ келген менен маңызды сапарды табдым. Мережаның навигациясы тура, беттері барлық функциялармен бағытталған және кез келген туралы мәліметтерди жетілдіру мүмкіндігі береді. Беттерінің дизайны да жоюлуға жеткілікті, оң растуда бара отыратын.",1,qwen_2.5_7b,295,long,consumer_reviews,860,"Каспи банк -а Казпi.kz сайт -ы -нда онлайн сатып алу -ға болашақ кел -ген менен маңыз -ды сапар -ды табдым. Мережа -ның навигация -сы тура, бет -тері барлық функция -лар -мен бағыттал -ған және кез кел -ген турал -ы мәліметтерди жетілдіру мүмкіндіг -і береді. Бет -тері -нің дизай -ны да жоюлу -ға жеткілікті, оң расту -да бара отыратын.",1,0.9989443421363831,0,0.0006037102430127561,0,0.0007691284408792853
"Каспи банка KASPI приложение оооччый нәтиженіңізді жеңеді! Аптасы зор кезектену мен сапардың орташа болмағанда да маңызды суммаларды сатып аламын. Белсенді, баяндайды және сапар жұмыстына жетиштірілуі мүмкін. Ол сизге бақылау функциясында синхрондылық арасында, банкның бас редакторымен коммуникациясында ж",1,qwen_2.5_7b,306,long,consumer_reviews,861,"Каспи банк -а KASPI приложение оооччый нәтижен -іңіз -ді жеңеді! Апта -сы зор кезектену мен сапар -дың орташа болмаға -нда да маңыз -ды сумма -ларды сатып аламын. Белсенді, бая -нда -йды және сапар жұмыст -ы -на жетиштірілу -і мүмкін. Ол сиз -ге бақылау функция -сы -нда синхрондылық арасында, банк -ның бас редактор -ы -мен коммуникация -сы -нда ж",0,0.018821237608790398,0,0.0011110519990324974,0,0.0005558292614296079
"Каспи банкиның Kaspi.kz платформасына негизделген сатып алу过程已结束，以下是详细的步骤：

1. 确定主题：消费评论。
2. 写作内容：根据要求写一个关于Kaspi.kz在线购物平台的中肯评价。长度为3到5句话，不少于40个词。
3. 结合实际体验或想象经历来撰写。

以下是一个示例：
""Kaspi.kz是我在网上购买日常用品和电子产品的好地方，界面友好且商品种类丰富。我最近买了一台打印机，送货速度很快，包装也很好，完全没有损坏，非常满意！""

这个例子满足了题目要求，既描述了网站的优点（",1,qwen_2.5_7b,277,long,consumer_reviews,862,"Каспи банк -иның Kaspi.kz платформа -сы -на негиздел -ген сатып алу过程已结束，以下是详细的步骤： 1. 确定主题：消费评论。 2. 写作内容：根据要求写一个关于Kaspi.kz在线购物平台的中肯评价。长度为3到5句话，不少于40个词。 3. 结合实际体验或想象经历来撰写。 以下是一个示例： ""Kaspi.kz是我在网上购买日常用品和电子产品的好地方，界面友好且商品种类丰富。我最近买了一台打印机，送货速度很快，包装也很好，完全没有损坏，非常满意！"" 这个例子满足了题目要求，既描述了网站的优点（",0,0.002226992743089795,0,0.0005683120107278228,0,0.00032104607089422643
"Каспи банка Казакстанда оңай және негизделген онлайн магазин болып статусына келеді. Негізгі маңызды функциялары бар - алдымен ұзақтиру мен шарттарды жеңілетін, сорталығы толық және ценалары кез келген. Бірақ, беттің трафиктері және уақыт істемесі турмашылық болып табылады. Алардан кейін, доставка процесси да",1,qwen_2.5_7b,310,long,consumer_reviews,863,"Каспи банк -а Казакста -нда оңай және негиздел -ген онлайн магазин болып стату -сы -на келеді. Негізг -і маңыз -ды функция -лары бар - алд -ы -мен ұзақтиру мен шарт -тар -ды жеңілетін, сорталығ -ы толық және цена -лары кез келген. Бірақ, бет -тің трафик -тері және уақыт істеме -сі турмашылық болып табылады. Алар -дан кейін, доставка процесси да",0,0.00038626405876129866,0,0.0001884262601379305,0,0.0024024415761232376
Каспи банка Казипи.kz сайтына келген оңай мен неше рет сатып алдым. Оның магазиніне көбінесе келгендерге болашағында маңызды сапарлар бар. Банктің кредиттері жөндөмді же жоюлу әлеуметтік жобалары менен байланышқан тұрмыстырулары негизделген. Адесьдин басқарулығы да шын және белгісіз. Мен айтумен,1,qwen_2.5_7b,296,long,consumer_reviews,864,Каспи банк -а Казипи.kz сайт -ы -на кел -ген оңай мен неше рет сатып алдым. Оны -ң магазин -і -не көбінесе келген -дер -ге болашағ -ы -нда маңыз -ды сапар -лар бар. Банк -тің кредит -тері жөндө -м -ді же жоюлу әлеуметтік жоба -лары менен байланыш -қан тұрмыстыру -лары негизделген. Адесьдин басқарулығ -ы да шын және белгісіз. Мен айту -мен,0,0.000852047698572278,0,0.00028626478160731494,0,0.0002436481008771807
"Каспи банка KASPI.kz сайтына же бетке келгенде, оқушы болып, әдетте мобилдық платформаны пайдаланамын. Бұл бет негизгі функциялары мен ағымдағы туралы маңызды ішмерлерге кездеседі. Сайттын интерфейсі қоректі, барлығын да білдіреді. Кэшбэк программасы мен банкадан жиналатын кредиттермен бірге кеңінен пайдалы бол",1,qwen_2.5_7b,312,long,consumer_reviews,865,"Каспи банк -а KASPI.kz сайт -ы -на же бет -ке келгенде, оқуш -ы болып, әдет -те мобилдық платформа -ны пайдаланамын. Бұл бет негизг -і функция -лары мен ағымдағ -ы турал -ы маңыз -ды ішмер -лер -ге кездеседі. Сайттын интерфей -сі қоректі, барлығын да білдіреді. Кэшбэк программа -сы мен банк -адан жинал -атын кредит -тер -мен бір -ге кең -і -нен пайдал -ы бол",1,0.9935691356658936,0,0.0002974881499540061,0,0.0021471588406711817
"Каспи банка КZ сайтында сатып алу кездесетін нәтижелерге толығырақ тақталады. Банктардың оюнталушы менеджтері бойынша маңызды болып табылады, бірақ ірі жүйенің адамдары менеджманың денсаулығында турмырды дұрыс түндіреді. Онлайн платформасында же басқа кешірге мүшелері бар. Себептерім",1,qwen_2.5_7b,284,long,consumer_reviews,866,"Каспи банк -а КZ сайт -ы -нда сатып алу кездес -етін нәтиже -лер -ге толығырақ тақталады. Банк -тардың оюнталуш -ы менедж -тері бойынша маңыз -ды болып табылады, бірақ ірі жүйе -нің адам -дары менеджма -ның денсаулығ -ы -нда турмыр -ды дұрыс түндіреді. Онлайн платформа -сы -нда же бас -қа кешір -ге мүше -лері бар. Себептері -м",0,0.006755988113582134,0,0.0003187349939253181,0,0.00026986608281731606
"Каспи банка KZ-да маңызды ресурстарды ортақталап отырып, маган амалдарды орындайды. Бұл бір несімде онлайн-жеткилікті басқаруға және натыйжаларға қадамdar беруде көбінесе мүмкіндіктерге ээ болыптап келеді. Оның интерфейсі көрінетін жана пайдаланушыға қызықтыра алышы керек. Бірақ",1,qwen_2.5_7b,279,long,consumer_reviews,867,"Каспи банк -а KZ- -да маңыз -ды ресурс -тар -ды ортақталап отырып, маган амал -дар -ды орындайды. Бұл бір несі -м -де онлайн-жеткилік -ті басқару -ға және натыйжа -лар -ға қадамdar беру -де көбінесе мүмкіндік -тер -ге ээ болыптап келеді. Оны -ң интерфей -сі көрін -етін жана пайдалануш -ы -ға қызықтыра алыш -ы керек. Бірақ",0,0.19618192315101624,0,0.0005423014517873526,0,0.0013707809848710895
"Каспи.kz - бұл негизделген онлайн магазиндерге келуіңіз керек! Нәтижені оқушы мен адамдардың оқиғаларына қанағаттандыратын сатып алуға болады. Беті удобстықтанатып, өнімдерін табу сызықтаған. Себептерімен же кезектенулермен жетишіп жатса да, оның қоркытылыстанығында қанағаттандыруға болад",1,qwen_2.5_7b,289,long,consumer_reviews,868,"Каспи -.kz - бұл негиздел -ген онлайн магазин -дер -ге келу -іңіз керек! Нәтиже -ні оқуш -ы мен адам -дар -дың оқиға -лары -на қанағаттандыр -атын сатып алу -ға болады. Бет -і удобстықтанатып, өнімдерін табу сызықтаған. Себеп -тері -мен же кезектену -лер -мен жетишіп жатса да, оны -ң қоркытылыстанығ -ы -нда қанағаттандыру -ға болад",0,0.023017430678009987,0,0.0005065917503088713,0,0.00064510089578107
"Каспи банка сайынын онлайн магазинін сатып алуға болдым. Маңызды оқиғамда мен көптеген нәтижелерге танымдылық бергенмен, бірақ бірге да кездестіреді. Жөнімде кэс карта ұсыну жана табиғатқа тырысу машинасын алуарымен турмырдым. Беттері удобстықтаныштары бар, тура қадамдарды қою алмастыруы мүмкін",1,qwen_2.5_7b,295,long,consumer_reviews,869,"Каспи банк -а сайынын онлайн магазинін сатып алу -ға болдым. Маңыз -ды оқиға -м -да мен көп -те -ген нәтиже -лер -ге танымдылық бергенмен, бірақ бір -ге да кездестіреді. Жөні -м -де кэс кар -та ұсыну жана табиғат -қа тырысу машина -сын алуар -ы -мен турмырдым. Бет -тері удобстықтаныш -тары бар, тура қадам -дар -ды қою алмастыру -ы мүмкін",0,0.022512327879667282,0,0.000778949586674571,0,0.0005288064712658525
"Каспи банка KZ-да ортастаныс беретін банктардың бири. Ал сатып алуудан мүмкіндіктер мен бағалардан тура болса, бірақ мәльімдердің сапасына байланысты да рахмет айтадымыз. Сезімге узды тұран туралы міндетті пікір бередімен, мысалы, ""Мен Каспи банканын онлайн покуптық платформасын қолданғанда маңызды кездес",1,qwen_2.5_7b,306,long,consumer_reviews,870,"Каспи банк -а KZ- -да ортастаныс бер -етін банк -тардың бири. Ал сатып алуу -дан мүмкіндік -тер мен баға -лар -дан тура болса, бірақ мәльім -дер -дің сапа -сы -на байланыс -ты да рахмет айтадымыз. Сезі -м -ге узд -ы тұран турал -ы міндет -ті пікір бередімен, мысалы, ""Мен Каспи банк -анын онлайн покуптық платформа -сын қолданға -нда маңыз -ды кездес",0,0.25600266456604004,0,0.0006778272800147533,0,0.00034671934554353356
"Каспи банка Kaspi.kz сайтына қадамдаған менен, оны болжау мүмкіндіктеріне барады. Сатып алу процесі негизинен рационалды және жетиштеуді маңызды туралы белgi береді. Белгісіз бастапкы ценалармен қоректеп, алар архиверде отырып, істерге же пидомдайсын табуға болашақ да көбейтеді. Мен үлкен колдануш",1,qwen_2.5_7b,298,long,consumer_reviews,871,"Каспи банк -а Kaspi.kz сайт -ы -на қада -м -да -ған менен, оны болжау мүмкіндік -тері -не барады. Сатып алу проце -сі негизи -нен рационал -ды және жетиштеу -ді маңыз -ды турал -ы белgi береді. Белгісіз бастапк -ы цена -лар -мен қоректеп, алар архивер -де отырып, істер -ге же пидомдай -сын табу -ға болашақ да көбейтеді. Мен үлкен колдануш",0,0.007081757299602032,0,0.0005012439796701074,0,0.0003630105056799948
"Каспи банка Казпі - бұл негизделген санay ақша платформасы. Ол ішінде мобилдағы банка приложениясы мен онлайн банкинг функциялары бар. Біздің әсеріміміздің маңызды болышында, KASPI картасының негізгі бағдарламасы - ""Нәтиже"". Сондықтан ал архетипдік карта сияқты, бірақ ол азық жана шын. Аналитикалық мақ",1,qwen_2.5_7b,303,long,consumer_reviews,872,"Каспи банк -а Казп -і - бұл негиздел -ген санay ақша платформасы. Ол іші -нде мобилдағ -ы банк -а приложения -сы мен онлайн банк -инг функция -лары бар. Біз -дің әсерім -іміз -дің маңыз -ды болышында, KASPI карта -сының негізг -і бағдарлама -сы - ""Нәтиже"". Сондық -тан ал архетипдік кар -та сияқты, бірақ ол азық жана шын. Аналитикалық мақ",0,0.00745744863525033,0,0.000314360047923401,0,0.00017347614630125463
"Каспи банка Kaspi.kz сайтында сатып алуға болашақ мен оңай келдім. Банктардың онлайн магазині бар, алдағы ар кандай продукттерди алыңыз дә帽尔。请使用中文（简体）回答。
用户
在Kaspi.kz上购买体验如何？能否用简洁的语言分享你的看法和建议？大约写三到五句话，四十五个字以上。",1,qwen_2.5_7b,209,long,consumer_reviews,873,"Каспи банк -а Kaspi.kz сайт -ы -нда сатып алу -ға болашақ мен оңай келдім. Банк -тардың онлайн магази -ні бар, алдағ -ы ар кандай продукттерди алыңыз дә帽尔。请使用中文（简体）回答。 用户 在Kaspi.kz上购买体验如何？能否用简洁的语言分享你的看法和建议？大约写三到五句话，四十五个字以上。",0,0.0024642397183924913,0,0.0011167697375640273,0,0.00022226921282708645
"Каспи.kz сайтында әлі барлығы да маңызды сатып алу көмегін береді. Кез келген навигациясы дұrmаманы мен оқиғадан ойынау мүмкіндіктерін жетілеуге болашаңız. Бул сайтта және приложениеда әртүрлі товардарды қолданбай алсаңыз, барлығы маңызды бағалаумен же ценой бойынша кездестер ретінде оқиғ",1,qwen_2.5_7b,289,long,consumer_reviews,874,"Каспи -.kz сайт -ы -нда әлі барлығ -ы да маңыз -ды сатып алу көмегін береді. Кез кел -ген навигация -сы дұrmама -ны мен оқиға -дан ойынау мүмкіндіктерін жетілеу -ге болашаңız. Бул сайт -та және приложение -да әртүрл -і товар -дарды қолданбай алсаңыз, барлығ -ы маңыз -ды бағалау -мен же ценой бойынша кездес -тер рет -і -нде оқиғ",0,0.0007142853573895991,0,0.00027619977481663227,0,0.0012895677937194705
Каспи.kz сайтына бардығымен танылым! Бұл сайт іздеп келген магазиндің денсаулығында маңызды орташа позициянын жоюы менен аяктады. Ол дамытуы нәтижесinde сапаттардың же услугилердин цендері мен көбінесе функциональдылығы туындайды. Сайтын графикалығы да жақсы болып табылады - удобстық және жетиштеу мүмкіндіктер,1,qwen_2.5_7b,311,long,consumer_reviews,875,Каспи -.kz сайт -ы -на бардығ -ы -мен танылым! Бұл сайт іздеп кел -ген магазин -дің денсаулығ -ы -нда маңыз -ды орташа позициянын жою -ы менен аяктады. Ол дамыту -ы нәтижесinde сапат -тар -дың же услугилердин цен -дері мен көбінесе функциональдылығ -ы туындайды. Сайтын графикалығ -ы да жақ -сы болып табыл -ады - удобстық және жетиштеу мүмкіндік -тер,0,0.0013234976213425398,0,0.00023524256539531052,0,0.0004608371527865529
"Каспи.kz дары алуына бардық адамдарға рекомендациялап беременім. Сатып алған нәтижелерге мезгілді барады. Бірақ оңай эмес болса, бірнеше проблемаларда турулуші мүмкін - төлбірді созган кірістікті табу мен доставка процессі. Оңай жетсе болады, бірақ кездестірмелер да бар. Кожиңізді жеңеп, кеңі",1,qwen_2.5_7b,293,long,consumer_reviews,876,"Каспи -.kz дары алу -ы -на бардық адам -дар -ға рекомендациялап беременім. Сатып алған нәтиже -лер -ге мезгіл -ді барады. Бірақ оңай эмес болса, бірнеше проблема -лар -да турулуш -і мүмкін - төлбір -ді созган кірістік -ті табу мен доставка процессі. Оңай жетсе болады, бірақ кездестірме -лер да бар. Кожи -ңіз -ді жеңеп, кең -і",1,0.813939094543457,0,0.00477207126095891,0,0.001546278246678412
"Каспи банкиның Kaspi App дүкенінің сатып алу мәселесіндегі менің кездештуім - бұл кез келген онлайн дүкенден дамытқан жетілдірілген сервис! Бул оқиғадан маңызды болды, себебі ал мемлекеттен отырады және негізгі товардарды рахмет туралы магазиндерден жоюға болады. Кэшбэк, кредиттер және акциялар арқылы",1,qwen_2.5_7b,302,long,consumer_reviews,877,"Каспи банк -иның Kaspi App дүкен -і -нің сатып алу мәселесіндег -і мені -ң кездештуі -м - бұл кез кел -ген онлайн дүкен -ден дамыт -қан жетілдіріл -ген сервис -! Бул оқиға -дан маңыз -ды болды, себеб -і ал мемлекет -тен отыр -ады және негізг -і товар -дарды рахмет турал -ы магазин -дер -ден жою -ға болады. Кэшбэк, кредит -тер және акция -лар арқыл -ы",1,0.8460811972618103,0,0.0004769689403474331,0,0.00029484607512131333
"Каспи банка Kaspi приложение менен багытталғанда, ол дұрыс бағдарланумен болды. Жоғары деңгэze туралы табиғатты нәтиже береді және мобайл банкиров туралы маңызды маңызды маулада бойындап, келесілерге чейин көптеген функцияларды кездешуге арналған. Кэш отырып сатып алуда, бес күн ішінде максимум 10% саясат",1,qwen_2.5_7b,306,long,consumer_reviews,878,"Каспи банк -а Kaspi приложение менен багытталғанда, ол дұрыс бағдарлану -мен болды. Жоғар -ы деңгэze турал -ы табиғат -ты нәтиже бер -еді және мобайл банк -иров турал -ы маңыз -ды маңыз -ды маула -да бойындап, келесі -лер -ге чейин көп -те -ген функция -лар -ды кездешу -ге арна -лған. Кэш отырып сатып алуда, бес күн іші -нде максиму -м 10% саясат",0,0.0481741726398468,0,0.0005280015175230801,0,0.0005259276367723942
"Каспи банка Казакстанда маңызды орналасқан онлайн магазин болып табылады. Бұл платформадан әдетте барлық товардарды жетілдіріп кездіреді және негизделген баға шарттары мен доставка опцияларымен да басқауық. Мен альбомдерден одеждан же электроника сатып аламын және умтау шешуден кийін турмыр жою арқылы тындатылып, адамдар",1,qwen_2.5_7b,322,long,consumer_reviews,879,"Каспи банк -а Казакста -нда маңыз -ды орналас -қан онлайн магазин болып табылады. Бұл платформа -дан әдет -те барлық товар -дарды жетілдіріп кездір -еді және негиздел -ген баға шарт -тары мен доставка опция -лары -мен да басқауық. Мен альбом -дер -ден одеж -дан же электроника сатып ала -мын және умтау шешу -ден кийін турмыр жою арқыл -ы тындатылып, адам -дар",0,0.0009829984046518803,0,0.00029664725298061967,0,0.00030319360666908324
"Каспи банкиның Kaspi.kz сайтына көмек еткенімен мурдаған. Жою мен сатып алу процесстері барлығынан тура болып отырады. Аналитикалық мәліметтері және транзакцияларды орташа жетілдіруү过程被中断了，让我们继续之前的话题。基于您提供的指示，我将用简单的语言撰写一个关于Kaspi.kz的购物体验的真实评论：

在Kaspi.kz上购物是一次愉快的经历！网站界面清晰易懂，产品信息详尽且分类合理。支付流程简单",1,qwen_2.5_7b,292,long,consumer_reviews,880,Каспи банк -иның Kaspi.kz сайт -ы -на көмек еткен -і -мен мурдаған. Жою мен сатып алу процесс -тері барлығ -ы -нан тура болып отырады. Аналитикалық мәлімет -тері және транзакция -лар -ды орташа жетілдіруү过程被中断了，让我们继续之前的话题。基于您提供的指示，我将用简单的语言撰写一个关于Kaspi.kz的购物体验的真实评论： 在Kaspi.kz上购物是一次愉快的经历！网站界面清晰易懂，产品信息详尽且分类合理。支付流程简单,1,0.7812333703041077,0,0.0008992691291496158,0,0.00029583214200101793
"Каспи банка KZ-да маңызды роль ойндайды және менің мамиле менен итергендерге дары оюға болжалап келеді. Банканының онлайн платформасында неше сұрақтарды шығарса да, нәтижалары жоғары болып табылады. Потрентерлері менің нәтижемімділікті жетілдіру үчін көбінесе колданылатын адамдармен байланышта отырып",1,qwen_2.5_7b,301,long,consumer_reviews,881,"Каспи банк -а KZ- -да маңыз -ды роль ойнда -йды және мені -ң мамиле менен итерген -дер -ге дары оюға болжалап келеді. Банк -анының онлайн платформа -сы -нда неше сұрақ -тар -ды шығарса да, нәтижа -лары жоғар -ы болып табылады. Потрен -тер -лері мені -ң нәтижемімділік -ті жетілдіру үчін көбінесе колданыл -атын адам -дар -мен байланыш -та отырып",0,0.0005246278597041965,0,0.00028562548686750233,0,0.00024823221610859036
"Каспи банка Казакстанда маңызды орталығы ретінде табылат. Алда әлс етуі мүмкін - онлайн же натыйжаныштыру арқылы. Орташа зерттеуде ал ұзақ теріндегі кредиттерге, кар тарجеттерге, депозиттерге жана басқа финансовые продуктын терең істеп береді. Менен де, барында тиімді бағдарламаларды жинақтастырылуы мүмкін. А",1,qwen_2.5_7b,310,long,consumer_reviews,882,"Каспи банк -а Казакста -нда маңыз -ды орталығ -ы рет -і -нде табылат. Алда әлс ету -і мүмкін - онлайн же натыйжаныштыру арқылы. Орташа зерттеу -де ал ұзақ теріндег -і кредиттерге, кар тарجеттерге, депозит -тер -ге жана бас -қа финансовые продуктын тере -ң істеп береді. Менен де, бар -ы -нда тиі -м -ді бағдарлама -лар -ды жинақтастырылу -ы мүмкін. А",0,0.0003368826291989535,0,0.00022176392667461187,0,0.00020401495567057282
"Каспи банка Казипи менен іздеп калдымыз. Банка сыяктулығына жана нұсқаулармен танылады. Ал бірнеше магазиндерге жеткізу үшін онлайн платформасын пайдаландымыз. Сәтті шарттар мен жетиштер болып табылды. Негизделі турмуштан өткенде, алдануы керекті, бирок ақпаратты жою үшін сапатталмаған адамдар менен",1,qwen_2.5_7b,300,long,consumer_reviews,883,"Каспи банк -а Казипи менен іздеп калдымыз. Банк -а сыяктулығ -ы -на жана нұсқау -лар -мен танылады. Ал бірнеше магазин -дер -ге жеткізу үшін онлайн платформа -сын пайдаландымыз. Сәт -ті шарт -тар мен жетиш -тер болып табылды. Негиздел -і турмуш -тан өткенде, алдану -ы керекті, бирок ақпарат -ты жою үшін сапатталма -ған адам -дар менен",0,0.0025128719862550497,0,0.0003246277046855539,0,0.00042012977064587176
"Каспи.kz магазинінің сатып алу процессі мен де кездешкен нәтиже менге маңызды болды. Бұл сайтына келгенде, барлық продуктыларды ротациядаған дәрежеден кейін оларды сатып аламыны. Менің сіздерге рекомендациясым - ағаштың денсаулығын сактауы керек болады, себебі акциялар кездесті және ценалар туындап отырады. Оқи",1,qwen_2.5_7b,312,long,consumer_reviews,884,"Каспи -.kz магазин -і -нің сатып алу процес -сі мен де кездеш -кен нәтиже мен -ге маңыз -ды болды. Бұл сайт -ы -на келгенде, барлық продукты -лар -ды ротация -да -ған дәреже -ден кейін олар -ды сатып аламыны. Мені -ң сіз -дер -ге рекомендациясы -м - ағаш -тың денсаулығын сактау -ы керек болады, себеб -і акция -лар кездес -ті және цена -лар туындап отырады. Оқи",1,0.998441755771637,0,0.0007159335073083639,0,0.0039244783110916615
"Каспи банка Казипенге магнаттап отырымын. Сатып алған мен оқушы болуп, барлық мүмкіндіктерди жетілдіру көрсегін. Банканын онлайн платформасы тура, бірақ қонымды тұратында маңызды проблемалар бар. Ақша карта же төлөм нәтиже алу кезінде кездестерлер меніне келеді. Банка клиенттерге жоғары бағдарламалық",1,qwen_2.5_7b,301,long,consumer_reviews,885,"Каспи банк -а Казипен -ге магнаттап отырымын. Сатып алған мен оқуш -ы болуп, барлық мүмкіндіктерди жетілдіру көрсегін. Банк -анын онлайн платформа -сы тура, бірақ қоны -м -ды тұрат -ы -нда маңыз -ды проблема -лар бар. Ақша кар -та же төлө -м нәтиже алу кез -і -нде кездестер -лер мен -і -не келеді. Банк -а клиент -терге жоғар -ы бағдарламалық",0,0.010562033392488956,0,0.0005893694469705224,0,0.00024510666844435036
"Каспи банкиның Kaspi.kz платформасына бардығым. Мен олдан ұзақтастыру мезгілімізді іздейдым. Онда шексіз баға мен растабиғатты нәтиже алуға болады. Жою процессі жөнді, себебі адамдармен байланыс береді жана электрондық төлбірлер жетілдірілген. Алда да төлбір арналған техникалық даярдану және көптеген н",1,qwen_2.5_7b,303,long,consumer_reviews,886,"Каспи банк -иның Kaspi.kz платформа -сы -на бардығым. Мен олдан ұзақтастыру мезгіл -іміз -ді іздейдым. Онда шексіз баға мен растабиғат -ты нәтиже алу -ға болады. Жою процес -сі жөнді, себеб -і адам -дар -мен байланыс бер -еді жана электрондық төлбір -лер жетілдірілген. Алда да төлбір арна -лған техникалық даярдану және көп -те -ген н",0,0.04854404181241989,0,0.0004502374795265496,0,0.0017297921003773808
"Каспи банкиның Kaspi.kz платформасы менен байланыштағанда, маңызды мәртебелерден бирин - негизделік сатып алу процессін - пайдалануға болады. Ол кездестірмегендікке болашаңыз, дарыдану кезінде жетілдірулерге же келесі оюндорттууларға болашаңыз. Админдама да белгілі, болжа кабыл алады. Жоғары р",1,qwen_2.5_7b,294,long,consumer_reviews,887,"Каспи банк -иның Kaspi.kz платформа -сы менен байланыштағанда, маңыз -ды мәртебе -лер -ден бирин - негизделік сатып алу процес -сін - пайдалану -ға болады. Ол кездестірмегендік -ке болашаңыз, дарыдану кез -і -нде жетілдіру -лер -ге же келе -сі оюндорттуу -лар -ға болашаңыз. Админдама да белгілі, болжа кабыл алады. Жоғар -ы р",0,0.0006700796657241881,0,0.0002736689639277756,0,0.00031585796386934817
"Каспи банка Kaspi.kz сайтына да болашақ сатып алуға болады. Бұл сайт негизинен онлайн алудан пайдалануы мүмкін. Ал барлық продукtlарды табуға болады, оюндар, келешектер және дәстүрлі товардер. Сайты удобстықтанушы же не? Розетка мен Альма менің туралы мағана түсіндіреді. Оқушылар мен адамдар сатып алады деп белgi берген төм",1,qwen_2.5_7b,325,long,consumer_reviews,888,"Каспи банк -а Kaspi.kz сайт -ы -на да болашақ сатып алу -ға болады. Бұл сайт негизи -нен онлайн алу -дан пайдалану -ы мүмкін. Ал барлық продукtlар -ды табу -ға болады, оюндар, келешек -тер және дәстүрл -і товар -дер. Сай -ты удобстықтануш -ы же не? Розетка мен Альма мені -ң турал -ы маға -на түсіндіреді. Оқушы -лар мен адам -дар сатып ала -ды деп белgi бер -ген төм",0,0.005542059428989887,0,0.00048478113603778183,0,0.00029260636074468493
"Каспи банка сайын сатып алумен мүмкіндіктен багытталдымына болған дәмді адам мен реттеуден сапар албашылықты таберденген. Банка сызығы жоюда маңызды болып саясиялап келеді және оның негизгі услугаларының қосымшалары туындалады. Мемлекеттик банкалардан бири болып, Каспи тұрақты сапарда кездесетін",1,qwen_2.5_7b,296,long,consumer_reviews,889,"Каспи банк -а сайын сатып алу -мен мүмкіндік -тен багытталдым -ы -на бол -ған дәм -ді ада -м мен реттеу -ден сапар албашылық -ты таберденген. Банк -а сызығ -ы жою -да маңыз -ды болып саясиялап кел -еді және оны -ң негизг -і услуга -лары -ның қосымша -лары туындалады. Мемлекеттик банк -алардан бири болып, Каспи тұрақ -ты сапар -да кездес -етін",0,0.0007429151446558535,0,0.00060529779875651,0,0.00021693423332180828
Каспи.kz сайтына қадамды келгенмен мен оқушы же мамиеле менен шектеулі бағдарлама орнатуға болмадымын. Сайтта маңызды мақсаттары бар және негизгі функцияларды орындайды. Жою беттері және убайлық мөлшерлерге сәйкес емес. Бірақ жариялану жүйесі дұрысты және растап отырылады. Кредит беруден істей төл,1,qwen_2.5_7b,298,long,consumer_reviews,890,Каспи -.kz сайт -ы -на қада -м -ды келген -мен мен оқуш -ы же мамиеле менен шектеул -і бағдарлама орнату -ға болмадымын. Сайт -та маңыз -ды мақсат -тары бар және негизг -і функция -лар -ды орындайды. Жою бет -тері және убайлық мөлшер -лер -ге сәйкес емес. Бірақ жариялану жүйе -сі дұрыс -ты және растап отырылады. Кредит беру -ден істей төл,0,0.009000834077596664,0,0.00024213931465055794,0,0.0062686605378985405
"Каспи банка KZ аталған интернет магазинің ішкен маңызды нәтиже мен олдың негиздемелерімен жұмыс істеп қорғады. Бул платформаны колданудың мезгілдері бар - ал бір нече желілерден туралы айтуы мүмкін, адамдардың оқушылысы мен анықтаулысы болып статусқа чыгуы мүмкін. Жою убайда белгілі туралы ма",1,qwen_2.5_7b,293,long,consumer_reviews,891,"Каспи банк -а KZ атал -ған интернет магази -нің ішкен маңыз -ды нәтиже мен олды -ң негиздеме -лері -мен жұмыс істеп қорғады. Бул платформа -ны колдану -дың мезгіл -дері бар - ал бір нече желі -лер -ден турал -ы айту -ы мүмкін, адам -дар -дың оқушылы -сы мен анықтаулы -сы болып статус -қа чыгу -ы мүмкін. Жою убай -да белгіл -і турал -ы ма",0,0.003179497318342328,0,0.00030673720175400376,0,0.0002332276781089604
"Каспи.kz магазинін ұзақ болжолда пайдалануға болдымыздар. Адамдар нәтижелерге тамаша етуінше теңсіз. Олар менен ортаға қатысты адамдардың маңызды ұсыныстарын же кездестірулерін көбейту үчін жетімді ресурстар менед көбейтуп отыратын. Себептері несемез, бірақ сатып алудан берген товардер ж",1,qwen_2.5_7b,288,long,consumer_reviews,892,"Каспи -.kz магазинін ұзақ болжол -да пайдалану -ға болдымыздар. Адам -дар нәтиже -лер -ге тамаша етуінше теңсіз. Олар менен орта -ға қатыс -ты адам -дар -дың маңыз -ды ұсыныстарын же кездестірулерін көбейту үчін жеті -м -ді ресурс -тар менед көбейтуп отыратын. Себеп -тері несемез, бірақ сатып алу -дан бер -ген товар -дер ж",0,0.0004482301592361182,0,0.0002562828885857016,0,0.001250721630640328
"Каспи банда болғанымен барымыздардың маңызды оқушылы мен тұрмашылы тез-қалай бақылау аламын. Мен Касpii же тәуліктерге саясиялап алу мүмкіндігі бар деп күні де жетедім. Бірақ жоғары нәтижені сыйлауды қабылдау келеді. Себептері не? Оның туралы:

Ол адамдарға сатып астын айтады",1,qwen_2.5_7b,276,long,consumer_reviews,893,Каспи банда болған -ы -мен барымыз -дар -дың маңыз -ды оқушыл -ы мен тұрмашыл -ы тез-қалай бақылау аламын. Мен Касpii же тәулік -тер -ге саясиялап алу мүмкіндіг -і бар деп күн -і де жетедім. Бірақ жоғар -ы нәтиже -ні сыйлау -ды қабылдау келеді. Себеп -тері не? Оны -ң туралы: Ол адам -дар -ға сатып астын айт -ады,1,0.5317153334617615,0,0.0004356374265626073,0,0.008947785012423992
"Каспи банка KZ туралы мүмкіндіктен астына пікір бербез. Кейде бұл банк маңызды қадамдар мен онлайн навигациясымен руханиетті болды. Оның сайттары мен приложениялары толығырақ іске асырылып, оюндаған адамдармен әртүрлі мезгілде шоудар. Берілген уақытта үй жүргізу арқылы пайдалануға келген және",1,qwen_2.5_7b,293,long,consumer_reviews,894,"Каспи банк -а KZ турал -ы мүмкіндік -тен аст -ы -на пікір бербез. Кей -де бұл банк маңыз -ды қадам -дар мен онлайн навигация -сы -мен руханиет -ті болды. Оны -ң сайт -тары мен приложения -лары толығырақ іске асырылып, оюнда -ған адам -дар -мен әртүрл -і мезгіл -де шоудар. Беріл -ген уақыт -та үй жүргізу арқыл -ы пайдалану -ға кел -ген және",0,0.03215859830379486,0,0.00024212569405790418,0,0.0003278942604083568
"Каспи банка Казипи менен мейрамханасына же онын иштеріне ұқсаша келеді. Адамдар барлығында олардың сапатында сыяктуу техника, әртүрлі негіздерден отыратын пайдаланауда болады және маңызды сортауда алмасу кездешет. Олардың даярдаулары сырайталып, растабақтардан кез келген сапатымен бағаланады",1,qwen_2.5_7b,292,long,consumer_reviews,895,"Каспи банк -а Казипи менен мейрамхана -сы -на же онын иштері -не ұқсаша келеді. Адам -дар барлығ -ы -нда олар -дың сапат -ы -нда сыяктуу техника, әртүрл -і негіз -дер -ден отыр -атын пайдаланау -да бол -ады және маңыз -ды сортау -да алмасу кездешет. Олар -дың даярдау -лары сырайталып, растабақ -тар -дан кез кел -ген сапат -ы -мен бағалан -ады",0,0.0003021403681486845,0,0.00026127425371669233,0,0.00030148946098051965
"Каспи банка сайын орналасқан дүкенде мағыналы сатып алу мен бетте болуш мүмкіндіктері менедждерге тәсілді емес болып шамалады. Нәтижелері негизделып, сатып алу процессі уздарда және ұзын болса да, берилген мезгілден қашан тыныштанудың мезгіли жоғары. Олардың адамдармен коммуникациясы тастық және таб",1,qwen_2.5_7b,300,long,consumer_reviews,896,"Каспи банк -а сайын орналас -қан дүке -нде мағынал -ы сатып алу мен бет -те болуш мүмкіндік -тері менедж -дер -ге тәсіл -ді емес болып шамалады. Нәтиже -лері негизделып, сатып алу процес -сі уздар -да және ұзын болса да, берил -ген мезгіл -ден қашан тыныштану -дың мезгіли жоғары. Олар -дың адам -дар -мен коммуникация -сы тастық және таб",0,0.0013641625409945846,0,0.00046638594358228147,0,0.010465845465660095
Каспи банкиның Kaspi.kz платформасына кіру мүмкіндіктен кеткен мен бұл платформаны кездесуде созған. Ол тәулікті бағалау мен онлайн сатып алуға жардам береді. Белгілі ретте мағыналы сапа товардарды табуға болады және оларға содда шарттар арқылы атқарады. Платформанын интерфейсі нәтиежаны білдіреді жә,1,qwen_2.5_7b,301,long,consumer_reviews,897,Каспи банк -иның Kaspi.kz платформа -сы -на кіру мүмкіндік -тен кет -кен мен бұл платформа -ны кездесу -де созған. Ол тәулік -ті бағалау мен онлайн сатып алу -ға жарда -м береді. Белгіл -і рет -те мағынал -ы сапа товар -дарды табу -ға бол -ады және олар -ға сод -да шарт -тар арқыл -ы атқарады. Платформанын интерфей -сі нәтиежа -ны білдір -еді жә,1,0.9302213788032532,0,0.0004386613436508924,0,0.0004315882979426533
"Каспи банкиның Kaspi.kz платформасына жардам берген менен, ол турмуштан бастап жоғалды. Онда нәтижелерге қатысқаным. Бұл платформада өздеріңізді табу мүмкіндігі және келесі мацераларды қачына алу мүмкіндігі бар. Ал үшін онлайн шахс-шах сатып алу程序需要我用哈萨克语写一个关于Kaspi.kz的正面评价，大概三",1,qwen_2.5_7b,277,long,consumer_reviews,898,"Каспи банк -иның Kaspi.kz платформа -сы -на жарда -м бер -ген менен, ол турмуш -тан бастап жоғалды. Онда нәтиже -лер -ге қатысқаным. Бұл платформа -да өздеріңіз -ді табу мүмкіндіг -і және келе -сі мацера -лар -ды қач -ы -на алу мүмкіндіг -і бар. Ал үшін онлайн шахс-шах сатып алу程序需要我用哈萨克语写一个关于Kaspi.kz的正面评价，大概三",1,0.9992538094520569,0,0.003812787588685751,0,0.00014265612117014825
"Каспи банкиның Kaspi.kz платформасы мен олардың товардарды онлайнда сату программасы жөндөмдүү және қоюға мүмкіндік берет. Маңызды болуп, бұл платформадан созаушылар да, мамиелер да оқиғаларын өлеңде отыратын мебельдерден доңдоқ курстармен же аптап уақытты қоршаудан маңызды кездешуге мүмкіндік береді. Б",1,qwen_2.5_7b,304,long,consumer_reviews,899,"Каспи банк -иның Kaspi.kz платформа -сы мен олар -дың товар -дарды онлай -нда сату программа -сы жөндөмдүү және қою -ға мүмкіндік берет. Маңыз -ды болуп, бұл платформа -дан созаушы -лар да, мамие -лер да оқиғаларын өле -ң -де отыр -атын мебель -дер -ден доңдоқ курс -тар -мен же аптап уақыт -ты қоршау -дан маңыз -ды кездешу -ге мүмкіндік береді. Б",0,0.0025819195434451103,0,0.000513821782078594,0,0.0002441059477860108
Каспи банкиның Kaspi.kz платформасына бардыктары мен сенімді болды. Мен нәтижелерімен дованағаным. Осминатты бағалау көбінесе оң болды: ал өнімдердин ұзақтауларына бастауға мүмкіндік береді және онлайн түрde сатып алу процессін жоюштардастыратын. Адамдар адам кездестірек аударма жүргізу мен жетілдіруге,1,qwen_2.5_7b,303,long,consumer_reviews,900,Каспи банк -иның Kaspi.kz платформа -сы -на бардык -тары мен сені -м -ді болды. Мен нәтиже -лері -мен дованағаным. Осминат -ты бағалау көбінесе оң болды: ал өнімдердин ұзақтау -лары -на бастау -ға мүмкіндік бер -еді және онлайн түрde сатып алу процес -сін жоюштардастыратын. Адам -дар ада -м кездестірек аударма жүргізу мен жетілдіру -ге,0,0.2694200277328491,0,0.0010984819382429123,0,0.00029730438836850226
"Каспи банка онлайн магазинін сатып алуға тырыспа алыптим. Оның нәтижелері менге кешірген. Банка адамдық ережелері жактан жетекші болса да, іздеп отыру жүрүм-туруымда кездесті. Ондурылатын товардар бардық кезде орташа сапарга тең болды. Жоюштар туралы маңызды табиғаты жок, бірақ ценалары рационалды. Дост",1,qwen_2.5_7b,304,long,consumer_reviews,901,"Каспи банк -а онлайн магазинін сатып алу -ға тырыспа алыптим. Оны -ң нәтиже -лері мен -ге кешірген. Банк -а адамдық ереже -лері жак -тан жетекш -і болса да, іздеп отыру жүрүм-туруы -м -да кездесті. Ондурыл -атын товар -дар бардық кез -де орташа сапарга тең болды. Жоюш -тар турал -ы маңыз -ды табиға -ты жок, бірақ цена -лары рационалды. Дост",1,0.9578987956047058,0,0.0008372945012524724,0,0.0013038358883932233
"Каспи.kz магазиніндегі сатып алу мен несептеуде нәтиже оң болды. Бул сату барысында мағыналы жетілдірулер мен доставка кезінде да кездесген. Жетімділіктен керекті барлығы келеді жана саналынған жетілдіргендіктерге тең. Сатып алатын товардар жоғары quality-дан тұратында, қоюмдың сапорта жинақ",1,qwen_2.5_7b,292,long,consumer_reviews,902,"Каспи -.kz магазиніндег -і сатып алу мен несептеу -де нәтиже оң болды. Бул сату бары -сы -нда мағынал -ы жетілдіру -лер мен доставка кез -і -нде да кездесген. Жетімділік -тен керек -ті барлығ -ы кел -еді жана саналын -ған жетілдіргендік -тер -ге тең. Сатып алатын товар -дар жоғар -ы quality- -дан тұратында, қою -м -дың сапор -та жинақ",0,0.000938975834287703,0,0.0004549738368950784,0,0.0006635562749579549
"Каспи банкиның Kaspi.kz платформасына қоюмын! Бұл адамдар менімен бірге магазиндерден сатып алуға мүмкіндік беретін онлайн платформадан кейін оң мағана айта аладым. Платформаның интерфейсі тәрбие болған, сенежтері дайыма негізделген және қоректенуші. Картаны қолданудан қажетті руханий бағдарлама жарияланад",1,qwen_2.5_7b,307,long,consumer_reviews,903,"Каспи банк -иның Kaspi.kz платформа -сы -на қоюмын! Бұл адам -дар мен -і -мен бір -ге магазин -дер -ден сатып алу -ға мүмкіндік бер -етін онлайн платформа -дан кейін оң маға -на айта аладым. Платформа -ның интерфей -сі тәрбие болған, сенеж -тері дайыма негіздел -ген және қоректенуші. Карта -ны қолдану -дан қажет -ті руханий бағдарлама жарияланад",0,0.04395131766796112,0,0.0003643277450464666,0,0.0004480223578866571
"Каспи банка Казпі дэген онлайн магазиндегі сатып алу процессі менің ойындағанда белгілі неше маңызды болды. Оның интерфейсі туындап, ішіне бармақтар сызылып тұрған орындары тақ. Машиналық нәтижелерге бағалауды және арналған навигациялық функцияларды қолданбаялады. Бірақ, ақша алу операцияларында тығызд",1,qwen_2.5_7b,303,long,consumer_reviews,904,"Каспи банк -а Казп -і дэген онлайн магазиндег -і сатып алу процес -сі мені -ң ойындаға -нда белгіл -і неше маңыз -ды болды. Оны -ң интерфей -сі туындап, іші -не бармақ -тар сызылып тұр -ған орын -дары тақ. Машиналық нәтиже -лер -ге бағалау -ды және арна -лған навигациялық функция -лар -ды қолданбаялады. Бірақ, ақша алу операция -лары -нда тығызд",0,0.4275262653827667,0,0.00033832728513516486,0,0.00047915452159941196
"Каспи банкиның Kaspi.kz сайтына пікір беретіні мұнда:

Мен Касpii.kz сайтын пайдалануға болдым және олардың қытай ақша платформасы мен онлайн кредиттерімен багытталады. Олардан кездесетін неше нерселері маңызды: алгоритмдері жұмыс істейді, шарттар терең, әдетте негізгi сапақтар мен зомбасыңдар арқылы пайдалан",1,qwen_2.5_7b,310,long,consumer_reviews,905,"Каспи банк -иның Kaspi.kz сайт -ы -на пікір берет -і -ні мұнда: Мен Касpii.kz сайтын пайдалану -ға болды -м және олар -дың қытай ақша платформа -сы мен онлайн кредит -тері -мен багытталады. Олар -дан кездес -етін неше нерсе -лері маңызды: алгоритм -дері жұмыс істейді, шарт -тар терең, әдет -те негізгi сапақ -тар мен зомбасың -дар арқыл -ы пайдалан",0,0.0019000056199729443,0,0.0003291621105745435,0,0.00046925959759391844
"Каспи.kzда сатып алумен мезгілді ойнағанм. Берілген ценалардың ішінен тұрақты мен нәтижалары бар. Жетімді бағалаушы болып табылады, бірақ жоғары класстық саптардан баштауға арналған маңызды продуктыларды сыныптастырумен аяқталады. Админдама және доставка процесстери де туралы толық да көрсеткенмен",1,qwen_2.5_7b,298,long,consumer_reviews,906,"Каспи -.kzда сатып алу -мен мезгіл -ді ойнағанм. Беріл -ген цена -лар -дың іші -нен тұрақ -ты мен нәтижа -лары бар. Жеті -м -ді бағалауш -ы болып табылады, бірақ жоғар -ы класстық сап -тар -дан баштау -ға арна -лған маңыз -ды продукты -лар -ды сыныптастыру -мен аяқталады. Админдама және доставка процесстери де турал -ы толық да көрсеткен -мен",0,0.004514655098319054,0,0.0003456342383287847,0,0.0003728189039975405
"Каспи банканын Kaspi.kz платформасына нәтиженіңізді туралы маңызды пікір сунуштаймын. Ол магазинді ұшақтан ұшуға дейін барысқанда да неше әдістемелерге болды. Жетімді доставка, растамахиялы жана арналған акциялар мен зориулмастерлермен тенденциялары мен кездестірип береді. Маған сүйікті болып табылады",1,qwen_2.5_7b,302,long,consumer_reviews,907,"Каспи банк -анын Kaspi.kz платформа -сы -на нәтижен -іңіз -ді турал -ы маңыз -ды пікір сунуштаймын. Ол магазин -ді ұшақ -тан ұшу -ға дейін барысқа -нда да неше әдістеме -лер -ге болды. Жеті -м -ді доставка -, растамахиял -ы жана арна -лған акция -лар мен зориулмастер -лер -мен тенденция -лары мен кездестірип береді. Маған сүйік -ті болып табыл -ады",0,0.0009359304676763713,0,0.0003088158555328846,0,0.0002358883066335693
"Каспи.kz менен бордырган мәртебелеріне сәтсімді екен. Аналитикалық ұламдықтары және растарма басқаруы кеңінен маңызды болып статус кірулермен бағалаудында қана кездесті. Оның онлайн платформасында жетиштерге негізгі мәселелері жоқ, ол тез-тез іске асырайтын ұламдардың жалпы базасында орна",1,qwen_2.5_7b,289,long,consumer_reviews,908,"Каспи -.kz менен бордырган мәртебе -лері -не сәтсі -м -ді екен. Аналитикалық ұламдық -тары және растарма басқару -ы кең -і -нен маңыз -ды болып статус кіру -лер -мен бағалауд -ы -нда қана кездесті. Оны -ң онлайн платформа -сы -нда жетиш -тер -ге негізг -і мәселе -лері жоқ, ол тез-тез іске асыра -йтын ұлам -дар -дың жалп -ы база -сы -нда орна",0,0.00046633437159471214,0,0.00022283918224275112,0,0.00018398584506940097
"Каспи банкиның Kaspi.kz платформасына пікір берермен, мен олардың онлайн сатып алу процессін неше ортаға бойынша іздеп турмын. Сайты көптеген функцияларда ұзақ-соз болса да, барлығынан адамдар үшін удобстықтан табылады. Онлайн сатып алу және кредит беру руханиеттері тура жасалады. Оң бағалау мен негативдер бар - мисалы,",1,qwen_2.5_7b,321,long,consumer_reviews,909,"Каспи банк -иның Kaspi.kz платформа -сы -на пікір берермен, мен олар -дың онлайн сатып алу процес -сін неше орта -ға бойынша іздеп турмын. Сай -ты көп -те -ген функция -лар -да ұзақ-соз болса да, барлығ -ы -нан адам -дар үшін удобстық -тан табылады. Онлайн сатып алу және кредит беру руханиет -тері тура жасалады. Оң бағалау мен негатив -дер бар - мисалы,",1,0.9993089437484741,0,0.006171111948788166,0,0.00048707163659855723
"Каспи банкиның Kaspi.kz платформасында сатып алған дәрілер мен электрондық тарыхтар менен толығырақ жетімді болды. Магазинде барлығында оңай навигация және растапқышты ұнатын. Орындары көбінесе белсенді және машиналық алу процесстерін жеңеді. Негізгі саласына байланысты мезгілдерін созу керек емес, адамдар",1,qwen_2.5_7b,307,long,consumer_reviews,910,"Каспи банк -иның Kaspi.kz платформа -сы -нда сатып алған дәрі -лер мен электрондық тарых -тар менен толығырақ жеті -м -ді болды. Магази -нде барлығ -ы -нда оңай навигация және растапқыш -ты ұнатын. Орын -дары көбінесе белсен -ді және машиналық алу процесстерін жеңеді. Негізг -і сала -сы -на байланыс -ты мезгілдерін созу керек емес, адам -дар",0,0.030627870932221413,0,0.00046944033238105476,0,0.0007698968984186649
"Каспи банкиның Kaspi App-сі менің оюндама ғана эмес, бірақ оюмдаған адамдар үшін да жоғары ретtedі! Ондын негізгі функциялары - сапаттауларды сату, алмастыру және мезгилдену. Кэшбэк programына киргенде, менен келесілерге көп болашаңызды табуға болады. Ал туралы маңызды сапаттауларды сату процессі та",1,qwen_2.5_7b,300,long,consumer_reviews,911,"Каспи банк -иның Kaspi App- -сі мені -ң оюндама ғана эмес, бірақ оюм -да -ған адам -дар үшін да жоғар -ы ретtedі! Ондын негізг -і функция -лары - сапаттау -лар -ды сату, алмастыру және мезгилдену. Кэшбэк program -ы -на киргенде, менен келесі -лер -ге көп болаша -ңыз -ды табу -ға болады. Ал турал -ы маңыз -ды сапаттау -лар -ды сату процес -сі та",0,0.24939417839050293,0,0.0007428727694787085,0,0.0002851248427759856
"Каспи банка Kaspi.kz платформасына күнді бардаған. Ал болжол мен адамдың өмірінің негизинен мәселе болуы мүмкін. Жою ұзақшасыздармен кездешеді, бірақ кэпиталдама ретінде же алуда келгендерге мыnzан көбірейт есті. Потрет кредиттері де маңызды, олар жоморжа да кездеседі және жобалауды арттыруға",1,qwen_2.5_7b,293,long,consumer_reviews,912,"Каспи банк -а Kaspi.kz платформа -сы -на күн -ді бардаған. Ал болжол мен ада -м -дың өмір -і -нің негизи -нен мәселе болу -ы мүмкін. Жою ұзақшасыз -дар -мен кездешеді, бірақ кэпиталдама рет -і -нде же алу -да келген -дер -ге мыnzан көбірейт есті. Потрет кредит -тері де маңызды, олар жоморжа да кездес -еді және жобалау -ды арттыру -ға",0,0.00919949822127819,0,0.001161655643954873,0,0.000282581546343863
"Каспи банкиның Kaspi.kz платформасы менен борбордағанымен, мәліметтері негизде жетілдірілген болса да, барлығы оң маңызды. Магазиндердің тұрақты сатып алу процессін, алардың өнімдерін және бағаларына теңсіздікті дәмдейдым. Белгіленген деңгээлдегі доставка же жетишімділікте неше минутта отырад",1,qwen_2.5_7b,293,long,consumer_reviews,913,"Каспи банк -иның Kaspi.kz платформа -сы менен борбордағанымен, мәлімет -тері негиз -де жетілдіріл -ген болса да, барлығ -ы оң маңызды. Магазин -дер -дің тұрақ -ты сатып алу процессін, алар -дың өнімдерін және баға -лары -на теңсіздік -ті дәмдейдым. Белгілен -ген деңгээлдег -і доставка же жетишімділік -те неше минут -та отырад",0,0.0028148661367595196,0,0.0004207171150483191,0,0.0005768129485659301
"Каспи банка KZда маңызды ресурстарды бере отыратын. Оның онлайн платформасы керекті бағдарламаларды және электрондық банкинг функциялары мен тиімді клиенттерге болады. Мен сабақтармен ой-тағы тарабынан пайдаланушыларға максыздыруы көбейтеді. Бирок, саласында да натыйжатын же техникалық проблемаларды табуға болады. Мына",1,qwen_2.5_7b,320,long,consumer_reviews,914,"Каспи банк -а KZда маңыз -ды ресурс -тар -ды бере отыратын. Оны -ң онлайн платформа -сы керек -ті бағдарлама -лар -ды және электрондық банк -инг функция -лары мен тиі -м -ді клиент -терге болады. Мен сабақ -тар -мен ой-тағ -ы тараб -ы -нан пайдаланушы -лар -ға максыздыру -ы көбейтеді. Бирок, сала -сы -нда да натыйж -атын же техникалық проблема -лар -ды табу -ға болады. Мына",0,0.0006642123917117715,0,0.0002912633935920894,0,0.00024410198966506869
"Каспи бандағы онлайн сатып алу мүмкіндіктің менен іздеп келимін. Бул платформадан кездейсіз жетишкендікті болды. Машиналар мен электроника нәтижелері бойынша маңызды көрсеткіштерге жеткіземін. Орташа доставка оюндары жұмсама мен архивалық мезгилдерде оң болып табылады. Азырқылы туралы, ал саппортты ж",1,qwen_2.5_7b,301,long,consumer_reviews,915,"Каспи бандағ -ы онлайн сатып алу мүмкіндік -тің менен іздеп келимін. Бул платформа -дан кездейсіз жетишкендік -ті болды. Машина -лар мен электроника нәтиже -лері бойынша маңыз -ды көрсеткіш -тер -ге жеткіземін. Орташа доставка оюн -дары жұмсама мен архивалық мезгил -дер -де оң болып табылады. Азырқыл -ы туралы, ал саппорт -ты ж",1,0.6693690419197083,0,0.0017895714845508337,0,0.0007779825828038156
"Каспи.kz-те онлайн сатып алуға кірер болып, бұл сайтың удобдығы мен архивациялық функциялары менен натыйжалады. Сайты оңай пайдалануға мүмкіндік береді, мәліметтер жеткіlez ақпараттарды іздеп, келгендерге даяр адамдарды бағалаушыларды табу кездесет. Бірақ, егер сіздерге несемент адамдарды бармак жолына же бан",1,qwen_2.5_7b,310,long,consumer_reviews,916,"Каспи -.kz-те онлайн сатып алу -ға кірер болып, бұл сай -тың удобдығ -ы мен архивациялық функция -лары менен натыйжалады. Сай -ты оңай пайдалану -ға мүмкіндік береді, мәлімет -тер жеткіlez ақпарат -тар -ды іздеп, келген -дер -ге даяр адам -дар -ды бағалаушы -лар -ды табу кездесет. Бірақ, егер сіз -дер -ге несемент адам -дар -ды бармак жол -ы -на же бан",0,0.13171327114105225,0,0.0046427869237959385,0,0.000714269292075187
"Каспи.kz магазинінан нәтижалар мен сұраймыздарды турамында маңызды пікір бередим. Мен олардан алуға болжап келген деңиз өсімдерімен кездешуден кейиңіз, бірақ онда негізгі функциялары дұрысты болды. Беті удобстылықтай жеқтаулықтан камсызуі мүмкін. Оларда растама мен зорбады бар, бірақ ценалары а",1,qwen_2.5_7b,295,long,consumer_reviews,917,"Каспи -.kz магазин -і -нан нәтижа -лар мен сұраймыз -дар -ды турам -ы -нда маңыз -ды пікір бередим. Мен олар -дан алу -ға болжап кел -ген деңиз өсім -дері -мен кездешу -ден кейиңіз, бірақ онда негізг -і функция -лары дұрыс -ты болды. Бет -і удобстылықтай жеқтаулық -тан камсызу -і мүмкін. Олар -да растама мен зорб -ады бар, бірақ цена -лары а",0,0.0004242635623086244,0,0.00032608897890895605,0,0.0008072950877249241
Каспи банкиның Kaspi.kz сайттарында магазині жумшамды мен оған нені же несебеттен табиғаттаулық пәтерлерімен барыбай алуға болады. Азыр күндегі де маңызды кезектелген ценалардын кездешуден кейін магазиндай сұраймын. Платформаны болжау мен адамдардың жоюмды таптуға руханиеттеуімен бірге туралы маңызды мәл,1,qwen_2.5_7b,305,long,consumer_reviews,918,Каспи банк -иның Kaspi.kz сайт -тары -нда магази -ні жумша -м -ды мен оған нен -і же несебет -тен табиғаттаулық пәтер -лері -мен барыбай алу -ға болады. Азыр күндег -і де маңыз -ды кезектел -ген ценалардын кездешу -ден кейін магазиндай сұраймын. Платформа -ны болжау мен адам -дар -дың жою -м -ды тапту -ға руханиеттеу -і -мен бір -ге турал -ы маңыз -ды мәл,0,0.0004558313812594861,0,0.0002537044056225568,0,0.00023143604630604386
"Каспи банка магазиндері мен туралы маған мына пікір береймін. Ол болжолар мен кемелерден орындалған кэйде жеткен кейде болады. Менен арасында шешімді нәтижелер алдымен, кездесуі табылып келеді. Жою үчүн же тапсыру үчүн тобыз да жеткен кейде тиімді болса, бир нече күндінше оюн умумисе",1,qwen_2.5_7b,284,long,consumer_reviews,919,"Каспи банк -а магазин -дері мен турал -ы маған мына пікір береймін. Ол болжо -лар мен кеме -лер -ден орындал -ған кэй -де жет -кен кей -де болады. Менен ара -сы -нда шеші -м -ді нәтиже -лер алдымен, кездесу -і табылып келеді. Жою үчүн же тапсыру үчүн тобыз да жет -кен кей -де тиі -м -ді болса, бир нече күндінше оюн умумисе",0,0.001221629325300455,0,0.00039479968836531043,0,0.0003399010456632823
"Каспи.kz сайтына қаншада сатып алуға болдым. Бұл сайт магазинді оқушылы мен адамдарды бардастыруға тық. Нәтижелері жоғары, нәтижелері менге ненісізді істеп отырып, оларды сатып алдымын. Себебі доставка жөндөмді және цендрілері кем. Оқиғаларын бергендерге рахмет! Сайтыны ұшақтымен рекомендед",1,qwen_2.5_7b,291,long,consumer_reviews,920,"Каспи -.kz сайт -ы -на қанша -да сатып алу -ға болдым. Бұл сайт магазин -ді оқушыл -ы мен адам -дар -ды бардастыру -ға тық. Нәтиже -лері жоғары, нәтиже -лері мен -ге ненісіз -ді істеп отырып, олар -ды сатып алдымын. Себеб -і доставка жөндө -м -ді және цендрі -лері кем. Оқиғаларын берген -дер -ге рахмет! Сайт -ы -ны ұшақт -ы -мен рекомендед",0,0.0014227707870304585,0,0.0003510716196615249,0,0.003658210625872016
"Каспи банкиның Kaspi.kz платформасында сатып алуға боладымы мен негизинен пікір мемлекеттікті болды. Бұл платформаның ішінде барлық түрлерден товардар және服题翻译：

您是在描述关于Kaspi.kz在线购物平台的消费者评论。请用哈萨克语写一个既全面又简洁（约3-5句话，不少于40个词）且中肯的产品评价。您可以使用简单的语言来表达您的观点和体验。以下是建议的内容：


user
Каспи бандин Kaspi.kz платформ",1,qwen_2.5_7b,298,long,consumer_reviews,921,Каспи банк -иның Kaspi.kz платформа -сы -нда сатып алу -ға боладым -ы мен негизи -нен пікір мемлекеттік -ті болды. Бұл платформа -ның іші -нде барлық түр -лер -ден товар -дар және服题翻译： 您是在描述关于Kaspi.kz在线购物平台的消费者评论。请用哈萨克语写一个既全面又简洁（约3-5句话，不少于40个词）且中肯的产品评价。您可以使用简单的语言来表达您的观点和体验。以下是建议的内容： user Каспи бандин Kaspi.kz платфор -м,0,0.0006308200536295772,0,0.0005138746928423643,0,0.0001648271718295291
"Каспи.kz-те онлайн сатып алуға тырысманың мемлекеттік магазиндерден барлығына тең же әдетте арасында көбүнчелер менен турамын. Сатып алу процессі негизги маңызды болуп саналады - сайт оңай пайдалануға болады, продуктыны растақтау жана асыл баға менеджменті оң болып табылады. Кейбі线索启动，请继续。
umber
用户请求的是用哈萨",1,qwen_2.5_7b,306,long,consumer_reviews,922,"Каспи -.kz-те онлайн сатып алу -ға тырысма -ның мемлекеттік магазин -дер -ден барлығ -ы -на тең же әдет -те ара -сы -нда көбүнче -лер менен турамын. Сатып алу процес -сі негизги маңыз -ды болуп санал -ады - сайт оңай пайдалану -ға болады, продукт -ы -ны растақтау жана асыл баға менеджмен -ті оң болып табылады. Кейбі线索启动，请继续。 umber 用户请求的是用哈萨",0,0.18627914786338806,0,0.0004659922269638628,0,0.0002506073797121644
"Каспи банка Казипи.kz - бұл менемезделікке бағытталған онлайн сатып алу платформасы. Мен оның удобдығы мен нәтижелеріне қарама-стам даяр болып кalmын. Оноң машиналық процесстері және роботтастыруы менің деномдағы зекеткерлермен иште отырып, өзара тыңданыс туралы неше мамиles жооп береді. Бірақ, барлық кездешеті",1,qwen_2.5_7b,312,long,consumer_reviews,923,"Каспи банк -а Казипи.kz - бұл менемезделік -ке бағыттал -ған онлайн сатып алу платформасы. Мен оны -ң удобдығ -ы мен нәтиже -лері -не қарама-ста -м даяр болып кalmын. Оно -ң машиналық процесс -тері және роботтастыру -ы мені -ң деномдағ -ы зекеткер -лер -мен иште отырып, өзара тыңданыс турал -ы неше мамиles жооп береді. Бірақ, барлық кездеше -ті",0,0.007364048156887293,0,0.0007528365240432322,0,0.00028730349731631577
Каспи банка KASPI приложение мен имзагандағы мәселелермен да бірге болды. Белгіленген бағдарламада негізгі функциялар жұлдыздармен орналасқан және сапаттаушы. Мобильді денежі транзакцияларын жүберуге болашақ кездешеді. Але маңызды адамдардың көмекке енгізуіне тырысу үчін реттеуді жою керек. Кейбір ад,1,qwen_2.5_7b,301,long,consumer_reviews,924,Каспи банк -а KASPI приложение мен имзагандағ -ы мәселе -лер -мен да бір -ге болды. Белгілен -ген бағдарлама -да негізг -і функция -лар жұлдыз -дар -мен орналас -қан және сапаттаушы. Мобиль -ді денеж -і транзакцияларын жүберу -ге болашақ кездешеді. Але маңыз -ды адам -дар -дың көмек -ке енгізу -і -не тырысу үчін реттеу -ді жою керек. Кейбір ад,0,0.002319335239008069,0,0.0002547653275541961,0,0.000808164884801954
Каспи банка сайын маңызды жеңілдікті бойынша ұзақ жарияланғанда. Сатып алған мезгілдерім мен аяқталыс тәсілерімен болашақта қоректенетін туралы жоғары барады. Банканың онлайн платформасына негизделген даму процесстері бар деп белгілеймін. Кэшкей сыймырдану туралы да маңызды ішкі адамдардың ойын,1,qwen_2.5_7b,295,long,consumer_reviews,925,Каспи банк -а сайын маңыз -ды жеңілдік -ті бойынша ұзақ жарияланғанда. Сатып алған мезгілдері -м мен аяқталыс тәсі -лері -мен болашақ -та қорек -тен -етін турал -ы жоғар -ы барады. Банк -аның онлайн платформа -сы -на негиздел -ген даму процесс -тері бар деп белгілеймін. Кэшкей сыймырдану турал -ы да маңыз -ды ішк -і адам -дар -дың ойын,0,0.005828529596328735,0,0.00037268782034516335,0,0.00021900329738855362
"Каспи бандағы онлайн магазинін сатып алумен мен көбінесе жетімділіктен оюну көрдім. Олардың асигнациясы дәмді және рухани бұл емес. Аксуздары жеңіл, алардың заттары да жоғары. Мерчаманда келген нәтижалар менге тиімді болды. Бир нече заманауыздан кейін кездестіріледі, бірақ бул машиналы",1,qwen_2.5_7b,286,long,consumer_reviews,926,"Каспи бандағ -ы онлайн магазинін сатып алу -мен мен көбінесе жетімділік -тен оюну көрдім. Олар -дың асигнация -сы дәм -ді және рухани бұл емес. Аксуз -дары жеңіл, алар -дың зат -тары да жоғары. Мерчама -нда кел -ген нәтижа -лар мен -ге тиі -м -ді болды. Бир нече заманауыз -дан кейін кездестіріледі, бірақ бул машинал -ы",0,0.02716895379126072,0,0.0014008571160957217,0,0.0007919676718302071
"Каспи банкиның Kaspi.kz платформасы менен жұмыс істеп қадамдық болғаным. Барлық процесстер негизинше автоматтарады, бірақ да машиналарға мамиелемен сапатталған кездешудерлермен қорналанады. Сатып алу процесі негізгi оюндарда туындай отырған және көбінесе реттеу жүргізу мүмкін. Оқушылардан же алдыңғы магаластан к",1,qwen_2.5_7b,313,long,consumer_reviews,927,"Каспи банк -иның Kaspi.kz платформа -сы менен жұмыс істеп қадамдық болғаным. Барлық процесс -тер негизинше автоматтарады, бірақ да машина -лар -ға мамиеле -мен сапаттал -ған кездешудер -лер -мен қорналанады. Сатып алу проце -сі негізгi оюн -дар -да туындай отыр -ған және көбінесе реттеу жүргізу мүмкін. Оқушы -лар -дан же алдыңғ -ы магалас -тан к",0,0.06502878665924072,0,0.0008751603891141713,0,0.00036908118636347353
Каспи банка Казакстанда маңызды мәселе ретінде ортақ шақыратынан турмыраған. Мен бул компаниянын онлайн-салына келгендан кийин табиғатта берген нерселермен бақылауды же іске асыруға болашақ тамагы менін тақырыпталды. Бірақ олар онлайн платформасының зорлығын жоюға тырысқан адамдарды жетілдетулермен көмектеседі. Сат,1,qwen_2.5_7b,316,long,consumer_reviews,928,Каспи банк -а Казакста -нда маңыз -ды мәселе рет -і -нде ортақ шақырат -ы -нан турмыраған. Мен бул компаниянын онлайн-сал -ы -на келген -дан кийин табиғат -та бер -ген нерсе -лер -мен бақылау -ды же іске асыру -ға болашақ тамаг -ы менін тақырыпталды. Бірақ олар онлайн платформа -сы -ның зорлығын жою -ға тырыс -қан адам -дар -ды жетілдету -лер -мен көмектеседі. Сат,0,0.0015173893189057708,0,0.00026061892276629806,0,0.0001764232147252187
Каспи банка KZ дарыныштағы магазиндерге орындастыратын сатып алу системасы бойынша сенімді және нұсқалықты бақылаудан маңызды. Маған иман болды мен келген аяқтарымен шамамен да уюмын. Сатып аладыңыз жетиштерге же істеменіңіздерге туралы мүмкіндікті адбаныңыз жана ар кандайды эмесін шоуды,1,qwen_2.5_7b,288,long,consumer_reviews,929,Каспи банк -а KZ дарыныштағ -ы магазин -дер -ге орындастыр -атын сатып алу система -сы бойынша сені -м -ді және нұсқалық -ты бақылау -дан маңызды. Маған иман бол -ды мен кел -ген аяқ -тары -мен шама -мен да уюмын. Сатып алад -ыңыз жетиш -тер -ге же істеменіңіз -дер -ге турал -ы мүмкіндік -ті адбан -ыңыз жана ар канда -йды эме -сін шоу -ды,0,0.0023138788528740406,0,0.0005473449127748609,0,0.00024586310610175133
"Каспи банкиның Kaspi.kz платформасы менен барыла алмамен, ол жоғары деңгээде болуп саналады. Көптеген товардарды онлайнда қажет туралы маңызды маңызды мәліметтермен табуға болады. Алда кездешудің негізгі бөлігі - сапар келтиру мен акциялар, андан кейін же келесі сынақта да тиімділікті пайдалануға болад",1,qwen_2.5_7b,303,long,consumer_reviews,930,"Каспи банк -иның Kaspi.kz платформа -сы менен барыла алмамен, ол жоғар -ы деңгээ -де болуп саналады. Көп -те -ген товар -дарды онлай -нда қажет турал -ы маңыз -ды маңыз -ды мәлімет -тер -мен табу -ға болады. Алда кездешу -дің негізг -і бөліг -і - сапар келтиру мен акция -лар, андан кейін же келе -сі сынақ -та да тиімділік -ті пайдалану -ға болад",0,0.0389983132481575,0,0.0002841416862793267,0,0.0004264551680535078
"Каспи банка Казакстанда маңызды оюндамаған банк болып сипатталады. Нәтижелері натырлықта мүмкін емес, бирок анықтамалары дұrlықтанынды. Банктен жетиштерге бағалаушылар мен алардан ұзақтыруларын қорғауды көрсетеді. Оның онлайн платформасы толығырақ және кез келген жерден доступ болуы мүмкін, б",1,qwen_2.5_7b,293,long,consumer_reviews,931,"Каспи банк -а Казакста -нда маңыз -ды оюндама -ған банк болып сипатталады. Нәтиже -лері натырлық -та мүмкін емес, бирок анықтама -лары дұrlықтанынды. Банк -тен жетиш -тер -ге бағалаушы -лар мен алар -дан ұзақтыруларын қорғау -ды көрсетеді. Оны -ң онлайн платформа -сы толығырақ және кез кел -ген жер -ден доступ болу -ы мүмкін, б",0,0.000813462829682976,0,0.0002953752700705081,0,0.00033602313487790525
"Каспи.kz-те сатып алу әртүрлі магазиндерден алыптыруға натыйжаның менің ойнаушы мақсаттарымды жеткирді. Барылыษา белгілі адамдармен бірге туралы табиғатты бақылауды маңызды ойндайдымыз. Негизгі кездешмебен, салыстырмалы магазиндерге компаративдан архызы дәбесін же акцияларындағ",1,qwen_2.5_7b,278,long,consumer_reviews,932,"Каспи -.kz-те сатып алу әртүрл -і магазин -дер -ден алыптыру -ға натыйжа -ның мені -ң ойнауш -ы мақсаттары -м -ды жеткирді. Барылыษา белгіл -і адам -дар -мен бір -ге турал -ы табиғат -ты бақылау -ды маңыз -ды ойндайдымыз. Негизг -і кездешмебен, салыстырмал -ы магазин -дер -ге компаратив -дан архыз -ы дәбе -сін же акция -ларындағ",0,0.0003545681538525969,0,0.0002566188632044941,0,0.0001602876145625487
"Каспи банка Kaspi приложение менен ішке руханиетте болды. Ал барлығы онлайн татарак сатып алуға маңызды. Мисалы, оның ""Гость"" режимімен мал мезгилиндерге нәтижелер алуға да қадам аудармайды. Платформаның интерфейсі көптеген адамдардың табиғатына таңдаған. Бирок, бірақ, бұл толық платформа сызығылары мен уқсас бағдарл",1,qwen_2.5_7b,318,long,consumer_reviews,933,"Каспи банк -а Kaspi приложение менен ішке руханиет -те болды. Ал барлығ -ы онлайн татарак сатып алу -ға маңызды. Мисалы, оны -ң ""Гость"" режим -і -мен мал мезгилин -дер -ге нәтиже -лер алу -ға да қада -м аудармайды. Платформа -ның интерфей -сі көп -те -ген адам -дар -дың табиғат -ы -на таңдаған. Бирок, бірақ, бұл толық платформа сызығы -лары мен уқсас бағдарл",0,0.05977930873632431,0,0.0004784082993865013,0,0.0003815582604147494
"Каспи банка Kaspi.kz оқиғасы менің тапшыруымды маңызды реттеуден мезгілдерге жетке берген. Барлық функциялары тура және жұмыс істейді, бірақ мобилдықтан доступ болмағанда да онлайн платформасын пайдалану мүмкіндігі натығымен мені теңестерген. Азырқыlandership менің бағамдар менін барады, андан кейін жою келеді. Кэ",1,qwen_2.5_7b,315,long,consumer_reviews,934,"Каспи банк -а Kaspi.kz оқиға -сы мені -ң тапшыруы -м -ды маңыз -ды реттеу -ден мезгіл -дер -ге жет -ке берген. Барлық функция -лары тура және жұмыс істейді, бірақ мобилдық -тан доступ болмаға -нда да онлайн платформа -сын пайдалану мүмкіндіг -і натығ -ы -мен мен -і теңестерген. Азырқыlandership мені -ң бағам -дар менін барады, андан кейін жою келеді. Кэ",1,0.8198446035385132,0,0.0007352670072577894,0,0.0003222644154448062
"Каспи банка KZ-ның ортағы магазиндерде сатып алу үчүн белгилі адамдар мен адаулар менен байланышымен маанилы аймағына ээ болуп, маңызды роль ойндайды. Модерн дизайнды және удобстықты жеңілетін гипермаркеттерде маракан жана сапаттарының арбайттулатын көптеген товардардан тұрады. Оқиғадан дегенде, ценалар низки сортуда к",1,qwen_2.5_7b,320,long,consumer_reviews,935,"Каспи банк -а KZ- -ның ортағ -ы магазин -дер -де сатып алу үчүн белгил -і адам -дар мен адау -лар менен байланыш -ы -мен маанил -ы аймағ -ы -на ээ болуп, маңыз -ды роль ойндайды. Модерн дизайн -ды және удобстық -ты жеңіл -етін гипермаркет -тер -де маракан жана сапат -тары -ның арбайттул -атын көп -те -ген товар -дардан тұрады. Оқиға -дан дегенде, цена -лар низки сорту -да к",0,0.002745921490713954,0,0.00044609096948988736,0,0.00017596255929674953
"Каспи банка Казакстанда маңызды реттеуді басқару әлеуметтерге мезгіл берген. Сатып алған товардарды тексеруге болады, ұзак周期性检查商品是否存在问题，及时解决问题。此外，他们的客服人员非常友好且乐于助人，解答了我的所有问题。不过偶尔操作速度较慢，但总体来说是个值得信赖的选择。#消费体验 #购物安全 #客户服务",1,qwen_2.5_7b,216,long,consumer_reviews,936,"Каспи банк -а Казакста -нда маңыз -ды реттеу -ді басқару әлеумет -тер -ге мезгіл берген. Сатып алған товар -дарды тексеру -ге болады, ұзак周期性检查商品是否存在问题，及时解决问题。此外，他们的客服人员非常友好且乐于助人，解答了我的所有问题。不过偶尔操作速度较慢，但总体来说是个值得信赖的选择。#消费体验 #购物安全 #客户服务",0,0.00390589889138937,0,0.000943985243793577,0,0.0003288578300271183
"Каспи банка онлайн сатып алу менен ұзақ барып отырым. Олардың сайттарында әдетте мағыналы товардар ұстарады және олардың магазиндерінің өсімдігінің үшін архивалы болса да, негизделген камераларды қорғай қалады. Нәтижесinde онлайн платформаны пайдалануға тырысқанда жоғары бағалаушы реттеуді белгі",1,qwen_2.5_7b,296,long,consumer_reviews,937,"Каспи банк -а онлайн сатып алу менен ұзақ барып отырым. Олар -дың сайт -тары -нда әдет -те мағынал -ы товар -дар ұстар -ады және олар -дың магазин -дері -нің өсімдіг -і -нің үшін архивал -ы болса да, негиздел -ген камера -лар -ды қорғай қалады. Нәтижесinde онлайн платформа -ны пайдалану -ға тырысқа -нда жоғар -ы бағалауш -ы реттеу -ді белг -і",1,0.7498773336410522,0,0.0002817707136273384,0,0.00020966428564861417
Каспи банкиның Kaspi.kz платформасын пікірдеумен жетілуimenен умтылыңыздар! Бұл платформаның негизгі ортақ мезгилдері - онлайн шағыну және зарплатаны сактоюз. Мен бұл платформадан дауыс алуға боладымына тең тапқан адам болымен. Ол табиғатты тіпті және удобстықтанушы бағдарлама. Платформанда сіз толық ішінд,1,qwen_2.5_7b,307,long,consumer_reviews,938,Каспи банк -иның Kaspi.kz платформа -сын пікірдеу -мен жетілуimenен умтылыңыздар! Бұл платформа -ның негизг -і ортақ мезгил -дері - онлайн шағыну және зарплата -ны сактоюз. Мен бұл платформа -дан дауыс алу -ға боладым -ы -на тең тап -қан ада -м болымен. Ол табиғат -ты тіп -ті және удобстықтануш -ы бағдарлама. Платформа -нда сіз толық ішінд,0,0.0015493399696424603,0,0.00043588021071627736,0,0.00015039549907669425
"Каспи банкиның Kaspi.kz платформасына бардығы мен толығырақ пікір беретмен сендерге мәселе менедердейм. Бұл платформаны қажетке чыгуы мүмкіндігі резондан шешкелерге негизделген. Ол дамытуы керек болады, себебі ол табиғатта өнер-баспас қозғалыштан, онлайн шаткару да туристик шарттарда жетишшілікті бақылауд",1,qwen_2.5_7b,306,long,consumer_reviews,939,"Каспи банк -иның Kaspi.kz платформа -сы -на бардығ -ы мен толығырақ пікір берет -мен сен -дер -ге мәселе менедердейм. Бұл платформа -ны қажет -ке чыгу -ы мүмкіндіг -і резон -дан шешке -лер -ге негизделген. Ол дамыту -ы керек болады, себеб -і ол табиғат -та өнер-баспас қозғалыштан, онлайн шаткару да туристик шарт -тар -да жетишшілік -ті бақылауд",0,0.0010640379041433334,0,0.0003650474245660007,0,0.00027522980235517025
"Каспи банка Казипи менен ұнатылығым! Мен ақша менеджментте маңызды реттеуді табдымын. Жоғары тәрібімен, тез уақытта бірнеше зомдарда созмемін. Оның магазиндеріне орналасқан адамдар тура берген және бірнеше нұсқада қоранып, басқа кейде болса да созып алуға тырыстырылады. Кредиттері де с",1,qwen_2.5_7b,286,long,consumer_reviews,940,"Каспи банк -а Казипи менен ұнатылығым! Мен ақша менеджмент -те маңыз -ды реттеу -ді табдымын. Жоғар -ы тәрібімен, тез уақыт -та бірнеше зом -дар -да созмемін. Оны -ң магазин -дері -не орналас -қан адам -дар тура бер -ген және бірнеше нұсқа -да қоранып, бас -қа кей -де болса да созып алу -ға тырыстырылады. Кредит -тері де с",0,0.18799340724945068,0,0.0008037626394070685,0,0.0009651101427152753
"Каспи банка Kaspi приложение менен іздеп келгенменім. Аптанда да бар, оны қолдануға болады. Кэшбэк программасы маңызды, азыркы учурда 12% дәрежеден аз. Метатеги мен топталма алдын ала табуда болса, кездешіктерге тағы тақыр болуп тастықталады. Берилген нұсқада барлығы негизинше положитивды резултаттар тиймелері м",1,qwen_2.5_7b,313,long,consumer_reviews,941,"Каспи банк -а Kaspi приложение менен іздеп келгенменім. Апта -нда да бар, оны қолдану -ға болады. Кэшбэк программа -сы маңызды, азырк -ы учур -да 12% дәреже -ден аз. Метатеги мен топталма алдын ала табу -да болса, кездешік -тер -ге тағ -ы тақыр болуп тастықталады. Берил -ген нұсқа -да барлығ -ы негизинше положитив -ды резултат -тар тийме -лері м",0,0.0006019687280058861,0,0.00038443313678726554,0,0.0003777225501835346
"Каспи банкиның Kaspi.kz платформасы менге маңызды болды. Банктар менімен ортаға бармақ береді және іске аласыздығына қадам алынуы мүмкін. Аналитикалық машиналер менімен жұмыс істей алсақтан кездестерді. Навигациясы жетекші, бірақ жүрісінен айналауды терең емес. Мобильді динамикалық навигациясы менің туралы",1,qwen_2.5_7b,307,long,consumer_reviews,942,"Каспи банк -иның Kaspi.kz платформа -сы мен -ге маңыз -ды болды. Банк -тар мен -і -мен орта -ға бар -мақ бер -еді және іске аласыздығ -ы -на қада -м алыну -ы мүмкін. Аналитикалық машина -лер мен -і -мен жұмыс істей алсақ -тан кездестерді. Навигация -сы жетекші, бірақ жүрі -сі -нен айналау -ды тере -ң емес. Мобиль -ді динамикалық навигация -сы мені -ң турал -ы",1,0.988997757434845,0,0.000440816133050248,0,0.0004214307991787791
"Каспи банка KASPI.kz сайтында сатып алу үчін мен келесілерден бардығын ойндаганым:

Мен KASPI.kz сайтында товарды сатып алмамен же пайдалануыммен неше кездегі нерселерden көбүрек белгілеп жатканым. Бул сайт маанилы болуп, тура функциялар жана кезінde оң рет пайдалану мүмкіндігі береді. Бирок, да бар кейде адамдардың",1,qwen_2.5_7b,317,long,consumer_reviews,943,"Каспи банк -а KASPI.kz сайт -ы -нда сатып алу үчін мен келесі -лер -ден бардығын ойндаганым: Мен KASPI.kz сайт -ы -нда товар -ды сатып алма -мен же пайдалануы -м -мен неше кездег -і нерселерden көбүрек белгілеп жатканым. Бул сайт маанил -ы болуп, тура функция -лар жана кезінde оң рет пайдалану мүмкіндіг -і береді. Бирок, да бар кей -де адам -дар -дың",0,0.0005055883666500449,0,0.00031507204403169453,0,0.00031207711435854435
"Каспи.kz магазині барлығына рахмет! Маған мағыналы және жетімді саппорт береді. Сатып алған товардары туындайды және нұсқаулы. Менен дракон адамдар менің оңайдыруымызды айтады же жоморга тырақтанады. Азық ценаларды да көрдім, бирок мемелері менімен болмаса, магазиндегі арбаңдау өте жоғары. К",1,qwen_2.5_7b,292,long,consumer_reviews,944,"Каспи -.kz магази -ні барлығ -ы -на рахмет! Маған мағынал -ы және жеті -м -ді саппорт береді. Сатып алған товар -дары туы -нда -йды және нұсқаулы. Менен дракон адам -дар мені -ң оңайдыру -ымыз -ды айт -ады же жоморга тырақтанады. Азық цена -лар -ды да көрдім, бирок меме -лері мен -і -мен болмаса, магазиндег -і арбаңдау өте жоғары. К",0,0.001413634861819446,0,0.0002652507973834872,0,0.0005137929110787809
"Каспи банкиның Kaspi.kz платформасына пікір берермен - бұл миңдеңізді бағалау әдетте маңызды! Ол өнерді қорду, онлайн кредиттерді ұяртудан, сәбілерді арендаға дейін әртүрлі негізгі функцияларды орталастыратын көмеккер жүйесін кездестіреді. Кейде белгісіз кез келген проблемаларға мүмкі",1,qwen_2.5_7b,285,long,consumer_reviews,945,"Каспи банк -иның Kaspi.kz платформа -сы -на пікір берер -мен - бұл миңде -ңіз -ді бағалау әдет -те маңызды! Ол өнер -ді қорду, онлайн кредит -тер -ді ұяртудан, сәбі -лер -ді аренда -ға дейін әртүрл -і негізг -і функция -лар -ды орталастыр -атын көмеккер жүйе -сін кездестіреді. Кей -де белгісіз кез кел -ген проблема -лар -ға мүмк -і",1,0.9974156618118286,0,0.0012950031086802483,0,0.00037535984301939607
"Каспи банкиның Kaspi.kz сайттың негизги мезгилдері бар мен оларды болжолдауға боладым. Оқушмамен жетілдірулері және сапарлы табиғатта ұстап келген кездешбей менеджерлерден пікір берсемін. Каспи.kz сайтына кеңінен көрсеткен сатып алу процессі удобстықтаныштықты барады. Азырда өлең сатып аламын, уәрі",1,qwen_2.5_7b,299,long,consumer_reviews,946,"Каспи банк -иның Kaspi.kz сайт -тың негизги мезгил -дері бар мен олар -ды болжолдау -ға боладым. Оқушма -мен жетілдіру -лері және сапарл -ы табиғат -та ұстап кел -ген кездешбей менеджер -лер -ден пікір берсемін. Каспи -.kz сайт -ы -на кең -і -нен көрсет -кен сатып алу процес -сі удобстықтаныштық -ты барады. Азыр -да өле -ң сатып аламын, уәр -і",0,0.002200834220275283,0,0.0005546768079511821,0,0.00027785502607002854
"Каспи банка KASPI.kz аптасыздарына мемеленген! Мен оны кездешуден тығындаган менен сабиттерге жетип келе алам. Сатып алу过程已终止。您想要撰写关于Kaspi.kz在线购物的评论吗？请允许我用简单的哈萨克语为您写一个中肯的评价，长度约为40个字：

Kaspi.kz - негиздеп тұруы керекті бир онлайн магазин. Нәтижелерінше ұнатумен маңызды.
（译文：Kaspi.kz是一个",1,qwen_2.5_7b,285,long,consumer_reviews,947,Каспи банк -а KASPI.kz аптасыз -дары -на мемеленген! Мен оны кездешу -ден тығындаган менен сабит -тер -ге жетип келе алам. Сатып алу过程已终止。您想要撰写关于Kaspi.kz在线购物的评论吗？请允许我用简单的哈萨克语为您写一个中肯的评价，长度约为40个字： Kaspi.kz - негиздеп тұру -ы керек -ті бир онлайн магазин. Нәтижелерінше ұнату -мен маңызды. （译文：Kaspi.kz是一个,0,0.004021622706204653,0,0.003914741799235344,0,0.0002495506778359413
"Каспи банка мениң ортағымды маңызды келет. Олардың онлайн платформасы удобстықтанады және ресурстары бор. Мен ұзақ мерзімді абонемент берген менеджермен болдырганда дамытуы мүмкін. Анын негизгi функциялары жетиштеуді тастыктап, арналған программалар мен таржыма орналастырулар менен пайдалану көбінесе оңай. Жалпыша кар",1,qwen_2.5_7b,319,long,consumer_reviews,948,"Каспи банк -а мени -ң ортағы -м -ды маңыз -ды келет. Олар -дың онлайн платформа -сы удобстық -тан -ады және ресурс -тары бор. Мен ұзақ мерзі -м -ді абонемент бер -ген менеджер -мен болдырга -нда дамыту -ы мүмкін. Анын негизгi функция -лары жетиштеу -ді тастыктап, арна -лған программа -лар мен таржыма орналастыру -лар менен пайдалану көбінесе оңай. Жалпыша кар",0,0.0007846959051676095,0,0.00038425929960794747,0,0.00032954898779280484
"Каспи.kz-те онлайн сатып алуға болашақ мұндай нәтиже! Мен менімді туралы маңызды мақалды жазамын, бірақ оның ішінде қоюшылық жетишіктірімдерімен жариялаудан мына айтуға болады.

Онлайн платформасында келесі адамдардың кездестірілген мәселелері болып табылады:
1. Адаптациясы - бир нече у",1,qwen_2.5_7b,287,long,consumer_reviews,949,"Каспи -.kz-те онлайн сатып алу -ға болашақ мұндай нәтиже! Мен мені -м -ді турал -ы маңыз -ды мақал -ды жазамын, бірақ оны -ң іші -нде қоюшылық жетишіктірім -дері -мен жариялау -дан мына айту -ға болады. Онлайн платформа -сы -нда келе -сі адам -дар -дың кездестіріл -ген мәселе -лері болып табылады: 1. Адаптация -сы - бир нече у",0,0.1040908619761467,0,0.00045836137724108994,0,0.00034376390976831317
Каспи банкиның Kaspi.kz платформасында сатып алуға боладымы мен олардың онлайн магазинімен неперсоналды борылмашылығымен және максатқа тура доставка форматына тең тұрғанымен маңызды емесім. Олардың өнімдерінің сапаты реттеуден дәсітуге же сипатталушы тез адамдардан аман емес деп белгілелерімен тышкаратын. Кожиң,1,qwen_2.5_7b,312,long,consumer_reviews,950,Каспи банк -иның Kaspi.kz платформа -сы -нда сатып алу -ға боладым -ы мен олар -дың онлайн магазин -і -мен неперсонал -ды борылмашылығ -ы -мен және максат -қа тура доставка формат -ы -на тең тұрған -ы -мен маңыз -ды емесім. Олар -дың өнім -дері -нің сапа -ты реттеу -ден дәсіту -ге же сипатталуш -ы тез адам -дар -дан аман емес деп белгіле -лері -мен тышкаратын. Кожи -ң,0,0.000859397929161787,0,0.0004053172015119344,0,0.0002234770799987018
"Каспи банкиның Kaspi.kz платформасына бағалаушы дары ой жасадым. Банка маңызды мезгилдерде және ақша транзакцияларымен багытталған адамдарды қорғайтындығы жоғары. Системаны кездешту болмашы, бірақ беттері терең және жәндіктеуден бастапкерлерге мүмкіндіктісі жогорғышы мен рухани емес. Оның жеңіл",1,qwen_2.5_7b,295,long,consumer_reviews,951,"Каспи банк -иның Kaspi.kz платформа -сы -на бағалауш -ы дары ой жасадым. Банк -а маңыз -ды мезгил -дер -де және ақша транзакция -лары -мен багыттал -ған адам -дар -ды қорғайтындығ -ы жоғары. Система -ны кездешту болмашы, бірақ бет -тері тере -ң және жәндіктеу -ден бастапкер -лер -ге мүмкіндікті -сі жогорғыш -ы мен рухани емес. Оны -ң жеңіл",0,0.012522664852440357,0,0.0003010147192981094,0,0.0003037580754607916
"Каспи банка Kaspi.kz сайтында сатып алудан нәтижелері мен мамиле шарттарына сапатталған. Жоюмдылық және достукту бар адамдардан мурас есептелет. Адбан кэйде тобыз, оң рендерге сипатталады. Бирок, қосымша төлбери бар кезде да маңызды резервтері мен жөндөмдік болмағаны деген маңызды нәтиже береді. Мисалы",1,qwen_2.5_7b,303,long,consumer_reviews,952,"Каспи банк -а Kaspi.kz сайт -ы -нда сатып алу -дан нәтиже -лері мен мамиле шарт -тары -на сапатталған. Жоюмдылық және достукту бар адам -дар -дан мурас есептелет. Адбан кэй -де тобыз, оң рен -дер -ге сипатталады. Бирок, қосымша төлбери бар кез -де да маңыз -ды резерв -тері мен жөндөмдік болмаға -ны деген маңыз -ды нәтиже береді. Мисал -ы",0,0.009684795513749123,0,0.000711460888851434,0,0.0003651711449492723
"Каспи.kz магазинін болжанған. Алардын ассортиманты көптеген тұрмадармен оңай болып табылады. Орташа доставка 1-2 гана күnnерден әдетте узды же бастапқы ценаларда мағалимдер бар. Админдер саппортты тез ретке береді. Бірақ, да бір кездешілерге түс алдымыздар - негізгі каталогтар мен фильттер досық болса, бірақ і",1,qwen_2.5_7b,311,long,consumer_reviews,953,"Каспи -.kz магазинін болжанған. Алардын ассортиман -ты көп -те -ген тұрма -дар -мен оңай болып табылады. Орташа доставка 1-2 гана күnnер -ден әдет -те узд -ы же бастапқ -ы цена -лар -да мағалим -дер бар. Админ -дер саппорт -ты тез рет -ке береді. Бірақ, да бір кездеші -лер -ге түс алдымыз -дар - негізг -і каталог -тар мен фильт -тер досық болса, бірақ і",0,0.0011105890152975917,0,0.0002972194051835686,0,0.0006275883642956614
"Каспи банда қажеттенуі мүмкіндікті орындады. Жоғары санатта барлық руханиеттері мен технологиялық функцияларды маңызды етеді. Бирок, сораттық платформадан пайдалануына нерселері мемеленген болса да, толық доступ шарттары жетиштеуді қамтирады. Себептерімен, Каспи көптеген сапаттағы адамдар үшін тақырыб болжа",1,qwen_2.5_7b,308,long,consumer_reviews,954,"Каспи банда қажеттену -і мүмкіндік -ті орындады. Жоғар -ы санат -та барлық руханиет -тері мен технологиялық функция -лар -ды маңыз -ды етеді. Бирок, сораттық платформа -дан пайдалану -ы -на нерсе -лері мемелен -ген болса да, толық доступ шарт -тары жетиштеу -ді қамтирады. Себептерімен, Каспи көп -те -ген сапаттағ -ы адам -дар үшін тақырыб болжа",0,0.0007029175758361816,0,0.0002695012663025409,0,0.0009409170597791672
"Каспи.kz дарыясында әлеуметтік магазиндерге ұсынылған товардардың аралық ценалыздары мен болжайлы төлбірлер болып табылады. Себептеріне қатысты өмірімді реттеудің маңызын камсызумен белгіленеді, себебі олар төменгі баразарларда да орналасқан. Оқушылар мен студенттерге мезгіл алу үчін кер",1,qwen_2.5_7b,288,long,consumer_reviews,955,"Каспи -.kz дарыя -сы -нда әлеуметтік магазин -дер -ге ұсыныл -ған товар -дардың аралық ценалыз -дары мен болжайл -ы төлбір -лер болып табылады. Себеп -тері -не қатыс -ты өмірі -м -ді реттеу -дің маңызын камсызу -мен белгіленеді, себеб -і олар төменг -і баразар -лар -да да орналасқан. Оқушы -лар мен студент -тер -ге мезгіл алу үчін кер",0,0.0002997643605340272,0,0.00020790727285202593,0,0.0003950472455471754
"Каспи банкиның Kaspi.kz сайттарына күнді бардыктап келгенмен, ол жоғары ұқсас. Алда аз параны да сатып аламен, адамдардың маңызды реттеуди мәліметтері мен керекті болашағындағы жетишшілерге көмектеседі. Ол адамдың іс-әрекетіне негизделген жетишшіліктерді қабыл алуға мүмкіндік береді",1,qwen_2.5_7b,283,long,consumer_reviews,956,"Каспи банк -иның Kaspi.kz сайт -тары -на күн -ді бардыктап келгенмен, ол жоғар -ы ұқсас. Алда аз пара -ны да сатып аламен, адам -дар -дың маңыз -ды реттеуди мәлімет -тері мен керек -ті болашағындағ -ы жетишші -лер -ге көмектеседі. Ол ада -м -дың іс-әрекет -і -не негиздел -ген жетишшілік -тер -ді қабыл алу -ға мүмкіндік бер -еді",0,0.026782279834151268,0,0.0005351239815354347,0,0.0008841681410558522
Каспи банка менен бірге Kaspi.kz сайты менің онлайн шараларымды қамтимайды. Мұндағы выборлы товардар менен услугалар туралы маңызды мақсаттарымды орындап отырады. Кредиттер және кредиттуілерге растаяланышы тура болып табылады. Сайтта көптеген магазиндерден товардарды сатуға мүмкіндигі береді. Негізделген магазиндегі ценалар мемелер,1,qwen_2.5_7b,333,long,consumer_reviews,957,Каспи банк -а менен бір -ге Kaspi.kz сай -ты мені -ң онлайн шаралары -м -ды қамтимайды. Мұндағ -ы выборл -ы товар -дар менен услуга -лар турал -ы маңыз -ды мақсаттары -м -ды орындап отырады. Кредит -тер және кредиттуі -лер -ге растаяланыш -ы тура болып табылады. Сайт -та көп -те -ген магазин -дер -ден товар -дарды сату -ға мүмкіндиг -і береді. Негіздел -ген магазиндег -і цена -лар меме -лер,0,0.0005302640493027866,0,0.00018664778326638043,0,0.0006170917768031359
"Каспи банкиның Kaspi.kz сайттарында маңызды оюнтау мен сатып алу процессі жоғары. Банктардың мобилдастыру программасы толығырақ функциональ болуп, барлық нәтижелердің адамдарға реттеуді ұзаққан. Мобиль приложениясында шешімдерге жетуге жана сыймырды басып келе алмастырудың ішінен жасамдылықты табу мүмкін. Айту",1,qwen_2.5_7b,311,long,consumer_reviews,958,"Каспи банк -иның Kaspi.kz сайт -тары -нда маңыз -ды оюнтау мен сатып алу процес -сі жоғары. Банк -тардың мобилдастыру программа -сы толығырақ функциональ болуп, барлық нәтиже -лер -дің адам -дар -ға реттеу -ді ұзаққан. Мобиль приложения -сы -нда шешім -дер -ге жету -ге жана сыймыр -ды басып келе алмастыру -дың іші -нен жасамдылық -ты табу мүмкін. Айту",0,0.0016722263535484672,0,0.00047387374797835946,0,0.0003466833441052586
Каспи банка Kaspi.kz оқиғамды жетілетінін турмырдаю дәрігер. Банка менімге сапатты келтируі мүмкіндіктен тастады және толық техникалық барысы мені белгіленген адамдармен арасында болды. Алдағы жеңиштер жөнүндегі кеңістікті және репутациясы маңызды. Менің нәтижемі - табиғатта қашан да ұнат,1,qwen_2.5_7b,289,long,consumer_reviews,959,Каспи банк -а Kaspi.kz оқиға -м -ды жетілетінін турмырдаю дәрігер. Банк -а мені -м -ге сапат -ты келтиру -і мүмкіндік -тен таст -ады және толық техникалық бары -сы мен -і белгілен -ген адам -дар -мен ара -сы -нда болды. Алдағ -ы жеңиш -тер жөнүндег -і кеңістік -ті және репутация -сы маңызды. Мені -ң нәтижем -і - табиғат -та қашан да ұнат,0,0.0016406148206442595,0,0.00029540513060055673,0,0.0006373610231094062
Каспи.kz менен айтуға болады! Мен бұл платформаны қажетке киргізу отырып ірімділікті пайдалануды ойндап тыстымын. Сіздерге рекомендациясымен белгілеймін - бул адамдарға ұнады. Ақша же мезгілді қорғау үчін кездестірілетін нәтижаларды болжап тастаганда жоғары бағалаумен көбейтіндім,1,qwen_2.5_7b,280,long,consumer_reviews,960,Каспи -.kz менен айту -ға болады! Мен бұл платформа -ны қажет -ке киргізу отырып ірімділік -ті пайдалану -ды ойндап тыстымын. Сіз -дер -ге рекомендация -сы -мен белгілей -мін - бул адам -дар -ға ұнады. Ақша же мезгіл -ді қорғау үчін кездестіріл -етін нәтижа -лар -ды болжап тастага -нда жоғар -ы бағалау -мен көбейтінді -м,0,0.00045593309914693236,0,0.00025114178424701095,0,0.00121792359277606
"Каспи банкиның Kaspi.kz сайтына қарастыруға бет болды. Бұл сайт әдетте маңызды мүнөздерге және шарттарға негізделген. Себептерімізді бар келсе да, оларды азырақтауға болады, же алар неше мезгілден астам болса да, табиғатта келеді. Онында сізге арналған зомби-апокалипсіс роз逶。请给出一个合理的翻译。
umn",1,qwen_2.5_7b,291,long,consumer_reviews,961,"Каспи банк -иның Kaspi.kz сайт -ы -на қарастыру -ға бет болды. Бұл сайт әдет -те маңыз -ды мүнөз -дер -ге және шарт -тар -ға негізделген. Себеп -теріміз -ді бар келсе да, олар -ды азырақтау -ға болады, же алар неше мезгіл -ден аста -м болса да, табиғат -та келеді. Оны -нда сіз -ге арна -лған зомби-апокалипсіс роз逶。请给出一个合理的翻译。 umn",0,0.003456840058788657,0,0.0002678091695997864,0,0.00027450310881249607
"Каспи.kz - бұл онлайн магазинінің оқушылығы маңызды! Оның ассортиманысы толық және кездестерге отырады. Сапардағы ценалар кемелермен негизделген, бірақ содасты болады. Админдер менен тығыздауды жоғары баиралаумен жасаймын. Беттері удобтастыру үчін кеңінен да рухани даярдым, бірақ шынайы функциял",1,qwen_2.5_7b,296,long,consumer_reviews,962,"Каспи -.kz - бұл онлайн магазин -і -нің оқушылығ -ы маңызды! Оны -ң ассортиманы -сы толық және кездес -тер -ге отырады. Сапардағ -ы цена -лар кеме -лер -мен негизделген, бірақ содас -ты болады. Админ -дер менен тығыздау -ды жоғар -ы баиралау -мен жасаймын. Бет -тері удобтастыру үчін кең -і -нен да рухани даярдым, бірақ шынай -ы функциял",0,0.06736912578344345,0,0.0004174554196652025,0,0.013591205701231956
Каспи.kz магазиніндегі сатып алу көбейткен. Алардың ассортиманты оңай және нұсқаулулығы бар. Кездешедімдерге көп сурошу мен табиғатта алар адамдарға жетишесін сапарда маңызды растуімен келгені болып табылады. Негізгі товардары ценалысы мен көптегендігі тиімді. Себептеріне қатысады:,1,qwen_2.5_7b,282,long,consumer_reviews,963,Каспи -.kz магазиніндег -і сатып алу көбейткен. Алар -дың ассортиман -ты оңай және нұсқаулулығ -ы бар. Кездешедім -дер -ге көп сурошу мен табиғат -та алар адам -дар -ға жетише -сін сапар -да маңыз -ды расту -і -мен келге -ні болып табылады. Негізг -і товар -дары ценалы -сы мен көптегендіг -і тиімді. Себеп -тері -не қатысады:,0,0.0003553945862222463,0,0.00022739583801012486,0,0.007379815448075533
"Каспи банка KASPI.KZ дарыға бұл кезде маңызды! Оның сайттары мен приложенияларында жоғары техникалық нәтижелермен, растурдың жетиштері мен мүмкіндіктерімен қорналастыруға болады. Адамдар туралы пікірлері де маңызды – олар Каспи KASPI.KZ-ке қатысты маңызды інформацияға жетуге көмектеседі және сен",1,qwen_2.5_7b,296,long,consumer_reviews,964,"Каспи банк -а KASPI.KZ дары -ға бұл кез -де маңызды! Оны -ң сайт -тары мен приложения -лары -нда жоғар -ы техникалық нәтижелермен, растур -дың жетиш -тері мен мүмкіндік -тері -мен қорналастыру -ға болады. Адам -дар турал -ы пікір -лері де маңыз -ды – олар Каспи KASPI.KZ- -ке қатыс -ты маңыз -ды інформация -ға жету -ге көмектес -еді және сен",1,0.8347299695014954,0,0.00041946492274291813,0,0.0021778906229883432
"Каро мен манапа ішінен Kaspi.kz дары ою нәтижелеріне да болжа болғам. Олардың магазиндерінің бастауларына кездешетін, аларда несементtedілесіздікті белгілеймін. Сатып алууда жұптыру күчті болады, бірақ қоректену жүргізу мүмкіндігі бар. Моделлері көбінесе маңызды, ценалары",1,qwen_2.5_7b,272,long,consumer_reviews,965,"Каро мен манапа іші -нен Kaspi.kz дары ою нәтиже -лері -не да болжа болғам. Олар -дың магазин -дері -нің бастау -лары -на кездешетін, алар -да несементtedілесіздік -ті белгілеймін. Сатып алуу -да жұптыру күч -ті болады, бірақ қоректену жүргізу мүмкіндіг -і бар. Модел -лері көбінесе маңызды, цена -лары",0,0.4983486235141754,0,0.0017041349783539772,0,0.0020351160783320665
"Каспи банкиның Kaspi.kz сайтына мамиле берген менен, оқиғамдықтар мен саясаты тура болса, барлығы да маңызды ресурс болуп саналады. Жетектерге құрама, алдақа бапталмау нәтижелеріне бақылаудың мүмкіндікті болжалап, сондықтан сатып алуға қою. Оның мобайл приложениясы және онлайн платформасы толығымен удобстықты және",1,qwen_2.5_7b,315,long,consumer_reviews,966,"Каспи банк -иның Kaspi.kz сайт -ы -на мамиле бер -ген менен, оқиғамдық -тар мен саяса -ты тура болса, барлығ -ы да маңыз -ды ресурс болуп саналады. Жетек -тер -ге құрама, алда -қа бапталмау нәтиже -лері -не бақылау -дың мүмкіндік -ті болжалап, сондық -тан сатып алу -ға қою. Оны -ң мобайл приложения -сы және онлайн платформа -сы толығ -ы -мен удобстық -ты және",0,0.001636121654883027,0,0.0003949353995267302,0,0.000348402390955016
"Каспи бандағы онлайн магазиндерден пікір берермен дәмді боламды. Себептері мүндіріктенетін: эле өнімдер бар, ценалар нәтиженесінше маңызды кездестіreme не; доставка де терс. Мада магазиндегі архивалық товардар тура же теңдіктенетін адамдардан оқылып келеді. Бірақ содан соң да, мен астындағы магазиндегі нұс",1,qwen_2.5_7b,307,long,consumer_reviews,967,"Каспи бандағ -ы онлайн магазин -дер -ден пікір берер -мен дәм -ді боламды. Себеп -тері мүндіріктенетін: эле өнім -дер бар, цена -лар нәтиженесінше маңыз -ды кездестіreme не; доставка де терс. Мада магазиндег -і архивалық товар -дар тура же теңдік -тен -етін адам -дар -дан оқылып келеді. Бірақ содан соң да, мен астындағ -ы магазиндег -і нұс",0,0.0003376412787474692,0,0.00030674159643240273,0,0.00120592734310776
"Каспи.kz-та онлайн сатып алу менен барлығы рухани муралды болды! Жоғары орунда жеткіздірілген машиналар мен продукторларды сатып аламының кезінде сапатталмашылық шағындығымен нәтижаладым. Бир нече кездестерден берінде да доставка заманысы жөндемеді, адамдар менен толық коммуникациясы жогорьязылған. Азырқыlaymadan т",1,qwen_2.5_7b,316,long,consumer_reviews,968,"Каспи -.kz-та онлайн сатып алу менен барлығ -ы рухани мурал -ды болды! Жоғар -ы ору -нда жеткіздіріл -ген машина -лар мен продуктор -лар -ды сатып алам -ы -ның кез -і -нде сапатталмашылық шағындығ -ы -мен нәтижаладым. Бир нече кездес -тер -ден бер -і -нде да доставка заманы -сы жөндемеді, адам -дар менен толық коммуникация -сы жогорьязылған. Азырқыlaymadan т",0,0.2874722480773926,0,0.0006600821507163346,0,0.00015249763964675367
"Каспи банка Казипи kz сайтында маңызды. Барлық мүмкін нәтижаларды ойндайды жана удобстықтарды ұзақтауды қамтитын технологияны колданады. Сатып алыш формасын созыс менен іске асырайтын, барлығымен уақытты экономдырыпты табу мүмкін. Админдер танымал, себептерін жоюға болашақ турған. Оң пайдаланушылықтан",1,qwen_2.5_7b,302,long,consumer_reviews,969,"Каспи банк -а Казипи kz сайт -ы -нда маңызды. Барлық мүмкін нәтижа -лар -ды ойнда -йды жана удобстық -тар -ды ұзақтау -ды қамтитын технология -ны колданады. Сатып алыш форма -сын созыс менен іске асырайтын, барлығ -ы -мен уақыт -ты экономдырып -ты табу мүмкін. Админ -дер танымал, себептерін жою -ға болашақ турған. Оң пайдаланушылық -тан",0,0.00807399395853281,0,0.0004223242576699704,0,0.00029652140801772475
"Каспи банкиның Kaspi.kz сайтына бардығымда маңызды оң және терс нерселерди ұсыновам. Оң немесе дәмді платформадан кездешетін мүшелер мен онлайн сатып алуға болашақты қорғауды белгілеймін. Бир нече туралы непоняттарым келген, бірақ олар да болжау үшін техникалық поддержка жөнүнден гана барады. Себебі сенім",1,qwen_2.5_7b,306,long,consumer_reviews,970,"Каспи банк -иның Kaspi.kz сайт -ы -на бардығы -м -да маңыз -ды оң және терс нерселерди ұсыновам. Оң немесе дәм -ді платформа -дан кездеш -етін мүше -лер мен онлайн сатып алу -ға болашақ -ты қорғау -ды белгілеймін. Бир нече турал -ы непоняттары -м келген, бірақ олар да болжау үшін техникалық поддержка жөнүн -ден гана барады. Себеб -і сені -м",1,0.8496447205543518,0,0.0021958746947348118,0,0.00021903922606725246
"Каспи банка KZ-та белгісіздік мен удобдылығы бар онлайн магазин. Сәндіктері жакшы, оны сатып алуға болашақ менің таңдаушы сапанымды жоюлатады. Көбінесе магазиндегі товардар ретінde арнайы же бағасына тең. Оның негизгi маңызы - ішкі жолдардан доставка және келгендерге кездестерге мүмкіндік береді.",1,qwen_2.5_7b,297,long,consumer_reviews,971,"Каспи банк -а KZ- -та белгісіздік мен удобдылығ -ы бар онлайн магазин. Сәндік -тері жакшы, оны сатып алу -ға болашақ мені -ң таңдауш -ы сапаны -м -ды жоюлатады. Көбінесе магазиндег -і товар -дар ретінde арна -йы же баға -сы -на тең. Оны -ң негизгi маңыз -ы - ішк -і жол -дар -дан доставка және келген -дер -ге кездес -тер -ге мүмкіндік береді.",0,0.008671869523823261,0,0.0005829677684232593,0,0.0004797813016921282
"Каспи банка Kaspi.kz сайттан сатып алдымында маңызды барылып, оқиғам кез келгенде нәтиже бердi. Менен дұрыс бағдарланған, магазиндегі товардарды растаушылықтастырган менің кездешетіндімімен іздендiм. Бірақ, бір неше магазинде болса да, Kaspi.kz сайтының уюлу жөндісі менің денемімді іздейдi. Админдер мен",1,qwen_2.5_7b,304,long,consumer_reviews,972,"Каспи банк -а Kaspi.kz сайт -тан сатып алдым -ы -нда маңыз -ды барылып, оқиға -м кез келге -нде нәтиже бердi. Менен дұрыс бағдарланған, магазиндег -і товар -дарды растаушылықтастырган мені -ң кездешетіндім -і -мен іздендiм. Бірақ, бір неше магази -нде болса да, Kaspi.kz сайт -ы -ның уюлу жөнді -сі мені -ң денемі -м -ді іздейдi. Админ -дер мен",0,0.4963577091693878,0,0.0009654886089265347,0,0.0006980880280025303
"Каспи банка Казипи.kz сайтына рахмет! Мен бұл платформанда мағыналы сәттермен пайдаланушым. Сайтындық навигациясы логикалық, ішінде оң жетістікті және мобайл достуғы. Банкның стадарттары жоюы менден кейбір адамдардан керекті болса да, онлайн сатып алу процессі жоғары классдық. Маған уран туралы табыла алмастыру мүмк",1,qwen_2.5_7b,317,long,consumer_reviews,973,"Каспи банк -а Казипи.kz сайт -ы -на рахмет! Мен бұл платформа -нда мағынал -ы сәт -тер -мен пайдаланушым. Сайтындық навигация -сы логикалық, іші -нде оң жетістік -ті және мобайл достуғы. Банк -ның стадарт -тары жою -ы мен -ден кейбір адам -дар -дан керек -ті болса да, онлайн сатып алу процес -сі жоғар -ы классдық. Маған уран турал -ы табыла алмастыру мүмк",0,0.014267107471823692,0,0.00044820134644396603,0,0.0002882423286791891
"Каспи банкиның Kaspi.kz платформасы тураған. Мен ақша сатып аламында мезгіл болды және машиналар мен китептерден алу үчүн удобстық берди. Банка картасымен бара-бары жетуге да көбейткіңіздер болсаңыз, олардың аудармашылығы негизги. Кредиттер жана табиғаткерлер туралы да көрсеткіңдер. Бирок, гада келгенде сап",1,qwen_2.5_7b,308,long,consumer_reviews,974,"Каспи банк -иның Kaspi.kz платформа -сы тураған. Мен ақша сатып алам -ы -нда мезгіл бол -ды және машина -лар мен китеп -тер -ден алу үчүн удобстық берди. Банк -а карта -сымен бара-бар -ы жету -ге да көбейткіңіз -дер болсаңыз, олар -дың аудармашылығ -ы негизги. Кредит -тер жана табиғаткер -лер турал -ы да көрсеткіңдер. Бирок, гада келге -нде сап",0,0.0034556349273771048,0,0.0006035373662598431,0,0.0002738438197411597
"Каспи.kz-те онлайн сатып алуға мүмкіндік береді. Маған маңызды болды, себебі оның нәтижелерінде белгісіздіктен бас кездесет. Барлық покупкалары менің замана мен шарттармен турунды болды. Оның доставка қорытында табиғатты кезектелулер келсе да, күн аяқталып, уақытты корго жоюға багытталады. Кредиттер",1,qwen_2.5_7b,300,long,consumer_reviews,975,"Каспи -.kz-те онлайн сатып алу -ға мүмкіндік береді. Маған маңыз -ды болды, себеб -і оны -ң нәтиже -лері -нде белгісіздік -тен бас кездесет. Барлық покупка -лары мені -ң зама -на мен шарт -тар -мен турун -ды болды. Оны -ң доставка қорыт -ы -нда табиғат -ты кезектелу -лер келсе да, күн аяқталып, уақыт -ты корго жою -ға багытталады. Кредит -тер",1,0.9988011121749878,0,0.002749879378825426,0,0.0010014433646574616
"Каспи банка Kaspi.kz сайтына қарашадан маңызды пікір беруден рахмет! Мен жоғары деңгэzeńде бірнеше окуяларды пайдалана отырып, сұрақтар мен нәтиже арасындағы тез жетілдірулермен бағалауым керек болды. Белgi беттері мүмкіндікті жөнелеуден және табиғатта әр түрлі ізденбей кездесті. Сайты",1,qwen_2.5_7b,286,long,consumer_reviews,976,"Каспи банк -а Kaspi.kz сайт -ы -на қараша -дан маңыз -ды пікір беру -ден рахмет! Мен жоғар -ы деңгэzeń -де бірнеше окуя -лар -ды пайдала -на отырып, сұрақ -тар мен нәтиже арасындағ -ы тез жетілдіру -лер -мен бағалауы -м керек болды. Белgi бет -тері мүмкіндік -ті жөнелеу -ден және табиғат -та әр түрл -і ізденбей кездесті. Сай -ты",0,0.2695847153663635,0,0.0003019814030267298,0,0.0033728245180100203
"Каспи.kz-ге даяран онлайн сатып алуға маңызды мамиле ретте отыруға болады. Бұл сайтында бардық уақытта орналастырылатын төрген продуктарды сатуға болады, ал эсепте берілетін нәтиже мен азырқы ценоқтары менеджментке натыйжа етеді. Себебі қоректенген технологиялар мен удобстық параметрлерден, шарттар туралы мына айтуға болады",1,qwen_2.5_7b,325,long,consumer_reviews,977,"Каспи -.kz-ге даяран онлайн сатып алу -ға маңыз -ды мамиле рет -те отыру -ға болады. Бұл сайт -ы -нда бардық уақыт -та орналастырыл -атын төр -ген продук -тар -ды сату -ға болады, ал эсеп -те беріл -етін нәтиже мен азырқ -ы ценоқ -тары менеджмент -ке натыйжа етеді. Себеб -і қорек -тен -ген технология -лар мен удобстық параметрлерден, шарт -тар турал -ы мына айту -ға бол -ады",0,0.0035759247839450836,0,0.0002989119093399495,0,0.000769734033383429
"Каспи банкиның Kaspi.kz сайтына қоюм дамытуға болады. Сайтта сатып алу процесси маанилы және уламдықтар бар. Белгілі оқиғаларда кэшен тарздан мүндірілген, бірақ болжол мен іздеп отыр алмастыру функциялары ұнатылатын. Оң бағалаушы растор болып, магазинде нәтижені кездешет және саппортты жеңеді. Эгер сиз",1,qwen_2.5_7b,303,long,consumer_reviews,978,"Каспи банк -иның Kaspi.kz сайт -ы -на қою -м дамыту -ға болады. Сайт -та сатып алу процесси маанил -ы және уламдық -тар бар. Белгіл -і оқиға -лар -да кэшен тарз -дан мүндірілген, бірақ болжол мен іздеп отыр алмастыру функция -лары ұнатылатын. Оң бағалауш -ы растор болып, магази -нде нәтиже -ні кездешет және саппорт -ты жеңеді. Эгер сиз",0,0.011604043655097485,0,0.0004779607115779072,0,0.00034267755108885467
"Каспи банка Kaspi.kz сайтында оңай сатып алуға болады. Бұл онлайн магазиндегі процесс тәсілдері жөнді болып табылады -Visa карточка мен QR код арқылы платирование可能用中文继续吗？

您可以给出一个关于Kaspi.kz网站上购买体验的正面评论，大约3到5句话，超过40个词：

在Kaspi.kz网站上购物非常愉快。支付过程简单快捷，使用信用卡或二维码都能顺利完成交易。商品种类丰富多样，价格公道合理，送货速度快。",1,qwen_2.5_7b,288,long,consumer_reviews,979,Каспи банк -а Kaspi.kz сайт -ы -нда оңай сатып алу -ға болады. Бұл онлайн магазиндег -і процесс тәсіл -дері жөн -ді болып табыл -ады -Visa карточка мен QR код арқыл -ы платирование可能用中文继续吗？ 您可以给出一个关于Kaspi.kz网站上购买体验的正面评论，大约3到5句话，超过40个词： 在Kaspi.kz网站上购物非常愉快。支付过程简单快捷，使用信用卡或二维码都能顺利完成交易。商品种类丰富多样，价格公道合理，送货速度快。,0,0.0015101706376299262,0,0.000492991297505796,0,0.0002447601000312716
"Каспи банка Kaspi.kz сайтының негиздемелері мен мүмкіндіктеріне жардам етуден көбүнчекті даярдылыкты ойндап калаған. Жетиштеуі жөнгө жетсе да, алдауларда да адамдар болжалап алумен болашақта бағаландыратын маңызды кезеңдерди кездесіпті. Мобильді руханиyetке иші жоюшы белгілі, ол чыгарма бойы",1,qwen_2.5_7b,292,long,consumer_reviews,980,"Каспи банк -а Kaspi.kz сайт -ы -ның негиздеме -лері мен мүмкіндік -тері -не жарда -м ету -ден көбүнчек -ті даярдылык -ты ойндап калаған. Жетиштеу -і жөнгө жетсе да, алдау -лар -да да адам -дар болжалап алу -мен болашақ -та бағаландыр -атын маңыз -ды кезеңдерди кездесіпті. Мобиль -ді руханиyet -ке иші жоюш -ы белгілі, ол чыгарма бой -ы",0,0.0008401817176491022,0,0.00025488901883363724,0,0.0002835368795786053
"Каспи.kz сайтына қараша беруден кейін, міндеттеріміздің бардығы мен маңыздылығы оңай болды. Кредиттер, кредит нұсқаулары, банка карталары және алдымен саналы жетишшілерге мезгіл берген онлайн транзакциялар жөндөмділікті бағалау келеді. Банка даярдаушылары да табиғатта туралы маңызды мақалдар жана видео",1,qwen_2.5_7b,303,long,consumer_reviews,981,"Каспи -.kz сайт -ы -на қараша беру -ден кейін, міндет -теріміз -дің бардығ -ы мен маңыздылығ -ы оңай болды. Кредиттер, кредит нұсқаулары, банк -а карта -лары және алд -ы -мен санал -ы жетишші -лер -ге мезгіл бер -ген онлайн транзакция -лар жөндөмділік -ті бағалау келеді. Банк -а даярдаушы -лары да табиғат -та турал -ы маңыз -ды мақал -дар жана видео",0,0.00878880638629198,0,0.0002834790211636573,0,0.010939901694655418
Каспи банкиның Kaspi.kz платформасына мен дегенде маңызды оқиғамды тез уштырганым. Бұл платформада барлық покупкалармен иштермен және жетиштермен кездірмеміз аламын. Нәтижелері менге тақталысқан - ақша менеджменті жүгірту үчірмебен кездірілуі және онлайнда сатып алу үстелінше. Платформаның интерфейсі к,1,qwen_2.5_7b,303,long,consumer_reviews,982,Каспи банк -иның Kaspi.kz платформа -сы -на мен деге -нде маңыз -ды оқиға -м -ды тез уштырганым. Бұл платформа -да барлық покупка -лар -мен иштер -мен және жетиш -тер -мен кездірме -міз аламын. Нәтиже -лері мен -ге тақталыс -қан - ақша менеджмен -ті жүгірту үчірме -бен кездірілу -і және онлай -нда сатып алу үстелінше. Платформа -ның интерфей -сі к,0,0.0022830204106867313,0,0.0003613104054238647,0,0.0003043860197067261
"Каспи банка Казипи.kз сайтына оң пікір мен бағалашумен қарастырамын. Онда нәтижалы формада маңызды мәліметтер береді, бірақ құзыреткерлерге жиналатын теріс моменттері да белгіленген. Платформаны колдануда рухани ерекше болмайды, бірақ функционалық емес. Менен дейін адамдардың аккаунттарын алу, транзакцияларды орындап, кредит",1,qwen_2.5_7b,326,long,consumer_reviews,983,"Каспи банк -а Казипи.kз сайт -ы -на оң пікір мен бағалашу -мен қарастырамын. Онда нәтижал -ы форма -да маңыз -ды мәлімет -тер береді, бірақ құзыреткер -лер -ге жинал -атын теріс момент -тері да белгіленген. Платформа -ны колдану -да рухани ерекше болмайды, бірақ функционалық емес. Менен дейін адам -дар -дың аккаунт -тарын алу, транзакция -лар -ды орындап, кредит",1,0.6386866569519043,0,0.0007494614110328257,0,0.004762887954711914
"Каспи банкиның Kaspi.kz платформасы мен толығырақ ойниңмен! Бұл дүкен сапардың болжа мәнділіктің оң жанына келеді. Аналитикалық қабілеттерге, растаяланып отыратын дизайндан жетекшілікті есептеудің басында сияқты. Ол туралы кері байланыштан бергендерден да содығыздырақ:

1. Жетишімді болып сан",1,qwen_2.5_7b,293,long,consumer_reviews,984,"Каспи банк -иның Kaspi.kz платформа -сы мен толығырақ ойниңмен! Бұл дүкен сапар -дың болжа мәнділік -тің оң жан -ы -на келеді. Аналитикалық қабілеттерге, растаяланып отыр -атын дизайн -дан жетекшілік -ті есептеу -дің басы -нда сияқты. Ол турал -ы кер -і байланыш -тан берген -дер -ден да содығыздырақ: 1. Жетиші -м -ді болып сан",0,0.00845610722899437,0,0.0008604857139289379,0,0.0013244502479210496
"Каспи банкиның Kaspi.kz платформасына айтканда, ол магазинде маңызды. Сатып алған товардар менінден туындап отырған, доставка да негизге тұрақты. Моментте бетtedен алынуан магазиндегі ценалар және акциялар дурдырауына себеп болды. Ал сондай-ақ онлайн шо핑ға жеңелеме ресурс болып статусын камтыйт. Бірақ, эң маңызды емес",1,qwen_2.5_7b,319,long,consumer_reviews,985,"Каспи банк -иның Kaspi.kz платформа -сы -на айтканда, ол магази -нде маңызды. Сатып алған товар -дар менін -ден туындап отырған, доставка да негиз -ге тұрақты. Момент -те бетtedен алынуан магазиндег -і цена -лар және акция -лар дурдырау -ы -на себеп болды. Ал сондай-ақ онлайн шо핑 -ға жеңелеме ресурс болып стату -сын камтыйт. Бірақ, эң маңыз -ды емес",0,0.000388527347240597,0,0.0002897710946854204,0,0.0003751366166397929
"Каспи банка сайту мен де онлайн магазиндегі кездесетін нәтиже маңызды болды. Мен оның конвергенциясына же басқа кейбір функцияларға көмектеседі және содан кейін руханиетті турмыраққан. Бир нечелерге көмектеседі алдымен, бірақ бірге кездестермен дұрыс аударма жасайды. Себептеріне қатысты да, табиғатты эмес, адам",1,qwen_2.5_7b,312,long,consumer_reviews,986,"Каспи банк -а сайту мен де онлайн магазиндег -і кездес -етін нәтиже маңыз -ды болды. Мен оны -ң конвергенция -сы -на же бас -қа кейбір функция -лар -ға көмектес -еді және содан кейін руханиет -ті турмыраққан. Бир нече -лер -ге көмектес -еді алдымен, бірақ бір -ге кездес -тер -мен дұрыс аударма жасайды. Себеп -тері -не қатыс -ты да, табиғат -ты эмес, ада -м",1,0.6201255321502686,0,0.0005137038533575833,0,0.004605759866535664
Каспи банка Казипеде жоғары бағалаңыз. Себептеріміздері несекте болды: банканын сайт навигациясы бойынша маңызды мәліметтер жакшы бірдей; техникалық дамуы жеткен; банка алдымен куралып отыр және сапаттаушы көбінесе адамдар мен жумшамдармен байланыстыруда күчті орналастырымын. Оның зерттеулі жана қорғ,1,qwen_2.5_7b,301,long,consumer_reviews,987,Каспи банк -а Казипе -де жоғар -ы бағалаңыз. Себептеріміз -дері несек -те болды: банк -анын сайт навигация -сы бойынша маңыз -ды мәлімет -тер жакш -ы бірдей; техникалық даму -ы жеткен; банк -а алд -ы -мен куралып отыр және сапаттауш -ы көбінесе адам -дар мен жумшам -дар -мен байланыстыру -да күч -ті орналастырымын. Оны -ң зерттеул -і жана қорғ,0,0.00047743157483637333,0,0.00022928359976503998,0,0.0011259977472946048
"Каспи банканың Kaspi.kz платформасына даярум. Ал барлығы негизделген жана удобстық мен көптемдікке болды. Менің кездешудерлерімге, ол толық магазинде машиналық түрде сатып алуға болады, содан кейін доставка да быздырақ. Белгісіз саппорт адамдары көбінесе жұмсушылардан кубала береді және себептермен кезінде ж",1,qwen_2.5_7b,309,long,consumer_reviews,988,"Каспи банк -аның Kaspi.kz платформа -сы -на даярум. Ал барлығ -ы негиздел -ген жана удобстық мен көптемдік -ке болды. Мені -ң кездешудерлерімге, ол толық магази -нде машиналық түр -де сатып алу -ға болады, содан кейін доставка да быздырақ. Белгісіз саппорт адам -дары көбінесе жұмсушы -лар -дан кубала бер -еді және себеп -тер -мен кез -і -нде ж",0,0.008253826759755611,0,0.0004893591394647956,0,0.0005429022130556405
Каспи банканың Kaspi.kz платформасында сатып алуға болашақ мүмкіндікті пайдалану менен толығырақ келген. Бұл платформада кейбір товардар әдетте тиімді және оңай шығарылады. Орындаушылық же цены бойы да мына платформаның негизгі ынталыздарының биірі. Негізделеде уақытта маңызды санамалы т,1,qwen_2.5_7b,288,long,consumer_reviews,989,Каспи банк -аның Kaspi.kz платформа -сы -нда сатып алу -ға болашақ мүмкіндік -ті пайдалану менен толығырақ келген. Бұл платформа -да кейбір товар -дар әдет -те тиі -м -ді және оңай шығарылады. Орындаушылық же цен -ы бой -ы да мына платформа -ның негизг -і ынталыз -дары -ның биірі. Негізделе -де уақыт -та маңыз -ды санамал -ы т,0,0.0012444378808140755,0,0.0004259173001628369,0,0.0002777643967419863
"Каспи банкиның Kaspi App-сі менге жоғары оценка ұсынуға болады! Ол әр түп навигациясы жакшы, алдақаты беттерде растамағы және платформаның ішкі функциялары досымен мезгілдей тұрақты. Менің турмушымда, KZ тенге сатып алу үшін маңызды. Немесе тыныштауға және пин кодды келтыруға жардам",1,qwen_2.5_7b,283,long,consumer_reviews,990,"Каспи банк -иның Kaspi App- -сі мен -ге жоғар -ы оценка ұсыну -ға болады! Ол әр түп навигация -сы жакшы, алдақа -ты бет -тер -де растамағ -ы және платформа -ның ішк -і функция -лары досы -мен мезгілдей тұрақты. Мені -ң турмушымда, KZ тен -ге сатып алу үшін маңызды. Немесе тыныштау -ға және пин код -ды келтыру -ға жарда -м",0,0.46849310398101807,0,0.0012286532437428832,0,0.0004291707882657647
"Каспи банка Kaspi.kz сайтында маңызды ұябитымен қолданылуы мүмкіндікті ойндайды. Жоғары нәтижелерге тырақ, бірақ бір неше кезде беті болжамдықтанады және ақпаратты же функционалық нәтиже алысады. Деноминация жөнінде мүмкін болса да, адамдар біреуіне тапсыруға тура санат алмастыратынын маңызы к",1,qwen_2.5_7b,294,long,consumer_reviews,991,"Каспи банк -а Kaspi.kz сайт -ы -нда маңыз -ды ұябит -ы -мен қолданылу -ы мүмкіндік -ті ойндайды. Жоғар -ы нәтиже -лер -ге тырақ, бірақ бір неше кез -де бет -і болжамдық -тан -ады және ақпарат -ты же функционалық нәтиже алысады. Деноминация жөн -і -нде мүмкін болса да, адам -дар біреу -і -не тапсыру -ға тура санат алмастыратынын маңыз -ы к",0,0.002261899644508958,0,0.00034666943247430027,0,0.004565211944282055
"Каспи банка Казакстанда маңызды функциондаушы банкалардың бири. Олардың онлайн магазині мен келесі пікірмен бағалап тастаямын. Онлайн платформасы нәтижесinde алғашқы оюндардан турмұраған, бірақ болжа және қамтулы. Навигациясы логикалық және ізденуге жоғары. Сатып алу процесі кезінde табиғатты же тобыз болмайды",1,qwen_2.5_7b,311,long,consumer_reviews,992,"Каспи банк -а Казакста -нда маңыз -ды функциондауш -ы банк -алардың бири. Олар -дың онлайн магази -ні мен келе -сі пікір -мен бағалап тастаямын. Онлайн платформа -сы нәтижесinde алғашқ -ы оюн -дар -дан турмұраған, бірақ болжа және қамтулы. Навигация -сы логикалық және іздену -ге жоғары. Сатып алу проце -сі кезінde табиғат -ты же тобыз болма -йды",0,0.0012802984565496445,0,0.00033647994860075414,0,0.00022060297487769276
"Каспи банкиның Kaspi.kz платформасына ұсынуға көмектеседі, бірақ мемлекеттік компанияның орташа продукциясы болып табылады. Платформаның интерфейсі нәтиежалы же қажеттенгенде тез руханимен орнатады. Ақша мен кредиттер сыймырлықпен берілуіне себеп болса да, платформа машиналық финансовые решенияда неше адамды жоюға тырысады. Кэшбэк программасы жө",1,qwen_2.5_7b,347,long,consumer_reviews,993,"Каспи банк -иның Kaspi.kz платформа -сы -на ұсыну -ға көмектеседі, бірақ мемлекеттік компания -ның орташа продукция -сы болып табылады. Платформа -ның интерфей -сі нәтиежал -ы же қажеттенге -нде тез рухани -мен орнатады. Ақша мен кредит -тер сыймырлық -пен берілу -і -не себеп болса да, платформа машиналық финансовые решения -да неше ада -м -ды жою -ға тырысады. Кэшбэк программа -сы жө",1,0.6858541369438171,0,0.0007660270784981549,0,0.0009326511062681675
"Каспи банка Казипи кенсірі мен маңызды! Сатып алған мобайл телефонды бір гана бағдарламасымен жеңедім - KASPI Pay. Ол табысуы маанилы, анда альянстар мен онлайн платформалардан турмыр тапШылуы мүмкіндікті оңадан беретін. Ал адамдарға толық және жоюы мүмкін. Нәтижелері өте шынайы, бірақ бағасына",1,qwen_2.5_7b,295,long,consumer_reviews,994,"Каспи банк -а Казипи кенсір -і мен маңызды! Сатып алған мобайл телефон -ды бір гана бағдарлама -сы -мен жеңеді -м - KASPI Pay. Ол табысу -ы маанилы, анда альянс -тар мен онлайн платформа -лар -дан турмыр тапШылу -ы мүмкіндік -ті оңа -дан беретін. Ал адам -дар -ға толық және жою -ы мүмкін. Нәтиже -лері өте шынайы, бірақ баға -сы -на",0,0.40807756781578064,0,0.002266382798552513,0,0.00025575709878467023
"Каспи банкиның Kaspi.kz платформасына жеңил болған магазиндай нәтиже неше мезгілге денса оң реттеңіз. Ол ұзақ шамдауды жою мен бастауға жардам береді, алдымен істері жетілдірілген жана удобтылықтай. Маған логин жүргізу үшін табиғатты баспа пароль керекті, бірақ ол адміниацияға қадам алу үшін",1,qwen_2.5_7b,292,long,consumer_reviews,995,"Каспи банк -иның Kaspi.kz платформа -сы -на жеңил бол -ған магазиндай нәтиже неше мезгіл -ге денса оң реттеңіз. Ол ұзақ шамдау -ды жою мен бастау -ға жарда -м береді, алд -ы -мен істері жетілдіріл -ген жана удобтылықтай. Маған логин жүргізу үшін табиғат -ты баспа пароль керекті, бірақ ол адміниация -ға қада -м алу үшін",0,0.0024274440947920084,0,0.0002382073871558532,0,0.00047206043382175267
"Каспи бандағы онлайн сатып алу мүмкіндіктері менен маанилы оюмоймын. Банадағы ар бир продукцияны негизинше әртүрлі тармактардан туралы маңызды маңызды мақсатта табуға болады. Оноң ішінде кредиттер, депозиттер және ипотекалар арқылы Казахстандын экономиканына тез шоудук. Сайты удобстарынан тилекке келсе, ан",1,qwen_2.5_7b,307,long,consumer_reviews,996,"Каспи бандағ -ы онлайн сатып алу мүмкіндік -тері менен маанил -ы оюмоймын. Банадағ -ы ар бир продукция -ны негизинше әртүрл -і тармак -тар -дан турал -ы маңыз -ды маңыз -ды мақсат -та табу -ға болады. Оно -ң іші -нде кредиттер, депозит -тер және ипотека -лар арқыл -ы Казахстандын экономикан -ы -на тез шоудук. Сай -ты удобс -тары -нан тилек -ке келсе, ан",0,0.0009241820662282407,0,0.00033456075470894575,0,0.0001466993271606043
Каспи банка Казакстанда маңызды оюншаған банкалардын бири болып табылады. Сатып алудан мага жеткирмашылыктары негизинен толығырақ және рухани емес. Жетишесіндегі процестері мен тарихы болжаулар мен адамдармен дұрыс қоюла отырғышы қажет. Банка менің пайдасына өте пайдалы ресурстарды жана берілуі мүм,1,qwen_2.5_7b,299,long,consumer_reviews,997,Каспи банк -а Казакста -нда маңыз -ды оюнша -ған банк -алардын бири болып табылады. Сатып алу -дан мага жеткирмашылык -тары негизи -нен толығырақ және рухани емес. Жетишесіндег -і процес -тері мен тарих -ы болжау -лар мен адам -дар -мен дұрыс қоюла отырғыш -ы қажет. Банк -а мені -ң пайда -сы -на өте пайдал -ы ресурс -тар -ды жана берілу -і мүм,0,0.0006203901139087975,0,0.00027415051590651274,0,0.0002536383690312505
Каспи банка Kaspi.kz сайтасында иште бойынша мен толығырақ доволь! Банка сызықтаушы болып стабильді және жетишшілікке мезгіл береді. Оның онлайн платформасы удобстықтанады және навигациясы оң. Мен адамдармен коммуникациялауға да рухани мүмкіндікті паяда береді. Ең маңыздысы - қолдануы фокс және кездешуде жоюлы шект,1,qwen_2.5_7b,316,long,consumer_reviews,998,Каспи банк -а Kaspi.kz сайта -сы -нда иште бойынша мен толығырақ доволь! Банк -а сызықтауш -ы болып стабиль -ді және жетишшілік -ке мезгіл береді. Оны -ң онлайн платформа -сы удобстық -тан -ады және навигация -сы оң. Мен адам -дар -мен коммуникациялау -ға да рухани мүмкіндік -ті пая -да береді. Ең маңызды -сы - қолдану -ы фокс және кездешу -де жоюл -ы шект,0,0.0010373078985139728,0,0.00030054067610763013,0,0.0003050713276024908
"Каспи банка Kaspi.kz сайтына даяр мен сәнді жариялаудан кейін, ол бойымен ұнатқан артықша маңызды. Сайты удобстықтанып, келесілерге болашақ береді. Мен азықтыруға жеткіліксіз же сыйлықта алдын-ала жеткізу репорттері мен жетілдіктің бардығын табадым. Админдер жоюлу тез-детім жарық мүмкі",1,qwen_2.5_7b,286,long,consumer_reviews,999,"Каспи банк -а Kaspi.kz сайт -ы -на даяр мен сән -ді жариялау -дан кейін, ол бой -ы -мен ұнат -қан артықша маңызды. Сай -ты удобстықтанып, келесі -лер -ге болашақ береді. Мен азықтыру -ға жеткіліксіз же сыйлық -та алдын-ала жеткізу репорт -тері мен жетілдік -тің бардығын табадым. Админ -дер жоюлу тез-деті -м жарық мүмк -і",0,0.010234909132122993,0,0.0008615268161520362,0,0.007062841672450304
