id,label,char_length,length_bracket,prob_m1_pure,pred_m1_pure,prob_m2_hybrid_fst,pred_m2_hybrid_fst,prob_m3_supcon_single,pred_m3_supcon_single,prob_m4_dual_stream_ce,pred_m4_dual_stream_ce,prob_m5_morpho_supcon_full,pred_m5_morpho_supcon_full
0,0,56,short,0.0009027639753185213,0,0.0003039072616957128,0,0.0009401346906088293,0,0.0008777646580711007,0,0.0017600783612579107,0
1,0,56,short,0.00018714391626417637,0,3.6513414670480415e-05,0,0.00024323121760971844,0,2.4101209419313818e-05,0,7.38618109608069e-05,0
2,0,36,short,0.0030843697022646666,0,1.9330787836224772e-05,0,0.0005320567870512605,0,5.10544705321081e-05,0,0.00012186346430098638,0
3,0,11,short,0.00028393426327966154,0,1.1563082807697356e-05,0,7.328551873797551e-05,0,9.76434694166528e-06,0,5.5483113101217896e-05,0
4,0,31,short,0.007852618582546711,0,1.7290800315095112e-05,0,0.00015057646669447422,0,2.159809992008377e-05,0,9.021945152198896e-05,0
5,0,17,short,0.00013000504986848682,0,2.062243947875686e-05,0,0.00011443742550909519,0,0.00020709411182906479,0,0.00017568359908182174,0
6,0,36,short,0.00020374184532556683,0,6.559806206496432e-05,0,0.00015820314001757652,0,2.4227907488238998e-05,0,8.932234050007537e-05,0
7,0,27,short,0.0006828623590990901,0,1.4804826605541166e-05,0,0.0002146018814528361,0,2.88693408947438e-05,0,9.089509694604203e-05,0
8,0,52,short,0.00012149890244472772,0,5.8549820096232e-05,0,0.00217302143573761,0,0.0001304035831708461,0,0.00022912844724487513,0
9,0,11,short,0.001712008030153811,0,1.0031816600530874e-05,0,8.381369843846187e-05,0,7.857815944589674e-06,0,4.4323951442493126e-05,0
10,0,10,short,0.0003530772519297898,0,6.72782989568077e-05,0,0.00011850874579977244,0,4.526058546616696e-06,0,3.460457446635701e-05,0
11,0,22,short,0.00010090337309520692,0,0.0003264115075580776,0,0.000318321370286867,0,1.908573176478967e-05,0,7.770013326080516e-05,0
12,0,48,short,0.9977093935012817,1,2.2746482500224374e-05,0,0.0004749323707073927,0,0.0006073266849853098,0,0.0010506435064598918,0
13,0,11,short,0.001712008030153811,0,1.0031816600530874e-05,0,8.381369843846187e-05,0,7.857815944589674e-06,0,4.4323951442493126e-05,0
14,0,21,short,0.00028690058388747275,0,1.7555719750816934e-05,0,7.329048094106838e-05,0,2.75139950645098e-06,0,1.8463462765794247e-05,0
15,0,14,short,0.00011400121729820967,0,8.217149297706783e-05,0,0.00015170879487413913,0,9.922623576130718e-06,0,5.859567318111658e-05,0
16,0,41,short,0.6795300841331482,1,3.715788625413552e-05,0,0.0007773256511427462,0,0.0004216030356474221,0,0.0003952317638322711,0
17,0,10,short,0.0007986964774318039,0,5.854970731888898e-05,0,0.00013764045434072614,0,2.867774355763686e-06,0,1.9444458303041756e-05,0
18,0,27,short,0.0006828623590990901,0,1.4804826605541166e-05,0,0.0002146018814528361,0,2.88693408947438e-05,0,9.089509694604203e-05,0
19,0,27,short,0.0002532761136535555,0,0.00011984242883045226,0,0.00021248336997814476,0,2.429597770969849e-05,0,7.926772377686575e-05,0
20,0,17,short,0.00013000504986848682,0,2.062243947875686e-05,0,0.00011443742550909519,0,0.00020709411182906479,0,0.00017568359908182174,0
21,0,16,short,0.7565017938613892,1,6.967321678530425e-05,0,0.0001399851025780663,0,4.43240924141719e-06,0,3.497782745398581e-05,0
22,0,42,short,0.0004339685256127268,0,2.2127356714918278e-05,0,0.00011139710841234773,0,1.7093501810450107e-05,0,5.510667324415408e-05,0
23,0,16,short,0.00019764639728236943,0,7.071111758705229e-05,0,0.0002282183850184083,0,1.0553468200669158e-05,0,5.383265306591056e-05,0
24,0,13,short,0.0001264100574189797,0,3.092074621235952e-05,0,0.00021251500584185123,0,3.377488974365406e-05,0,0.00015852099750190973,0
25,0,36,short,0.0030843697022646666,0,1.9330787836224772e-05,0,0.0005320567870512605,0,5.10544705321081e-05,0,0.00012186346430098638,0
26,0,32,short,0.0003079368034377694,0,4.0816190448822454e-05,0,7.516107143601403e-05,0,7.264690339070512e-06,0,3.0538147257175297e-05,0
27,0,23,short,0.00011166500917170197,0,3.276988718425855e-05,0,9.003794548334554e-05,0,7.288047982001444e-06,0,4.772668398800306e-05,0
28,0,17,short,0.00013000504986848682,0,2.062243947875686e-05,0,0.00011443742550909519,0,0.00020709411182906479,0,0.00017568359908182174,0
29,0,11,short,0.00031301393755711615,0,6.104604108259082e-05,0,0.00011159497807966545,0,3.8075188513175817e-06,0,3.221457154722884e-05,0
30,0,10,short,0.0007986964774318039,0,5.854970731888898e-05,0,0.00013764045434072614,0,2.867774355763686e-06,0,1.9444458303041756e-05,0
31,0,11,short,0.00028393426327966154,0,1.1563082807697356e-05,0,7.328551873797551e-05,0,9.76434694166528e-06,0,5.5483113101217896e-05,0
32,0,41,short,0.0001608338934602216,0,4.525328768067993e-05,0,0.00014793364971410483,0,1.1677457223413512e-05,0,5.091493221698329e-05,0
33,0,11,short,0.00014263462799135596,0,5.602835881290957e-05,0,9.473585669184104e-05,0,3.3428082133468706e-06,0,2.7270394639344886e-05,0
34,0,16,short,0.00019764639728236943,0,7.071111758705229e-05,0,0.0002282183850184083,0,1.0553468200669158e-05,0,5.383265306591056e-05,0
35,0,18,short,0.00027655891608446836,0,2.8348145860945806e-05,0,8.994285599328578e-05,0,1.314426936005475e-05,0,6.025920083629899e-05,0
36,0,11,short,0.00014157177065499127,0,3.380433554411866e-05,0,0.00014589233614969999,0,1.413576683262363e-05,0,6.983460480114445e-05,0
37,0,23,short,0.00011166500917170197,0,3.276988718425855e-05,0,9.003794548334554e-05,0,7.288047982001444e-06,0,4.772668398800306e-05,0
38,0,34,short,0.00015157012967392802,0,3.701376772369258e-05,0,0.00019201665418222547,0,9.11610186449252e-06,0,6.027770723449066e-05,0
39,0,54,short,0.00024345071869902313,0,1.9404020349611528e-05,0,0.00024338712682947516,0,5.8829373301705346e-05,0,0.00014387164264917374,0
40,0,17,short,0.00013000504986848682,0,2.062243947875686e-05,0,0.00011443742550909519,0,0.00020709411182906479,0,0.00017568359908182174,0
41,0,25,short,0.00010872924030991271,0,5.714790677302517e-05,0,8.244556374847889e-05,0,5.307378614816116e-06,0,3.320485120639205e-05,0
42,0,48,short,0.9977093935012817,1,2.2746482500224374e-05,0,0.0004749323707073927,0,0.0006073266849853098,0,0.0010506435064598918,0
43,0,36,short,0.00020374184532556683,0,6.559806206496432e-05,0,0.00015820314001757652,0,2.4227907488238998e-05,0,8.932234050007537e-05,0
44,0,10,short,0.0018513756804168224,0,1.9447908925940283e-05,0,9.123150812229142e-05,0,9.714849511510693e-06,0,4.9068083171732724e-05,0
45,0,11,short,0.00014263462799135596,0,5.602835881290957e-05,0,9.473585669184104e-05,0,3.3428082133468706e-06,0,2.7270394639344886e-05,0
46,0,27,short,0.0006828623590990901,0,1.4804826605541166e-05,0,0.0002146018814528361,0,2.88693408947438e-05,0,9.089509694604203e-05,0
47,0,18,short,0.0007987889694049954,0,3.769377508433536e-05,0,0.0003110164834652096,0,5.321290245774435e-06,0,3.369600381120108e-05,0
48,0,48,short,0.9977093935012817,1,2.2746482500224374e-05,0,0.0004749323707073927,0,0.0006073266849853098,0,0.0010506435064598918,0
49,0,11,short,0.001712008030153811,0,1.0031816600530874e-05,0,8.381369843846187e-05,0,7.857815944589674e-06,0,4.4323951442493126e-05,0
50,0,11,short,0.00031301393755711615,0,6.104604108259082e-05,0,0.00011159497807966545,0,3.8075188513175817e-06,0,3.221457154722884e-05,0
51,0,38,short,0.0006020204164087772,0,1.3964623576612212e-05,0,0.00025197523063980043,0,6.161439523566514e-05,0,0.00013149114965926856,0
52,0,16,short,0.00019764639728236943,0,7.071111758705229e-05,0,0.0002282183850184083,0,1.0553468200669158e-05,0,5.383265306591056e-05,0
53,0,31,short,0.007852618582546711,0,1.7290800315095112e-05,0,0.00015057646669447422,0,2.159809992008377e-05,0,9.021945152198896e-05,0
54,0,11,short,0.00014263462799135596,0,5.602835881290957e-05,0,9.473585669184104e-05,0,3.3428082133468706e-06,0,2.7270394639344886e-05,0
55,0,42,short,0.0003120982728432864,0,2.299268999195192e-05,0,0.0001810755638871342,0,5.691442493116483e-05,0,0.0001483434170950204,0
56,0,23,short,0.00011166500917170197,0,3.276988718425855e-05,0,9.003794548334554e-05,0,7.288047982001444e-06,0,4.772668398800306e-05,0
57,0,38,short,0.0006020204164087772,0,1.3964623576612212e-05,0,0.00025197523063980043,0,6.161439523566514e-05,0,0.00013149114965926856,0
58,0,27,short,0.989968478679657,1,4.725514736492187e-05,0,7.068926788633689e-05,0,9.24575942917727e-06,0,4.49005383416079e-05,0
59,0,19,short,0.00017780429334379733,0,1.2357415471342392e-05,0,0.00013913714792579412,0,3.2756233849795535e-05,0,0.00012525256897788495,0
60,0,50,short,0.07960142195224762,0,3.289933010819368e-05,0,0.00023987934400793165,0,4.784325210493989e-05,0,0.00010640318942023441,0
61,0,32,short,0.0003079368034377694,0,4.0816190448822454e-05,0,7.516107143601403e-05,0,7.264690339070512e-06,0,3.0538147257175297e-05,0
62,0,11,short,0.0005028174491599202,0,0.00011744027870008722,0,0.00022810068912804127,0,2.2362701201927848e-05,0,8.755041926633567e-05,0
63,0,42,short,0.0003120982728432864,0,2.299268999195192e-05,0,0.0001810755638871342,0,5.691442493116483e-05,0,0.0001483434170950204,0
64,0,34,short,0.00015157012967392802,0,3.701376772369258e-05,0,0.00019201665418222547,0,9.11610186449252e-06,0,6.027770723449066e-05,0
65,0,36,short,0.0030843697022646666,0,1.9330787836224772e-05,0,0.0005320567870512605,0,5.10544705321081e-05,0,0.00012186346430098638,0
66,0,25,short,0.0015328440349549055,0,0.00021220199414528906,0,0.00034994215820915997,0,1.7213244063896127e-05,0,8.548611367587e-05,0
67,0,11,short,0.00014263462799135596,0,5.602835881290957e-05,0,9.473585669184104e-05,0,3.3428082133468706e-06,0,2.7270394639344886e-05,0
68,0,13,short,0.0001139447049354203,0,0.0001201901031890884,0,0.0001819381577661261,0,0.00015397249080706388,0,0.0001555092167109251,0
69,0,48,short,0.9977093935012817,1,2.2746482500224374e-05,0,0.0004749323707073927,0,0.0006073266849853098,0,0.0010506435064598918,0
70,0,27,short,0.989968478679657,1,4.725514736492187e-05,0,7.068926788633689e-05,0,9.24575942917727e-06,0,4.49005383416079e-05,0
71,0,52,short,0.00012149890244472772,0,5.8549820096232e-05,0,0.00217302143573761,0,0.0001304035831708461,0,0.00022912844724487513,0
72,0,42,short,0.0003120982728432864,0,2.299268999195192e-05,0,0.0001810755638871342,0,5.691442493116483e-05,0,0.0001483434170950204,0
73,0,27,short,0.0002532761136535555,0,0.00011984242883045226,0,0.00021248336997814476,0,2.429597770969849e-05,0,7.926772377686575e-05,0
74,0,38,short,0.0006020204164087772,0,1.3964623576612212e-05,0,0.00025197523063980043,0,6.161439523566514e-05,0,0.00013149114965926856,0
75,0,11,short,0.00028393426327966154,0,1.1563082807697356e-05,0,7.328551873797551e-05,0,9.76434694166528e-06,0,5.5483113101217896e-05,0
76,0,19,short,0.0003039194270968437,0,1.4741567611054052e-05,0,0.00014248266234062612,0,1.4755661140952725e-05,0,7.685445598326623e-05,0
77,0,18,short,0.0007987889694049954,0,3.769377508433536e-05,0,0.0003110164834652096,0,5.321290245774435e-06,0,3.369600381120108e-05,0
78,0,27,short,0.0002532761136535555,0,0.00011984242883045226,0,0.00021248336997814476,0,2.429597770969849e-05,0,7.926772377686575e-05,0
79,0,25,short,0.0015328440349549055,0,0.00021220199414528906,0,0.00034994215820915997,0,1.7213244063896127e-05,0,8.548611367587e-05,0
80,0,11,short,0.000140749616548419,0,2.021346881520003e-05,0,0.0002957940741907805,0,5.9009515098296106e-05,0,0.00014594175445381552,0
81,0,38,short,0.0006020204164087772,0,1.3964623576612212e-05,0,0.00025197523063980043,0,6.161439523566514e-05,0,0.00013149114965926856,0
82,0,13,short,0.0001264100574189797,0,3.092074621235952e-05,0,0.00021251500584185123,0,3.377488974365406e-05,0,0.00015852099750190973,0
83,0,42,short,0.0004339685256127268,0,2.2127356714918278e-05,0,0.00011139710841234773,0,1.7093501810450107e-05,0,5.510667324415408e-05,0
84,0,42,short,0.0004339685256127268,0,2.2127356714918278e-05,0,0.00011139710841234773,0,1.7093501810450107e-05,0,5.510667324415408e-05,0
85,0,11,short,0.00031301393755711615,0,6.104604108259082e-05,0,0.00011159497807966545,0,3.8075188513175817e-06,0,3.221457154722884e-05,0
86,0,14,short,0.9994056224822998,1,0.00021669152192771435,0,0.00023867022537160665,0,7.131325401132926e-05,0,0.0002125044702552259,0
87,0,34,short,0.00015157012967392802,0,3.701376772369258e-05,0,0.00019201665418222547,0,9.11610186449252e-06,0,6.027770723449066e-05,0
88,0,19,short,0.00017780429334379733,0,1.2357415471342392e-05,0,0.00013913714792579412,0,3.2756233849795535e-05,0,0.00012525256897788495,0
89,0,32,short,0.0003079368034377694,0,4.0816190448822454e-05,0,7.516107143601403e-05,0,7.264690339070512e-06,0,3.0538147257175297e-05,0
90,0,10,short,0.00011441788956290111,0,1.3726783436140977e-05,0,0.00015286087000276893,0,1.139905634772731e-05,0,5.392657840275206e-05,0
91,0,11,short,0.00014263462799135596,0,5.602835881290957e-05,0,9.473585669184104e-05,0,3.3428082133468706e-06,0,2.7270394639344886e-05,0
92,0,10,short,0.0003530772519297898,0,6.72782989568077e-05,0,0.00011850874579977244,0,4.526058546616696e-06,0,3.460457446635701e-05,0
93,0,13,short,0.0001264100574189797,0,3.092074621235952e-05,0,0.00021251500584185123,0,3.377488974365406e-05,0,0.00015852099750190973,0
94,0,25,short,0.0015328440349549055,0,0.00021220199414528906,0,0.00034994215820915997,0,1.7213244063896127e-05,0,8.548611367587e-05,0
95,0,11,short,0.00014263462799135596,0,5.602835881290957e-05,0,9.473585669184104e-05,0,3.3428082133468706e-06,0,2.7270394639344886e-05,0
96,0,11,short,0.00014157177065499127,0,3.380433554411866e-05,0,0.00014589233614969999,0,1.413576683262363e-05,0,6.983460480114445e-05,0
97,0,52,short,0.00012149890244472772,0,5.8549820096232e-05,0,0.00217302143573761,0,0.0001304035831708461,0,0.00022912844724487513,0
98,0,25,short,0.0015328440349549055,0,0.00021220199414528906,0,0.00034994215820915997,0,1.7213244063896127e-05,0,8.548611367587e-05,0
99,0,25,short,0.0015328440349549055,0,0.00021220199414528906,0,0.00034994215820915997,0,1.7213244063896127e-05,0,8.548611367587e-05,0
100,0,13,short,0.0001139447049354203,0,0.0001201901031890884,0,0.0001819381577661261,0,0.00015397249080706388,0,0.0001555092167109251,0
101,0,32,short,0.0003079368034377694,0,4.0816190448822454e-05,0,7.516107143601403e-05,0,7.264690339070512e-06,0,3.0538147257175297e-05,0
102,0,16,short,0.00019764639728236943,0,7.071111758705229e-05,0,0.0002282183850184083,0,1.0553468200669158e-05,0,5.383265306591056e-05,0
103,0,38,short,0.0006020204164087772,0,1.3964623576612212e-05,0,0.00025197523063980043,0,6.161439523566514e-05,0,0.00013149114965926856,0
104,0,52,short,0.00012149890244472772,0,5.8549820096232e-05,0,0.00217302143573761,0,0.0001304035831708461,0,0.00022912844724487513,0
105,0,21,short,0.0004686395695898682,0,0.00016084720846265554,0,0.00011152517981827259,0,7.1667700467514805e-06,0,4.036519749206491e-05,0
106,0,34,short,0.00015157012967392802,0,3.701376772369258e-05,0,0.00019201665418222547,0,9.11610186449252e-06,0,6.027770723449066e-05,0
107,0,41,short,0.6795300841331482,1,3.715788625413552e-05,0,0.0007773256511427462,0,0.0004216030356474221,0,0.0003952317638322711,0
108,0,11,short,0.00031301393755711615,0,6.104604108259082e-05,0,0.00011159497807966545,0,3.8075188513175817e-06,0,3.221457154722884e-05,0
109,0,18,short,0.00027655891608446836,0,2.8348145860945806e-05,0,8.994285599328578e-05,0,1.314426936005475e-05,0,6.025920083629899e-05,0
110,0,54,short,0.00024345071869902313,0,1.9404020349611528e-05,0,0.00024338712682947516,0,5.8829373301705346e-05,0,0.00014387164264917374,0
111,0,56,short,0.00018714391626417637,0,3.6513414670480415e-05,0,0.00024323121760971844,0,2.4101209419313818e-05,0,7.38618109608069e-05,0
112,0,42,short,0.0004339685256127268,0,2.2127356714918278e-05,0,0.00011139710841234773,0,1.7093501810450107e-05,0,5.510667324415408e-05,0
113,0,10,short,0.00011441788956290111,0,1.3726783436140977e-05,0,0.00015286087000276893,0,1.139905634772731e-05,0,5.392657840275206e-05,0
114,0,11,short,0.00014263462799135596,0,5.602835881290957e-05,0,9.473585669184104e-05,0,3.3428082133468706e-06,0,2.7270394639344886e-05,0
115,0,54,short,0.00024345071869902313,0,1.9404020349611528e-05,0,0.00024338712682947516,0,5.8829373301705346e-05,0,0.00014387164264917374,0
116,0,21,short,0.0004686395695898682,0,0.00016084720846265554,0,0.00011152517981827259,0,7.1667700467514805e-06,0,4.036519749206491e-05,0
117,0,27,short,0.989968478679657,1,4.725514736492187e-05,0,7.068926788633689e-05,0,9.24575942917727e-06,0,4.49005383416079e-05,0
118,0,17,short,0.00013000504986848682,0,2.062243947875686e-05,0,0.00011443742550909519,0,0.00020709411182906479,0,0.00017568359908182174,0
119,0,56,short,0.0009027639753185213,0,0.0003039072616957128,0,0.0009401346906088293,0,0.0008777646580711007,0,0.0017600783612579107,0
120,0,29,short,0.00062272057402879,0,1.2614306797331665e-05,0,0.0003210766881238669,0,1.404265367455082e-05,0,6.160147313494235e-05,0
121,0,25,short,0.00010872924030991271,0,5.714790677302517e-05,0,8.244556374847889e-05,0,5.307378614816116e-06,0,3.320485120639205e-05,0
122,0,10,short,0.0011099940165877342,0,1.2747013897751458e-05,0,0.00019472380517981946,0,1.1838555110443849e-05,0,4.97774854011368e-05,0
123,0,16,short,0.7565017938613892,1,6.967321678530425e-05,0,0.0001399851025780663,0,4.43240924141719e-06,0,3.497782745398581e-05,0
124,0,10,short,0.0011099940165877342,0,1.2747013897751458e-05,0,0.00019472380517981946,0,1.1838555110443849e-05,0,4.97774854011368e-05,0
125,0,37,short,0.0002797083870973438,0,2.6452247766428627e-05,0,0.00011224897752981633,0,1.302433247474255e-05,0,4.2961044528055936e-05,0
126,0,19,short,0.0003039194270968437,0,1.4741567611054052e-05,0,0.00014248266234062612,0,1.4755661140952725e-05,0,7.685445598326623e-05,0
127,0,10,short,0.0005267665255814791,0,4.8480633267899975e-05,0,0.00011784568050643429,0,4.522520612226799e-06,0,3.7306584999896586e-05,0
128,0,18,short,0.0007987889694049954,0,3.769377508433536e-05,0,0.0003110164834652096,0,5.321290245774435e-06,0,3.369600381120108e-05,0
129,0,41,short,0.0001608338934602216,0,4.525324038695544e-05,0,0.00014793364971410483,0,1.1677457223413512e-05,0,5.091493221698329e-05,0
130,0,16,short,0.00019764639728236943,0,7.071111758705229e-05,0,0.0002282183850184083,0,1.0553468200669158e-05,0,5.383265306591056e-05,0
131,0,11,short,0.00028393426327966154,0,1.1563093721633777e-05,0,7.328551873797551e-05,0,9.76434694166528e-06,0,5.5483113101217896e-05,0
132,0,31,short,0.007852618582546711,0,1.7290800315095112e-05,0,0.00015057646669447422,0,2.159809992008377e-05,0,9.021945152198896e-05,0
133,0,23,short,0.00011166500917170197,0,3.276988718425855e-05,0,9.003794548334554e-05,0,7.288047982001444e-06,0,4.772668398800306e-05,0
134,0,10,short,0.0005267665255814791,0,4.8480633267899975e-05,0,0.00011784568050643429,0,4.522520612226799e-06,0,3.7306584999896586e-05,0
135,0,11,short,0.000140749616548419,0,2.021348882408347e-05,0,0.0002957940741907805,0,5.9009515098296106e-05,0,0.00014594175445381552,0
136,0,27,short,0.0006828623590990901,0,1.4804854799876921e-05,0,0.0002146018814528361,0,2.88693408947438e-05,0,9.089509694604203e-05,0
137,0,25,short,0.00010872924030991271,0,5.714790677302517e-05,0,8.244556374847889e-05,0,5.307378614816116e-06,0,3.320485120639205e-05,0
138,0,17,short,0.00013000504986848682,0,2.062243947875686e-05,0,0.00011443742550909519,0,0.00020709411182906479,0,0.00017568359908182174,0
139,0,38,short,0.0006020204164087772,0,1.3964623576612212e-05,0,0.00025197523063980043,0,6.161439523566514e-05,0,0.00013149114965926856,0
140,0,31,short,0.007852618582546711,0,1.7290800315095112e-05,0,0.00015057646669447422,0,2.159809992008377e-05,0,9.021945152198896e-05,0
141,0,10,short,0.0011099940165877342,0,1.2747013897751458e-05,0,0.00019472380517981946,0,1.1838555110443849e-05,0,4.97774854011368e-05,0
142,0,22,short,0.00010090337309520692,0,0.0003264115075580776,0,0.000318321370286867,0,1.908573176478967e-05,0,7.770013326080516e-05,0
143,0,21,short,0.0004686395695898682,0,0.00016084735398180783,0,0.00011152517981827259,0,7.1667700467514805e-06,0,4.036519749206491e-05,0
144,0,31,short,0.007852618582546711,0,1.7290800315095112e-05,0,0.00015057646669447422,0,2.159809992008377e-05,0,9.021945152198896e-05,0
145,0,11,short,0.00029805622762069106,0,1.3329198736755643e-05,0,9.07236390048638e-05,0,9.857516488409601e-06,0,5.6905639212345704e-05,0
146,0,11,short,0.00014263462799135596,0,5.602835881290957e-05,0,9.473585669184104e-05,0,3.3428082133468706e-06,0,2.7270394639344886e-05,0
147,0,38,short,0.0006020204164087772,0,1.3964623576612212e-05,0,0.00025197523063980043,0,6.161439523566514e-05,0,0.00013149114965926856,0
148,0,11,short,0.00014263462799135596,0,5.602835881290957e-05,0,9.473585669184104e-05,0,3.3428082133468706e-06,0,2.7270394639344886e-05,0
149,0,41,short,0.6795300841331482,1,3.715791899594478e-05,0,0.0007773256511427462,0,0.0004216030356474221,0,0.0003952317638322711,0
150,0,10,short,0.0007986964774318039,0,5.854970731888898e-05,0,0.00013764045434072614,0,2.867774355763686e-06,0,1.9444458303041756e-05,0
151,0,48,short,0.9977093935012817,1,2.274650614708662e-05,0,0.0004749323707073927,0,0.0006073266849853098,0,0.0010506435064598918,0
152,0,21,short,0.0004686395695898682,0,0.00016084735398180783,0,0.00011152517981827259,0,7.1667700467514805e-06,0,4.036519749206491e-05,0
153,0,37,short,0.0002797083870973438,0,2.6452220481587574e-05,0,0.00011224897752981633,0,1.302433247474255e-05,0,4.2961044528055936e-05,0
154,0,41,short,0.0001608338934602216,0,4.525324038695544e-05,0,0.00014793364971410483,0,1.1677457223413512e-05,0,5.091493221698329e-05,0
155,0,11,short,0.000140749616548419,0,2.021348882408347e-05,0,0.0002957940741907805,0,5.9009515098296106e-05,0,0.00014594175445381552,0
156,0,16,short,0.7565017938613892,1,6.967328954488039e-05,0,0.0001399851025780663,0,4.43240924141719e-06,0,3.497782745398581e-05,0
157,0,11,short,0.001712008030153811,0,1.0031826604972593e-05,0,8.381369843846187e-05,0,7.857815944589674e-06,0,4.4323951442493126e-05,0
158,0,25,short,0.00010872924030991271,0,5.714790677302517e-05,0,8.244556374847889e-05,0,5.307378614816116e-06,0,3.320485120639205e-05,0
159,0,23,short,0.00011166500917170197,0,3.276988718425855e-05,0,9.003794548334554e-05,0,7.288047982001444e-06,0,4.772668398800306e-05,0
160,0,21,short,0.0004686395695898682,0,0.00016084735398180783,0,0.00011152517981827259,0,7.1667700467514805e-06,0,4.036519749206491e-05,0
161,0,36,short,0.00020374184532556683,0,6.559812027262524e-05,0,0.00015820314001757652,0,2.4227907488238998e-05,0,8.932234050007537e-05,0
162,0,11,short,0.00031301393755711615,0,6.104604108259082e-05,0,0.00011159497807966545,0,3.8075188513175817e-06,0,3.221457154722884e-05,0
163,0,54,short,0.00024345071869902313,0,1.9404038539505564e-05,0,0.00024338712682947516,0,5.8829373301705346e-05,0,0.00014387164264917374,0
164,0,11,short,0.000140749616548419,0,2.021348882408347e-05,0,0.0002957940741907805,0,5.9009515098296106e-05,0,0.00014594175445381552,0
165,0,41,short,0.0001608338934602216,0,4.525324038695544e-05,0,0.00014793364971410483,0,1.1677457223413512e-05,0,5.091493221698329e-05,0
166,0,11,short,0.00029805622762069106,0,1.3329198736755643e-05,0,9.07236390048638e-05,0,9.857516488409601e-06,0,5.6905639212345704e-05,0
167,0,42,short,0.0003120982728432864,0,2.299268999195192e-05,0,0.0001810755638871342,0,5.691442493116483e-05,0,0.0001483434170950204,0
168,0,16,short,0.7565017938613892,1,6.967328954488039e-05,0,0.0001399851025780663,0,4.43240924141719e-06,0,3.497782745398581e-05,0
169,0,21,short,0.0004686395695898682,0,0.00016084735398180783,0,0.00011152517981827259,0,7.1667700467514805e-06,0,4.036519749206491e-05,0
170,0,11,short,0.00014263462799135596,0,5.602835881290957e-05,0,9.473585669184104e-05,0,3.3428082133468706e-06,0,2.7270394639344886e-05,0
171,0,11,short,0.00031301393755711615,0,6.104604108259082e-05,0,0.00011159497807966545,0,3.8075188513175817e-06,0,3.221457154722884e-05,0
172,0,34,short,0.00015157012967392802,0,3.7013800465501845e-05,0,0.00019201665418222547,0,9.11610186449252e-06,0,6.027770723449066e-05,0
173,0,32,short,0.0003079368034377694,0,4.0816150431055576e-05,0,7.516107143601403e-05,0,7.264690339070512e-06,0,3.0538147257175297e-05,0
174,0,11,short,0.000140749616548419,0,2.021348882408347e-05,0,0.0002957940741907805,0,5.9009515098296106e-05,0,0.00014594175445381552,0
175,0,18,short,0.0007987889694049954,0,3.769377508433536e-05,0,0.0003110164834652096,0,5.321290245774435e-06,0,3.369600381120108e-05,0
176,0,11,short,0.00014263462799135596,0,5.602835881290957e-05,0,9.473585669184104e-05,0,3.3428082133468706e-06,0,2.7270394639344886e-05,0
177,0,42,short,0.0004339685256127268,0,2.212737854279112e-05,0,0.00011139710841234773,0,1.7093501810450107e-05,0,5.510667324415408e-05,0
178,0,11,short,0.00029805622762069106,0,1.3329198736755643e-05,0,9.07236390048638e-05,0,9.857516488409601e-06,0,5.6905639212345704e-05,0
179,0,14,short,0.00011400121729820967,0,8.217149297706783e-05,0,0.00015170879487413913,0,9.922623576130718e-06,0,5.859567318111658e-05,0
180,0,27,short,0.0006828623590990901,0,1.4804854799876921e-05,0,0.0002146018814528361,0,2.88693408947438e-05,0,9.089509694604203e-05,0
181,0,36,short,0.00020374184532556683,0,6.559812027262524e-05,0,0.00015820314001757652,0,2.4227907488238998e-05,0,8.932234050007537e-05,0
182,0,38,short,0.0006020204164087772,0,1.3964623576612212e-05,0,0.00025197523063980043,0,6.161439523566514e-05,0,0.00013149114965926856,0
183,0,27,short,0.0002532761136535555,0,0.0001198426543851383,0,0.00021248336997814476,0,2.429597770969849e-05,0,7.926772377686575e-05,0
184,0,10,short,0.0011099940165877342,0,1.2747013897751458e-05,0,0.00019472380517981946,0,1.1838555110443849e-05,0,4.97774854011368e-05,0
185,0,13,short,0.0001139447049354203,0,0.0001201901031890884,0,0.0001819381577661261,0,0.00015397249080706388,0,0.0001555092167109251,0
186,0,10,short,0.0003530772519297898,0,6.727823347318918e-05,0,0.00011850874579977244,0,4.526058546616696e-06,0,3.460457446635701e-05,0
187,0,17,short,0.00013000504986848682,0,2.062243947875686e-05,0,0.00011443742550909519,0,0.00020709411182906479,0,0.00017568359908182174,0
188,0,42,short,0.0003120982728432864,0,2.299268999195192e-05,0,0.0001810755638871342,0,5.691442493116483e-05,0,0.0001483434170950204,0
189,0,34,short,0.00015157012967392802,0,3.7013800465501845e-05,0,0.00019201665418222547,0,9.11610186449252e-06,0,6.027770723449066e-05,0
190,0,23,short,0.00011166500917170197,0,3.276988718425855e-05,0,9.003794548334554e-05,0,7.288047982001444e-06,0,4.772668398800306e-05,0
191,0,36,short,0.00020374184532556683,0,6.559812027262524e-05,0,0.00015820314001757652,0,2.4227907488238998e-05,0,8.932234050007537e-05,0
192,0,10,short,0.0005267665255814791,0,4.8480633267899975e-05,0,0.00011784568050643429,0,4.522520612226799e-06,0,3.7306584999896586e-05,0
193,0,10,short,0.0018513756804168224,0,1.9447908925940283e-05,0,9.123150812229142e-05,0,9.714849511510693e-06,0,4.9068083171732724e-05,0
194,0,38,short,0.0006020204164087772,0,1.3964623576612212e-05,0,0.00025197523063980043,0,6.161439523566514e-05,0,0.00013149114965926856,0
195,0,19,short,0.00017780429334379733,0,1.2357415471342392e-05,0,0.00013913714792579412,0,3.2756233849795535e-05,0,0.00012525256897788495,0
196,0,13,short,0.0001139447049354203,0,0.0001201901031890884,0,0.0001819381577661261,0,0.00015397249080706388,0,0.0001555092167109251,0
197,0,10,short,0.00011441788956290111,0,1.3726783436140977e-05,0,0.00015286087000276893,0,1.139905634772731e-05,0,5.392657840275206e-05,0
198,0,51,short,0.0001885565579868853,0,2.672398477443494e-05,0,0.00043613166781142354,0,7.106574776116759e-05,0,0.00017226117779500782,0
199,0,34,short,0.00015157012967392802,0,3.701376772369258e-05,0,0.00019201665418222547,0,9.11610186449252e-06,0,6.027770723449066e-05,0
200,0,11,short,0.00031301393755711615,0,6.104604108259082e-05,0,0.00011159497807966545,0,3.8075188513175817e-06,0,3.221457154722884e-05,0
201,0,27,short,0.0006828623590990901,0,1.4804826605541166e-05,0,0.0002146018814528361,0,2.88693408947438e-05,0,9.089509694604203e-05,0
202,0,27,short,0.0006828623590990901,0,1.4804826605541166e-05,0,0.0002146018814528361,0,2.88693408947438e-05,0,9.089509694604203e-05,0
203,0,29,short,0.00062272057402879,0,1.2614306797331665e-05,0,0.0003210766881238669,0,1.404265367455082e-05,0,6.160147313494235e-05,0
204,0,41,short,0.6795300841331482,1,3.715788625413552e-05,0,0.0007773256511427462,0,0.0004216030356474221,0,0.0003952317638322711,0
205,0,27,short,0.0006828623590990901,0,1.4804826605541166e-05,0,0.0002146018814528361,0,2.88693408947438e-05,0,9.089509694604203e-05,0
206,0,36,short,0.0030843697022646666,0,1.9330787836224772e-05,0,0.0005320567870512605,0,5.10544705321081e-05,0,0.00012186346430098638,0
207,0,50,short,0.07960142195224762,0,3.289933010819368e-05,0,0.00023987934400793165,0,4.784325210493989e-05,0,0.00010640318942023441,0
208,0,37,short,0.0002797083870973438,0,2.6452247766428627e-05,0,0.00011224897752981633,0,1.302433247474255e-05,0,4.2961044528055936e-05,0
209,0,17,short,0.00013000504986848682,0,2.062243947875686e-05,0,0.00011443742550909519,0,0.00020709411182906479,0,0.00017568359908182174,0
210,0,13,short,0.0001139447049354203,0,0.0001201901031890884,0,0.0001819381577661261,0,0.00015397249080706388,0,0.0001555092167109251,0
211,0,22,short,0.00010090337309520692,0,0.0003264115075580776,0,0.000318321370286867,0,1.908573176478967e-05,0,7.770013326080516e-05,0
212,0,31,short,0.007852618582546711,0,1.7290800315095112e-05,0,0.00015057646669447422,0,2.159809992008377e-05,0,9.021945152198896e-05,0
213,0,27,short,0.989968478679657,1,4.725514736492187e-05,0,7.068926788633689e-05,0,9.24575942917727e-06,0,4.49005383416079e-05,0
214,0,41,short,0.6795300841331482,1,3.715788625413552e-05,0,0.0007773256511427462,0,0.0004216030356474221,0,0.0003952317638322711,0
215,0,19,short,0.00017780429334379733,0,1.2357415471342392e-05,0,0.00013913714792579412,0,3.2756233849795535e-05,0,0.00012525256897788495,0
216,0,13,short,0.0001139447049354203,0,0.0001201901031890884,0,0.0001819381577661261,0,0.00015397249080706388,0,0.0001555092167109251,0
217,0,13,short,0.0001264100574189797,0,3.092074621235952e-05,0,0.00021251500584185123,0,3.377488974365406e-05,0,0.00015852099750190973,0
218,0,41,short,0.6795300841331482,1,3.715788625413552e-05,0,0.0007773256511427462,0,0.0004216030356474221,0,0.0003952317638322711,0
219,0,56,short,0.00018714391626417637,0,3.6513414670480415e-05,0,0.00024323121760971844,0,2.4101209419313818e-05,0,7.38618109608069e-05,0
220,0,11,short,0.00031301393755711615,0,6.104604108259082e-05,0,0.00011159497807966545,0,3.8075188513175817e-06,0,3.221457154722884e-05,0
221,0,37,short,0.0002797083870973438,0,2.6452247766428627e-05,0,0.00011224897752981633,0,1.302433247474255e-05,0,4.2961044528055936e-05,0
222,0,29,short,0.00062272057402879,0,1.2614306797331665e-05,0,0.0003210766881238669,0,1.404265367455082e-05,0,6.160147313494235e-05,0
223,0,11,short,0.00014263462799135596,0,5.602835881290957e-05,0,9.473585669184104e-05,0,3.3428082133468706e-06,0,2.7270394639344886e-05,0
224,0,56,short,0.00018714391626417637,0,3.6513414670480415e-05,0,0.00024323121760971844,0,2.4101209419313818e-05,0,7.38618109608069e-05,0
225,0,36,short,0.00020374184532556683,0,6.559806206496432e-05,0,0.00015820314001757652,0,2.4227907488238998e-05,0,8.932234050007537e-05,0
226,0,41,short,0.6795300841331482,1,3.715788625413552e-05,0,0.0007773256511427462,0,0.0004216030356474221,0,0.0003952317638322711,0
227,0,41,short,0.6795300841331482,1,3.715788625413552e-05,0,0.0007773256511427462,0,0.0004216030356474221,0,0.0003952317638322711,0
228,0,11,short,0.00014263462799135596,0,5.602835881290957e-05,0,9.473585669184104e-05,0,3.3428082133468706e-06,0,2.7270394639344886e-05,0
229,0,54,short,0.00024345071869902313,0,1.9404020349611528e-05,0,0.00024338712682947516,0,5.8829373301705346e-05,0,0.00014387164264917374,0
230,0,17,short,0.00013000504986848682,0,2.062243947875686e-05,0,0.00011443742550909519,0,0.00020709411182906479,0,0.00017568359908182174,0
231,0,27,short,0.0002532761136535555,0,0.00011984242883045226,0,0.00021248336997814476,0,2.429597770969849e-05,0,7.926772377686575e-05,0
232,0,16,short,0.7565017938613892,1,6.967321678530425e-05,0,0.0001399851025780663,0,4.43240924141719e-06,0,3.497782745398581e-05,0
233,0,10,short,0.0003530772519297898,0,6.72782989568077e-05,0,0.00011850874579977244,0,4.526058546616696e-06,0,3.460457446635701e-05,0
234,0,36,short,0.00020374184532556683,0,6.559806206496432e-05,0,0.00015820314001757652,0,2.4227907488238998e-05,0,8.932234050007537e-05,0
235,0,27,short,0.0002532761136535555,0,0.00011984242883045226,0,0.00021248336997814476,0,2.429597770969849e-05,0,7.926772377686575e-05,0
236,0,11,short,0.00014157177065499127,0,3.380433554411866e-05,0,0.00014589233614969999,0,1.413576683262363e-05,0,6.983460480114445e-05,0
237,0,34,short,0.00015157012967392802,0,3.701376772369258e-05,0,0.00019201665418222547,0,9.11610186449252e-06,0,6.027770723449066e-05,0
238,0,36,short,0.0030843697022646666,0,1.9330787836224772e-05,0,0.0005320567870512605,0,5.10544705321081e-05,0,0.00012186346430098638,0
239,0,41,short,0.0001608338934602216,0,4.525328768067993e-05,0,0.00014793364971410483,0,1.1677457223413512e-05,0,5.091493221698329e-05,0
240,0,11,short,0.00014263462799135596,0,5.602835881290957e-05,0,9.473585669184104e-05,0,3.3428082133468706e-06,0,2.7270394639344886e-05,0
241,0,41,short,0.6795300841331482,1,3.715788625413552e-05,0,0.0007773256511427462,0,0.0004216030356474221,0,0.0003952317638322711,0
242,0,56,short,0.0009027639753185213,0,0.0003039072616957128,0,0.0009401346906088293,0,0.0008777646580711007,0,0.0017600783612579107,0
243,0,11,short,0.001712008030153811,0,1.0031816600530874e-05,0,8.381369843846187e-05,0,7.857815944589674e-06,0,4.4323951442493126e-05,0
244,0,11,short,0.0005028174491599202,0,0.00011744027870008722,0,0.00022810068912804127,0,2.2362701201927848e-05,0,8.755041926633567e-05,0
245,0,11,short,0.00029805622762069106,0,1.3329211469681468e-05,0,9.07236390048638e-05,0,9.857516488409601e-06,0,5.6905639212345704e-05,0
246,0,14,short,0.00011400121729820967,0,8.217149297706783e-05,0,0.00015170879487413913,0,9.922623576130718e-06,0,5.859567318111658e-05,0
247,0,10,short,0.0011099940165877342,0,1.2747013897751458e-05,0,0.00019472380517981946,0,1.1838555110443849e-05,0,4.97774854011368e-05,0
248,0,17,short,0.00013000504986848682,0,2.062243947875686e-05,0,0.00011443742550909519,0,0.00020709411182906479,0,0.00017568359908182174,0
249,0,32,short,0.0003079368034377694,0,4.0816190448822454e-05,0,7.516107143601403e-05,0,7.264690339070512e-06,0,3.0538147257175297e-05,0
250,0,17,short,0.00013000504986848682,0,2.062243947875686e-05,0,0.00011443742550909519,0,0.00020709411182906479,0,0.00017568359908182174,0
251,0,27,short,0.989968478679657,1,4.725514736492187e-05,0,7.068926788633689e-05,0,9.24575942917727e-06,0,4.49005383416079e-05,0
252,0,17,short,0.00013000504986848682,0,2.062243947875686e-05,0,0.00011443742550909519,0,0.00020709411182906479,0,0.00017568359908182174,0
253,0,13,short,0.0001139447049354203,0,0.0001201901031890884,0,0.0001819381577661261,0,0.00015397249080706388,0,0.0001555092167109251,0
254,0,32,short,0.0003079368034377694,0,4.0816190448822454e-05,0,7.516107143601403e-05,0,7.264690339070512e-06,0,3.0538147257175297e-05,0
255,0,54,short,0.00024345071869902313,0,1.9404020349611528e-05,0,0.00024338712682947516,0,5.8829373301705346e-05,0,0.00014387164264917374,0
256,0,51,short,0.0001885565579868853,0,2.672398477443494e-05,0,0.00043613166781142354,0,7.106574776116759e-05,0,0.00017226117779500782,0
257,0,17,short,0.00013000504986848682,0,2.062241946987342e-05,0,0.00011443742550909519,0,0.00020709411182906479,0,0.00017568359908182174,0
258,0,10,short,0.00011441788956290111,0,1.3726796169066802e-05,0,0.00015286087000276893,0,1.139905634772731e-05,0,5.392657840275206e-05,0
259,0,11,short,0.00029805622762069106,0,1.3329198736755643e-05,0,9.07236390048638e-05,0,9.857516488409601e-06,0,5.6905639212345704e-05,0
260,0,18,short,0.0007987889694049954,0,3.769377508433536e-05,0,0.0003110164834652096,0,5.321290245774435e-06,0,3.369600381120108e-05,0
261,0,11,short,0.001712008030153811,0,1.0031816600530874e-05,0,8.381369843846187e-05,0,7.857815944589674e-06,0,4.4323951442493126e-05,0
262,0,37,short,0.00021696898329537362,0,2.1937918063485995e-05,0,0.00016655048239044845,0,1.5533139958279207e-05,0,5.20385401614476e-05,0
263,0,18,short,0.00027655891608446836,0,2.8348174964776263e-05,0,8.994285599328578e-05,0,1.314426936005475e-05,0,6.025920083629899e-05,0
264,0,56,short,0.00018714391626417637,0,3.6513378290692344e-05,0,0.00024323121760971844,0,2.4101209419313818e-05,0,7.38618109608069e-05,0
265,0,27,short,0.0006828623590990901,0,1.4804826605541166e-05,0,0.0002146018814528361,0,2.88693408947438e-05,0,9.089509694604203e-05,0
266,0,25,short,0.00010872924030991271,0,5.714790677302517e-05,0,8.244556374847889e-05,0,5.307378614816116e-06,0,3.320485120639205e-05,0
267,0,27,short,0.0002532761136535555,0,0.00011984242883045226,0,0.00021248336997814476,0,2.429597770969849e-05,0,7.926772377686575e-05,0
268,0,32,short,0.0003079368034377694,0,4.0816150431055576e-05,0,7.516107143601403e-05,0,7.264690339070512e-06,0,3.0538147257175297e-05,0
269,0,32,short,0.0003079368034377694,0,4.0816150431055576e-05,0,7.516107143601403e-05,0,7.264690339070512e-06,0,3.0538147257175297e-05,0
270,0,10,short,0.0005267665255814791,0,4.8480633267899975e-05,0,0.00011784568050643429,0,4.522520612226799e-06,0,3.7306584999896586e-05,0
271,0,10,short,0.00011441788956290111,0,1.3726796169066802e-05,0,0.00015286087000276893,0,1.139905634772731e-05,0,5.392657840275206e-05,0
272,0,10,short,0.0011099940165877342,0,1.2747013897751458e-05,0,0.00019472380517981946,0,1.1838555110443849e-05,0,4.97774854011368e-05,0
273,0,37,short,0.0002797083870973438,0,2.6452271413290873e-05,0,0.00011224897752981633,0,1.302433247474255e-05,0,4.2961044528055936e-05,0
274,0,34,short,0.00015157012967392802,0,3.7013800465501845e-05,0,0.00019201665418222547,0,9.11610186449252e-06,0,6.027770723449066e-05,0
275,0,11,short,0.00028393426327966154,0,1.1563093721633777e-05,0,7.328551873797551e-05,0,9.76434694166528e-06,0,5.5483113101217896e-05,0
276,0,22,short,0.00010090337309520692,0,0.0003264115075580776,0,0.000318321370286867,0,1.908573176478967e-05,0,7.770013326080516e-05,0
277,0,10,short,0.0005267665255814791,0,4.8480633267899975e-05,0,0.00011784568050643429,0,4.522520612226799e-06,0,3.7306584999896586e-05,0
278,0,13,short,0.0001139447049354203,0,0.0001201901031890884,0,0.0001819381577661261,0,0.00015397249080706388,0,0.0001555092167109251,0
279,0,37,short,0.00021696898329537362,0,2.1937918063485995e-05,0,0.00016655048239044845,0,1.5533139958279207e-05,0,5.20385401614476e-05,0
280,0,23,short,0.00011166500917170197,0,3.276988718425855e-05,0,9.003794548334554e-05,0,7.288047982001444e-06,0,4.772668398800306e-05,0
281,0,42,short,0.0004339685256127268,0,2.2127356714918278e-05,0,0.00011139710841234773,0,1.7093501810450107e-05,0,5.510667324415408e-05,0
282,0,11,short,0.00028393426327966154,0,1.1563093721633777e-05,0,7.328551873797551e-05,0,9.76434694166528e-06,0,5.5483113101217896e-05,0
283,0,25,short,0.00010872924030991271,0,5.714790677302517e-05,0,8.244556374847889e-05,0,5.307378614816116e-06,0,3.320485120639205e-05,0
284,0,27,short,0.0002532761136535555,0,0.00011984242883045226,0,0.00021248336997814476,0,2.429597770969849e-05,0,7.926772377686575e-05,0
285,0,27,short,0.0002532761136535555,0,0.00011984242883045226,0,0.00021248336997814476,0,2.429597770969849e-05,0,7.926772377686575e-05,0
286,0,14,short,0.9994056224822998,1,0.00021669152192771435,0,0.00023867022537160665,0,7.131325401132926e-05,0,0.0002125044702552259,0
287,0,17,short,0.00013000504986848682,0,2.062241946987342e-05,0,0.00011443742550909519,0,0.00020709411182906479,0,0.00017568359908182174,0
288,0,48,short,0.9977093935012817,1,2.2746482500224374e-05,0,0.0004749323707073927,0,0.0006073266849853098,0,0.0010506435064598918,0
289,0,52,short,0.00012149890244472772,0,5.854987830389291e-05,0,0.00217302143573761,0,0.0001304035831708461,0,0.00022912844724487513,0
290,0,51,short,0.0001885565579868853,0,2.672398477443494e-05,0,0.00043613166781142354,0,7.106574776116759e-05,0,0.00017226117779500782,0
291,0,10,short,0.0003530772519297898,0,6.72782989568077e-05,0,0.00011850874579977244,0,4.526058546616696e-06,0,3.460457446635701e-05,0
292,0,10,short,0.0005267665255814791,0,4.8480633267899975e-05,0,0.00011784568050643429,0,4.522520612226799e-06,0,3.7306584999896586e-05,0
293,0,37,short,0.0002797083870973438,0,2.6452271413290873e-05,0,0.00011224897752981633,0,1.302433247474255e-05,0,4.2961044528055936e-05,0
294,0,14,short,0.9994056224822998,1,0.00021669152192771435,0,0.00023867022537160665,0,7.131325401132926e-05,0,0.0002125044702552259,0
295,0,34,short,0.00015157012967392802,0,3.7013800465501845e-05,0,0.00019201665418222547,0,9.11610186449252e-06,0,6.027770723449066e-05,0
296,0,10,short,0.0011099940165877342,0,1.2747013897751458e-05,0,0.00019472380517981946,0,1.1838555110443849e-05,0,4.97774854011368e-05,0
297,0,34,short,0.00015157012967392802,0,3.7013800465501845e-05,0,0.00019201665418222547,0,9.11610186449252e-06,0,6.027770723449066e-05,0
298,0,37,short,0.0002797083870973438,0,2.6452271413290873e-05,0,0.00011224897752981633,0,1.302433247474255e-05,0,4.2961044528055936e-05,0
299,0,54,short,0.00024345071869902313,0,1.9404020349611528e-05,0,0.00024338712682947516,0,5.8829373301705346e-05,0,0.00014387164264917374,0
300,0,80,medium,0.9839922785758972,1,7.089682185323909e-06,0,3.3919684938155115e-05,0,2.8580996513483115e-05,0,3.199248749297112e-05,0
301,0,71,medium,0.009285596199333668,0,9.698205758468248e-06,0,2.5498968170722947e-05,0,8.46477814775426e-06,0,1.5804309441591613e-05,0
302,0,80,medium,0.9497942924499512,1,1.4800266399106476e-05,0,3.5222248698119074e-05,0,1.563540536153596e-05,0,2.4575965653639287e-05,0
303,0,84,medium,0.9984809756278992,1,1.976656130864285e-05,0,3.902229218510911e-05,0,2.3558457542094402e-05,0,3.0352442990988493e-05,0
304,0,80,medium,0.9839922785758972,1,7.089682185323909e-06,0,3.3919684938155115e-05,0,2.8580996513483115e-05,0,3.199248749297112e-05,0
305,0,70,medium,0.9326624870300293,1,1.1709664249792695e-05,0,3.184871457051486e-05,0,2.6729641831479967e-05,0,3.4967688407050446e-05,0
306,0,71,medium,0.009285596199333668,0,9.698205758468248e-06,0,2.5498968170722947e-05,0,8.46477814775426e-06,0,1.5804309441591613e-05,0
307,0,75,medium,0.03892527148127556,0,1.14751792352763e-05,0,2.9658485800609924e-05,0,1.861624332377687e-05,0,2.954632873297669e-05,0
308,0,80,medium,0.9839922785758972,1,7.089682185323909e-06,0,3.3919684938155115e-05,0,2.8580996513483115e-05,0,3.199248749297112e-05,0
309,0,71,medium,0.009285596199333668,0,9.698205758468248e-06,0,2.5498968170722947e-05,0,8.46477814775426e-06,0,1.5804309441591613e-05,0
310,0,70,medium,0.9326624870300293,1,1.1709664249792695e-05,0,3.184871457051486e-05,0,2.6729641831479967e-05,0,3.4967688407050446e-05,0
311,0,72,medium,0.9984025359153748,1,2.2814068870502524e-05,0,2.827740718203131e-05,0,8.278169843833894e-06,0,1.666757816565223e-05,0
312,0,80,medium,0.9497942924499512,1,1.4800266399106476e-05,0,3.5222248698119074e-05,0,1.563540536153596e-05,0,2.4575965653639287e-05,0
313,0,80,medium,0.9839922785758972,1,7.089682185323909e-06,0,3.3919684938155115e-05,0,2.8580996513483115e-05,0,3.199248749297112e-05,0
314,0,75,medium,0.03892527148127556,0,1.14751792352763e-05,0,2.9658485800609924e-05,0,1.861624332377687e-05,0,2.954632873297669e-05,0
315,0,70,medium,0.9326624870300293,1,1.1709664249792695e-05,0,3.184871457051486e-05,0,2.6729641831479967e-05,0,3.4967688407050446e-05,0
316,0,84,medium,0.9984809756278992,1,1.976656130864285e-05,0,3.902229218510911e-05,0,2.3558457542094402e-05,0,3.0352442990988493e-05,0
317,0,75,medium,0.03892527148127556,0,1.14751792352763e-05,0,2.9658485800609924e-05,0,1.861624332377687e-05,0,2.954632873297669e-05,0
318,0,71,medium,0.009285596199333668,0,9.698205758468248e-06,0,2.5498968170722947e-05,0,8.46477814775426e-06,0,1.5804309441591613e-05,0
319,0,71,medium,0.009285596199333668,0,9.698205758468248e-06,0,2.5498968170722947e-05,0,8.46477814775426e-06,0,1.5804309441591613e-05,0
320,0,72,medium,0.9984025359153748,1,2.2814068870502524e-05,0,2.827740718203131e-05,0,8.278169843833894e-06,0,1.666757816565223e-05,0
321,0,80,medium,0.9839922785758972,1,7.089682185323909e-06,0,3.3919684938155115e-05,0,2.8580996513483115e-05,0,3.199248749297112e-05,0
322,0,84,medium,0.9984809756278992,1,1.976656130864285e-05,0,3.902229218510911e-05,0,2.3558457542094402e-05,0,3.0352442990988493e-05,0
323,0,80,medium,0.9839922785758972,1,7.089682185323909e-06,0,3.3919684938155115e-05,0,2.8580996513483115e-05,0,3.199248749297112e-05,0
324,0,84,medium,0.9984809756278992,1,1.976656130864285e-05,0,3.902229218510911e-05,0,2.3558457542094402e-05,0,3.0352442990988493e-05,0
325,0,80,medium,0.9497942924499512,1,1.4800266399106476e-05,0,3.5222248698119074e-05,0,1.563540536153596e-05,0,2.4575965653639287e-05,0
326,0,82,medium,0.9822356700897217,1,1.025645815388998e-05,0,2.9290691600181162e-05,0,2.5418654331588186e-05,0,3.084405398112722e-05,0
327,0,75,medium,0.03892527148127556,0,1.14751792352763e-05,0,2.9658485800609924e-05,0,1.861624332377687e-05,0,2.954632873297669e-05,0
328,0,80,medium,0.9839922785758972,1,7.089682185323909e-06,0,3.3919684938155115e-05,0,2.8580996513483115e-05,0,3.199248749297112e-05,0
329,0,70,medium,0.9326624870300293,1,1.1709664249792695e-05,0,3.184871457051486e-05,0,2.6729641831479967e-05,0,3.4967688407050446e-05,0
330,0,84,medium,0.9984809756278992,1,1.976656130864285e-05,0,3.902229218510911e-05,0,2.3558457542094402e-05,0,3.0352442990988493e-05,0
331,0,80,medium,0.9839922785758972,1,7.089682185323909e-06,0,3.3919684938155115e-05,0,2.8580996513483115e-05,0,3.199248749297112e-05,0
332,0,80,medium,0.9839922785758972,1,7.089682185323909e-06,0,3.3919684938155115e-05,0,2.8580996513483115e-05,0,3.199248749297112e-05,0
333,0,71,medium,0.009285596199333668,0,9.698205758468248e-06,0,2.5498968170722947e-05,0,8.46477814775426e-06,0,1.5804309441591613e-05,0
334,0,84,medium,0.9984809756278992,1,1.976656130864285e-05,0,3.902229218510911e-05,0,2.3558457542094402e-05,0,3.0352442990988493e-05,0
335,0,82,medium,0.9822356700897217,1,1.025645815388998e-05,0,2.9290691600181162e-05,0,2.5418654331588186e-05,0,3.084405398112722e-05,0
336,0,84,medium,0.9984809756278992,1,1.976656130864285e-05,0,3.902229218510911e-05,0,2.3558457542094402e-05,0,3.0352442990988493e-05,0
337,0,75,medium,0.03892527148127556,0,1.14751792352763e-05,0,2.9658485800609924e-05,0,1.861624332377687e-05,0,2.954632873297669e-05,0
338,0,80,medium,0.9839922785758972,1,7.089682185323909e-06,0,3.3919684938155115e-05,0,2.8580996513483115e-05,0,3.199248749297112e-05,0
339,0,80,medium,0.9839922785758972,1,7.089682185323909e-06,0,3.3919684938155115e-05,0,2.8580996513483115e-05,0,3.199248749297112e-05,0
340,0,82,medium,0.9822356700897217,1,1.025645815388998e-05,0,2.9290691600181162e-05,0,2.5418654331588186e-05,0,3.084405398112722e-05,0
341,0,80,medium,0.9497942924499512,1,1.4800266399106476e-05,0,3.5222248698119074e-05,0,1.563540536153596e-05,0,2.4575965653639287e-05,0
342,0,71,medium,0.009285596199333668,0,9.698205758468248e-06,0,2.5498968170722947e-05,0,8.46477814775426e-06,0,1.5804309441591613e-05,0
343,0,70,medium,0.9326624870300293,1,1.1709664249792695e-05,0,3.184871457051486e-05,0,2.6729641831479967e-05,0,3.4967688407050446e-05,0
344,0,75,medium,0.03892527148127556,0,1.14751792352763e-05,0,2.9658485800609924e-05,0,1.861624332377687e-05,0,2.954632873297669e-05,0
345,0,82,medium,0.9822356700897217,1,1.025645815388998e-05,0,2.9290691600181162e-05,0,2.5418654331588186e-05,0,3.084405398112722e-05,0
346,0,82,medium,0.9822356700897217,1,1.025645815388998e-05,0,2.9290691600181162e-05,0,2.5418654331588186e-05,0,3.084405398112722e-05,0
347,0,75,medium,0.03892527148127556,0,1.14751792352763e-05,0,2.9658485800609924e-05,0,1.861624332377687e-05,0,2.954632873297669e-05,0
348,0,72,medium,0.9984025359153748,1,2.2814068870502524e-05,0,2.827740718203131e-05,0,8.278169843833894e-06,0,1.666757816565223e-05,0
349,0,71,medium,0.009285596199333668,0,9.698205758468248e-06,0,2.5498968170722947e-05,0,8.46477814775426e-06,0,1.5804309441591613e-05,0
350,0,80,medium,0.9839922785758972,1,7.089682185323909e-06,0,3.3919684938155115e-05,0,2.8580996513483115e-05,0,3.199248749297112e-05,0
351,0,70,medium,0.9326624870300293,1,1.1709664249792695e-05,0,3.184871457051486e-05,0,2.6729641831479967e-05,0,3.4967688407050446e-05,0
352,0,80,medium,0.9497942924499512,1,1.4800266399106476e-05,0,3.5222248698119074e-05,0,1.563540536153596e-05,0,2.4575965653639287e-05,0
353,0,71,medium,0.009285596199333668,0,9.698205758468248e-06,0,2.5498968170722947e-05,0,8.46477814775426e-06,0,1.5804309441591613e-05,0
354,0,71,medium,0.009285596199333668,0,9.698205758468248e-06,0,2.5498968170722947e-05,0,8.46477814775426e-06,0,1.5804309441591613e-05,0
355,0,80,medium,0.9497942924499512,1,1.4800266399106476e-05,0,3.5222248698119074e-05,0,1.563540536153596e-05,0,2.4575965653639287e-05,0
356,0,80,medium,0.9839922785758972,1,7.089682185323909e-06,0,3.3919684938155115e-05,0,2.8580996513483115e-05,0,3.199248749297112e-05,0
357,0,80,medium,0.9497942924499512,1,1.4800266399106476e-05,0,3.5222248698119074e-05,0,1.563540536153596e-05,0,2.4575965653639287e-05,0
358,0,70,medium,0.9326624870300293,1,1.1709664249792695e-05,0,3.184871457051486e-05,0,2.6729641831479967e-05,0,3.4967688407050446e-05,0
359,0,84,medium,0.9984809756278992,1,1.976656130864285e-05,0,3.902229218510911e-05,0,2.3558457542094402e-05,0,3.0352442990988493e-05,0
360,0,80,medium,0.9497942924499512,1,1.4800266399106476e-05,0,3.5222248698119074e-05,0,1.563540536153596e-05,0,2.4575965653639287e-05,0
361,0,75,medium,0.03892527148127556,0,1.14751792352763e-05,0,2.9658485800609924e-05,0,1.861624332377687e-05,0,2.954632873297669e-05,0
362,0,82,medium,0.9822356700897217,1,1.025645815388998e-05,0,2.9290691600181162e-05,0,2.5418654331588186e-05,0,3.084405398112722e-05,0
363,0,80,medium,0.9839922785758972,1,7.089682185323909e-06,0,3.3919684938155115e-05,0,2.8580996513483115e-05,0,3.199248749297112e-05,0
364,0,70,medium,0.9326624870300293,1,1.1709664249792695e-05,0,3.184871457051486e-05,0,2.6729641831479967e-05,0,3.4967688407050446e-05,0
365,0,82,medium,0.9822356700897217,1,1.025645815388998e-05,0,2.9290691600181162e-05,0,2.5418654331588186e-05,0,3.084405398112722e-05,0
366,0,84,medium,0.9984809756278992,1,1.976656130864285e-05,0,3.902229218510911e-05,0,2.3558457542094402e-05,0,3.0352442990988493e-05,0
367,0,75,medium,0.03892527148127556,0,1.14751792352763e-05,0,2.9658485800609924e-05,0,1.861624332377687e-05,0,2.954632873297669e-05,0
368,0,82,medium,0.9822356700897217,1,1.025645815388998e-05,0,2.9290691600181162e-05,0,2.5418654331588186e-05,0,3.084405398112722e-05,0
369,0,84,medium,0.9984809756278992,1,1.976656130864285e-05,0,3.902229218510911e-05,0,2.3558457542094402e-05,0,3.0352442990988493e-05,0
370,0,75,medium,0.03892527148127556,0,1.14751792352763e-05,0,2.9658485800609924e-05,0,1.861624332377687e-05,0,2.954632873297669e-05,0
371,0,72,medium,0.9984025359153748,1,2.2814068870502524e-05,0,2.827740718203131e-05,0,8.278169843833894e-06,0,1.666757816565223e-05,0
372,0,82,medium,0.9822356700897217,1,1.025645815388998e-05,0,2.9290691600181162e-05,0,2.5418654331588186e-05,0,3.084405398112722e-05,0
373,0,75,medium,0.03892527148127556,0,1.14751792352763e-05,0,2.9658485800609924e-05,0,1.861624332377687e-05,0,2.954632873297669e-05,0
374,0,80,medium,0.9839922785758972,1,7.089682185323909e-06,0,3.3919684938155115e-05,0,2.8580996513483115e-05,0,3.199248749297112e-05,0
375,0,80,medium,0.9839922785758972,1,7.089682185323909e-06,0,3.3919684938155115e-05,0,2.8580996513483115e-05,0,3.199248749297112e-05,0
376,0,80,medium,0.9497942924499512,1,1.4800266399106476e-05,0,3.5222248698119074e-05,0,1.563540536153596e-05,0,2.4575965653639287e-05,0
377,0,80,medium,0.9839922785758972,1,7.089682185323909e-06,0,3.3919684938155115e-05,0,2.8580996513483115e-05,0,3.199248749297112e-05,0
378,0,71,medium,0.009285596199333668,0,9.698205758468248e-06,0,2.5498968170722947e-05,0,8.46477814775426e-06,0,1.5804309441591613e-05,0
379,0,80,medium,0.9497942924499512,1,1.4800266399106476e-05,0,3.5222248698119074e-05,0,1.563540536153596e-05,0,2.4575965653639287e-05,0
380,0,71,medium,0.009285596199333668,0,9.698205758468248e-06,0,2.5498968170722947e-05,0,8.46477814775426e-06,0,1.5804309441591613e-05,0
381,0,80,medium,0.9839922785758972,1,7.089682185323909e-06,0,3.3919684938155115e-05,0,2.8580996513483115e-05,0,3.199248749297112e-05,0
382,0,82,medium,0.9822356700897217,1,1.025645815388998e-05,0,2.9290691600181162e-05,0,2.5418654331588186e-05,0,3.084405398112722e-05,0
383,0,71,medium,0.009285596199333668,0,9.698205758468248e-06,0,2.5498968170722947e-05,0,8.46477814775426e-06,0,1.5804309441591613e-05,0
384,0,84,medium,0.9984809756278992,1,1.976656130864285e-05,0,3.902229218510911e-05,0,2.3558457542094402e-05,0,3.0352442990988493e-05,0
385,0,84,medium,0.9984809756278992,1,1.976656130864285e-05,0,3.902229218510911e-05,0,2.3558457542094402e-05,0,3.0352442990988493e-05,0
386,0,84,medium,0.9984809756278992,1,1.976656130864285e-05,0,3.902229218510911e-05,0,2.3558457542094402e-05,0,3.0352442990988493e-05,0
387,0,72,medium,0.9984025359153748,1,2.2814068870502524e-05,0,2.827740718203131e-05,0,8.278169843833894e-06,0,1.666757816565223e-05,0
388,0,72,medium,0.9984025359153748,1,2.2814068870502524e-05,0,2.827740718203131e-05,0,8.278169843833894e-06,0,1.666757816565223e-05,0
389,0,82,medium,0.9822356700897217,1,1.025645815388998e-05,0,2.9290691600181162e-05,0,2.5418654331588186e-05,0,3.084405398112722e-05,0
390,0,84,medium,0.9984809756278992,1,1.976656130864285e-05,0,3.902229218510911e-05,0,2.3558457542094402e-05,0,3.0352442990988493e-05,0
391,0,72,medium,0.9984025359153748,1,2.2814068870502524e-05,0,2.827740718203131e-05,0,8.278169843833894e-06,0,1.666757816565223e-05,0
392,0,70,medium,0.9326624870300293,1,1.1709664249792695e-05,0,3.184871457051486e-05,0,2.6729641831479967e-05,0,3.4967688407050446e-05,0
393,0,71,medium,0.009285596199333668,0,9.698205758468248e-06,0,2.5498968170722947e-05,0,8.46477814775426e-06,0,1.5804309441591613e-05,0
394,0,80,medium,0.9497942924499512,1,1.4800266399106476e-05,0,3.5222248698119074e-05,0,1.563540536153596e-05,0,2.4575965653639287e-05,0
395,0,80,medium,0.9839922785758972,1,7.089682185323909e-06,0,3.3919684938155115e-05,0,2.8580996513483115e-05,0,3.199248749297112e-05,0
396,0,80,medium,0.9497942924499512,1,1.4800266399106476e-05,0,3.5222248698119074e-05,0,1.563540536153596e-05,0,2.4575965653639287e-05,0
397,0,80,medium,0.9839922785758972,1,7.089682185323909e-06,0,3.3919684938155115e-05,0,2.8580996513483115e-05,0,3.199248749297112e-05,0
398,0,80,medium,0.9839922785758972,1,7.089682185323909e-06,0,3.3919684938155115e-05,0,2.8580996513483115e-05,0,3.199248749297112e-05,0
399,0,80,medium,0.9839922785758972,1,7.089682185323909e-06,0,3.3919684938155115e-05,0,2.8580996513483115e-05,0,3.199248749297112e-05,0
400,0,71,medium,0.009285596199333668,0,9.698205758468248e-06,0,2.5498968170722947e-05,0,8.46477814775426e-06,0,1.5804309441591613e-05,0
401,0,80,medium,0.9839922785758972,1,7.089682185323909e-06,0,3.3919684938155115e-05,0,2.8580996513483115e-05,0,3.199248749297112e-05,0
402,0,82,medium,0.9822356700897217,1,1.025645815388998e-05,0,2.9290691600181162e-05,0,2.5418654331588186e-05,0,3.084405398112722e-05,0
403,0,80,medium,0.9497942924499512,1,1.4800266399106476e-05,0,3.5222248698119074e-05,0,1.563540536153596e-05,0,2.4575965653639287e-05,0
404,0,80,medium,0.9497942924499512,1,1.4800266399106476e-05,0,3.5222248698119074e-05,0,1.563540536153596e-05,0,2.4575965653639287e-05,0
405,0,72,medium,0.9984025359153748,1,2.2814068870502524e-05,0,2.827740718203131e-05,0,8.278169843833894e-06,0,1.666757816565223e-05,0
406,0,80,medium,0.9839922785758972,1,7.089682185323909e-06,0,3.3919684938155115e-05,0,2.8580996513483115e-05,0,3.199248749297112e-05,0
407,0,72,medium,0.9984025359153748,1,2.2814068870502524e-05,0,2.827740718203131e-05,0,8.278169843833894e-06,0,1.666757816565223e-05,0
408,0,71,medium,0.009285596199333668,0,9.698205758468248e-06,0,2.5498968170722947e-05,0,8.46477814775426e-06,0,1.5804309441591613e-05,0
409,0,70,medium,0.9326624870300293,1,1.1709664249792695e-05,0,3.184871457051486e-05,0,2.6729641831479967e-05,0,3.4967688407050446e-05,0
410,0,71,medium,0.009285596199333668,0,9.698205758468248e-06,0,2.5498968170722947e-05,0,8.46477814775426e-06,0,1.5804309441591613e-05,0
411,0,80,medium,0.9497942924499512,1,1.4800266399106476e-05,0,3.5222248698119074e-05,0,1.563540536153596e-05,0,2.4575965653639287e-05,0
412,0,70,medium,0.9326624870300293,1,1.1709664249792695e-05,0,3.184871457051486e-05,0,2.6729641831479967e-05,0,3.4967688407050446e-05,0
413,0,75,medium,0.03892527148127556,0,1.14751792352763e-05,0,2.9658485800609924e-05,0,1.861624332377687e-05,0,2.954632873297669e-05,0
414,0,82,medium,0.9822356700897217,1,1.025645815388998e-05,0,2.9290691600181162e-05,0,2.5418654331588186e-05,0,3.084405398112722e-05,0
415,0,75,medium,0.03892527148127556,0,1.14751792352763e-05,0,2.9658485800609924e-05,0,1.861624332377687e-05,0,2.954632873297669e-05,0
416,0,71,medium,0.009285596199333668,0,9.698205758468248e-06,0,2.5498968170722947e-05,0,8.46477814775426e-06,0,1.5804309441591613e-05,0
417,0,82,medium,0.9822356700897217,1,1.025645815388998e-05,0,2.9290691600181162e-05,0,2.5418654331588186e-05,0,3.084405398112722e-05,0
418,0,75,medium,0.03892527148127556,0,1.14751792352763e-05,0,2.9658485800609924e-05,0,1.861624332377687e-05,0,2.954632873297669e-05,0
419,0,71,medium,0.009285596199333668,0,9.698205758468248e-06,0,2.5498968170722947e-05,0,8.46477814775426e-06,0,1.5804309441591613e-05,0
420,0,80,medium,0.9839922785758972,1,7.089682185323909e-06,0,3.3919684938155115e-05,0,2.8580996513483115e-05,0,3.199248749297112e-05,0
421,0,71,medium,0.009285596199333668,0,9.698205758468248e-06,0,2.5498968170722947e-05,0,8.46477814775426e-06,0,1.5804309441591613e-05,0
422,0,70,medium,0.9326624870300293,1,1.1709664249792695e-05,0,3.184871457051486e-05,0,2.6729641831479967e-05,0,3.4967688407050446e-05,0
423,0,71,medium,0.009285596199333668,0,9.698205758468248e-06,0,2.5498968170722947e-05,0,8.46477814775426e-06,0,1.5804309441591613e-05,0
424,0,71,medium,0.009285596199333668,0,9.698205758468248e-06,0,2.5498968170722947e-05,0,8.46477814775426e-06,0,1.5804309441591613e-05,0
425,0,80,medium,0.9497942924499512,1,1.4800266399106476e-05,0,3.5222248698119074e-05,0,1.563540536153596e-05,0,2.4575965653639287e-05,0
426,0,80,medium,0.9497942924499512,1,1.4800266399106476e-05,0,3.5222248698119074e-05,0,1.563540536153596e-05,0,2.4575965653639287e-05,0
427,0,70,medium,0.9326624870300293,1,1.1709664249792695e-05,0,3.184871457051486e-05,0,2.6729641831479967e-05,0,3.4967688407050446e-05,0
428,0,72,medium,0.9984025359153748,1,2.2814068870502524e-05,0,2.827740718203131e-05,0,8.278169843833894e-06,0,1.666757816565223e-05,0
429,0,84,medium,0.9984809756278992,1,1.976656130864285e-05,0,3.902229218510911e-05,0,2.3558457542094402e-05,0,3.0352442990988493e-05,0
430,0,80,medium,0.9839922785758972,1,7.089682185323909e-06,0,3.3919684938155115e-05,0,2.8580996513483115e-05,0,3.199248749297112e-05,0
431,0,70,medium,0.9326624870300293,1,1.1709664249792695e-05,0,3.184871457051486e-05,0,2.6729641831479967e-05,0,3.4967688407050446e-05,0
432,0,84,medium,0.9984809756278992,1,1.976656130864285e-05,0,3.902229218510911e-05,0,2.3558457542094402e-05,0,3.0352442990988493e-05,0
433,0,75,medium,0.03892527148127556,0,1.14751792352763e-05,0,2.9658485800609924e-05,0,1.861624332377687e-05,0,2.954632873297669e-05,0
434,0,80,medium,0.9497942924499512,1,1.4800266399106476e-05,0,3.5222248698119074e-05,0,1.563540536153596e-05,0,2.4575965653639287e-05,0
435,0,82,medium,0.9822356700897217,1,1.025645815388998e-05,0,2.9290691600181162e-05,0,2.5418654331588186e-05,0,3.084405398112722e-05,0
436,0,70,medium,0.9326624870300293,1,1.1709664249792695e-05,0,3.184871457051486e-05,0,2.6729641831479967e-05,0,3.4967688407050446e-05,0
437,0,71,medium,0.009285596199333668,0,9.698205758468248e-06,0,2.5498968170722947e-05,0,8.46477814775426e-06,0,1.5804309441591613e-05,0
438,0,84,medium,0.9984809756278992,1,1.976656130864285e-05,0,3.902229218510911e-05,0,2.3558457542094402e-05,0,3.0352442990988493e-05,0
439,0,80,medium,0.9497942924499512,1,1.4800266399106476e-05,0,3.5222248698119074e-05,0,1.563540536153596e-05,0,2.4575965653639287e-05,0
440,0,80,medium,0.9839922785758972,1,7.089682185323909e-06,0,3.3919684938155115e-05,0,2.8580996513483115e-05,0,3.199248749297112e-05,0
441,0,80,medium,0.9839922785758972,1,7.089682185323909e-06,0,3.3919684938155115e-05,0,2.8580996513483115e-05,0,3.199248749297112e-05,0
442,0,75,medium,0.03892527148127556,0,1.14751792352763e-05,0,2.9658485800609924e-05,0,1.861624332377687e-05,0,2.954632873297669e-05,0
443,0,80,medium,0.9839922785758972,1,7.089682185323909e-06,0,3.3919684938155115e-05,0,2.8580996513483115e-05,0,3.199248749297112e-05,0
444,0,72,medium,0.9984025359153748,1,2.2814068870502524e-05,0,2.827740718203131e-05,0,8.278169843833894e-06,0,1.666757816565223e-05,0
445,0,72,medium,0.9984025359153748,1,2.2814068870502524e-05,0,2.827740718203131e-05,0,8.278169843833894e-06,0,1.666757816565223e-05,0
446,0,84,medium,0.9984809756278992,1,1.976656130864285e-05,0,3.902229218510911e-05,0,2.3558457542094402e-05,0,3.0352442990988493e-05,0
447,0,75,medium,0.03892527148127556,0,1.14751792352763e-05,0,2.9658485800609924e-05,0,1.861624332377687e-05,0,2.954632873297669e-05,0
448,0,72,medium,0.9984025359153748,1,2.2814068870502524e-05,0,2.827740718203131e-05,0,8.278169843833894e-06,0,1.666757816565223e-05,0
449,0,70,medium,0.9326624870300293,1,1.1709664249792695e-05,0,3.184871457051486e-05,0,2.6729641831479967e-05,0,3.4967688407050446e-05,0
450,0,84,medium,0.9984809756278992,1,1.976656130864285e-05,0,3.902229218510911e-05,0,2.3558457542094402e-05,0,3.0352442990988493e-05,0
451,0,72,medium,0.9984025359153748,1,2.2814068870502524e-05,0,2.827740718203131e-05,0,8.278169843833894e-06,0,1.666757816565223e-05,0
452,0,80,medium,0.9497942924499512,1,1.4800266399106476e-05,0,3.5222248698119074e-05,0,1.563540536153596e-05,0,2.4575965653639287e-05,0
453,0,84,medium,0.9984809756278992,1,1.976656130864285e-05,0,3.902229218510911e-05,0,2.3558457542094402e-05,0,3.0352442990988493e-05,0
454,0,80,medium,0.9497942924499512,1,1.4800266399106476e-05,0,3.5222248698119074e-05,0,1.563540536153596e-05,0,2.4575965653639287e-05,0
455,0,72,medium,0.9984025359153748,1,2.2814068870502524e-05,0,2.827740718203131e-05,0,8.278169843833894e-06,0,1.666757816565223e-05,0
456,0,80,medium,0.9839922785758972,1,7.089682185323909e-06,0,3.3919684938155115e-05,0,2.8580996513483115e-05,0,3.199248749297112e-05,0
457,0,84,medium,0.9984809756278992,1,1.976656130864285e-05,0,3.902229218510911e-05,0,2.3558457542094402e-05,0,3.0352442990988493e-05,0
458,0,72,medium,0.9984025359153748,1,2.2814068870502524e-05,0,2.827740718203131e-05,0,8.278169843833894e-06,0,1.666757816565223e-05,0
459,0,71,medium,0.009285596199333668,0,9.698205758468248e-06,0,2.5498968170722947e-05,0,8.46477814775426e-06,0,1.5804309441591613e-05,0
460,0,71,medium,0.009285596199333668,0,9.698205758468248e-06,0,2.5498968170722947e-05,0,8.46477814775426e-06,0,1.5804309441591613e-05,0
461,0,80,medium,0.9839922785758972,1,7.089682185323909e-06,0,3.3919684938155115e-05,0,2.8580996513483115e-05,0,3.199248749297112e-05,0
462,0,84,medium,0.9984809756278992,1,1.976656130864285e-05,0,3.902229218510911e-05,0,2.3558457542094402e-05,0,3.0352442990988493e-05,0
463,0,80,medium,0.9839922785758972,1,7.089682185323909e-06,0,3.3919684938155115e-05,0,2.8580996513483115e-05,0,3.199248749297112e-05,0
464,0,72,medium,0.9984025359153748,1,2.2814068870502524e-05,0,2.827740718203131e-05,0,8.278169843833894e-06,0,1.666757816565223e-05,0
465,0,70,medium,0.9326624870300293,1,1.1709664249792695e-05,0,3.184871457051486e-05,0,2.6729641831479967e-05,0,3.4967688407050446e-05,0
466,0,82,medium,0.9822356700897217,1,1.025645815388998e-05,0,2.9290691600181162e-05,0,2.5418654331588186e-05,0,3.084405398112722e-05,0
467,0,70,medium,0.9326624870300293,1,1.1709664249792695e-05,0,3.184871457051486e-05,0,2.6729641831479967e-05,0,3.4967688407050446e-05,0
468,0,80,medium,0.9839922785758972,1,7.089682185323909e-06,0,3.3919684938155115e-05,0,2.8580996513483115e-05,0,3.199248749297112e-05,0
469,0,70,medium,0.9326624870300293,1,1.1709664249792695e-05,0,3.184871457051486e-05,0,2.6729641831479967e-05,0,3.4967688407050446e-05,0
470,0,75,medium,0.03892527148127556,0,1.14751792352763e-05,0,2.9658485800609924e-05,0,1.861624332377687e-05,0,2.954632873297669e-05,0
471,0,80,medium,0.9839922785758972,1,7.089682185323909e-06,0,3.3919684938155115e-05,0,2.8580996513483115e-05,0,3.199248749297112e-05,0
472,0,80,medium,0.9839922785758972,1,7.089682185323909e-06,0,3.3919684938155115e-05,0,2.8580996513483115e-05,0,3.199248749297112e-05,0
473,0,84,medium,0.9984809756278992,1,1.976656130864285e-05,0,3.902229218510911e-05,0,2.3558457542094402e-05,0,3.0352442990988493e-05,0
474,0,84,medium,0.9984809756278992,1,1.976656130864285e-05,0,3.902229218510911e-05,0,2.3558457542094402e-05,0,3.0352442990988493e-05,0
475,0,80,medium,0.9497942924499512,1,1.4800266399106476e-05,0,3.5222248698119074e-05,0,1.563540536153596e-05,0,2.4575965653639287e-05,0
476,0,72,medium,0.9984025359153748,1,2.2814068870502524e-05,0,2.827740718203131e-05,0,8.278169843833894e-06,0,1.666757816565223e-05,0
477,0,84,medium,0.9984809756278992,1,1.976656130864285e-05,0,3.902229218510911e-05,0,2.3558457542094402e-05,0,3.0352442990988493e-05,0
478,0,70,medium,0.9326624870300293,1,1.1709664249792695e-05,0,3.184871457051486e-05,0,2.6729641831479967e-05,0,3.4967688407050446e-05,0
479,0,71,medium,0.009285596199333668,0,9.698205758468248e-06,0,2.5498968170722947e-05,0,8.46477814775426e-06,0,1.5804309441591613e-05,0
480,0,84,medium,0.9984809756278992,1,1.976656130864285e-05,0,3.902229218510911e-05,0,2.3558457542094402e-05,0,3.0352442990988493e-05,0
481,0,72,medium,0.9984025359153748,1,2.2814068870502524e-05,0,2.827740718203131e-05,0,8.278169843833894e-06,0,1.666757816565223e-05,0
482,0,80,medium,0.9839922785758972,1,7.089682185323909e-06,0,3.3919684938155115e-05,0,2.8580996513483115e-05,0,3.199248749297112e-05,0
483,0,70,medium,0.9326624870300293,1,1.1709664249792695e-05,0,3.184871457051486e-05,0,2.6729641831479967e-05,0,3.4967688407050446e-05,0
484,0,70,medium,0.9326624870300293,1,1.1709664249792695e-05,0,3.184871457051486e-05,0,2.6729641831479967e-05,0,3.4967688407050446e-05,0
485,0,75,medium,0.03892527148127556,0,1.14751792352763e-05,0,2.9658485800609924e-05,0,1.861624332377687e-05,0,2.954632873297669e-05,0
486,0,72,medium,0.9984025359153748,1,2.2814068870502524e-05,0,2.827740718203131e-05,0,8.278169843833894e-06,0,1.666757816565223e-05,0
487,0,80,medium,0.9839922785758972,1,7.089682185323909e-06,0,3.3919684938155115e-05,0,2.8580996513483115e-05,0,3.199248749297112e-05,0
488,0,84,medium,0.9984809756278992,1,1.976656130864285e-05,0,3.902229218510911e-05,0,2.3558457542094402e-05,0,3.0352442990988493e-05,0
489,0,72,medium,0.9984025359153748,1,2.2814068870502524e-05,0,2.827740718203131e-05,0,8.278169843833894e-06,0,1.666757816565223e-05,0
490,0,72,medium,0.9984025359153748,1,2.2814068870502524e-05,0,2.827740718203131e-05,0,8.278169843833894e-06,0,1.666757816565223e-05,0
491,0,82,medium,0.9822356700897217,1,1.025645815388998e-05,0,2.9290691600181162e-05,0,2.5418654331588186e-05,0,3.084405398112722e-05,0
492,0,84,medium,0.9984809756278992,1,1.976656130864285e-05,0,3.902229218510911e-05,0,2.3558457542094402e-05,0,3.0352442990988493e-05,0
493,0,80,medium,0.9839922785758972,1,7.089682185323909e-06,0,3.3919684938155115e-05,0,2.8580996513483115e-05,0,3.199248749297112e-05,0
494,0,84,medium,0.9984809756278992,1,1.976656130864285e-05,0,3.902229218510911e-05,0,2.3558457542094402e-05,0,3.0352442990988493e-05,0
495,0,70,medium,0.9326624870300293,1,1.1709664249792695e-05,0,3.184871457051486e-05,0,2.6729641831479967e-05,0,3.4967688407050446e-05,0
496,0,72,medium,0.9984025359153748,1,2.2814068870502524e-05,0,2.827740718203131e-05,0,8.278169843833894e-06,0,1.666757816565223e-05,0
497,0,72,medium,0.9984025359153748,1,2.2814068870502524e-05,0,2.827740718203131e-05,0,8.278169843833894e-06,0,1.666757816565223e-05,0
498,0,80,medium,0.9497942924499512,1,1.4800266399106476e-05,0,3.5222248698119074e-05,0,1.563540536153596e-05,0,2.4575965653639287e-05,0
499,0,80,medium,0.9497942924499512,1,1.4800266399106476e-05,0,3.5222248698119074e-05,0,1.563540536153596e-05,0,2.4575965653639287e-05,0
500,0,80,medium,0.9839922785758972,1,7.089682185323909e-06,0,3.3919684938155115e-05,0,2.8580996513483115e-05,0,3.199248749297112e-05,0
501,0,70,medium,0.9326624870300293,1,1.1709664249792695e-05,0,3.184871457051486e-05,0,2.6729641831479967e-05,0,3.4967688407050446e-05,0
502,0,71,medium,0.009285596199333668,0,9.698205758468248e-06,0,2.5498968170722947e-05,0,8.46477814775426e-06,0,1.5804309441591613e-05,0
503,0,71,medium,0.009285596199333668,0,9.698205758468248e-06,0,2.5498968170722947e-05,0,8.46477814775426e-06,0,1.5804309441591613e-05,0
504,0,75,medium,0.03892527148127556,0,1.14751792352763e-05,0,2.9658485800609924e-05,0,1.861624332377687e-05,0,2.954632873297669e-05,0
505,0,80,medium,0.9839922785758972,1,7.089682185323909e-06,0,3.3919684938155115e-05,0,2.8580996513483115e-05,0,3.199248749297112e-05,0
506,0,82,medium,0.9822356700897217,1,1.025645815388998e-05,0,2.9290691600181162e-05,0,2.5418654331588186e-05,0,3.084405398112722e-05,0
507,0,84,medium,0.9984809756278992,1,1.976656130864285e-05,0,3.902229218510911e-05,0,2.3558457542094402e-05,0,3.0352442990988493e-05,0
508,0,84,medium,0.9984809756278992,1,1.976656130864285e-05,0,3.902229218510911e-05,0,2.3558457542094402e-05,0,3.0352442990988493e-05,0
509,0,70,medium,0.9326624870300293,1,1.1709664249792695e-05,0,3.184871457051486e-05,0,2.6729641831479967e-05,0,3.4967688407050446e-05,0
510,0,80,medium,0.9839922785758972,1,7.089682185323909e-06,0,3.3919684938155115e-05,0,2.8580996513483115e-05,0,3.199248749297112e-05,0
511,0,70,medium,0.9326624870300293,1,1.1709664249792695e-05,0,3.184871457051486e-05,0,2.6729641831479967e-05,0,3.4967688407050446e-05,0
512,0,72,medium,0.9984025359153748,1,2.2814068870502524e-05,0,2.8277352612349205e-05,0,8.278177119791508e-06,0,1.666757816565223e-05,0
513,0,72,medium,0.9984025359153748,1,2.2814068870502524e-05,0,2.8277352612349205e-05,0,8.278177119791508e-06,0,1.666757816565223e-05,0
514,0,82,medium,0.9822355508804321,1,1.025645815388998e-05,0,2.9290666134329513e-05,0,2.5418654331588186e-05,0,3.084405398112722e-05,0
515,0,70,medium,0.9326623678207397,1,1.1709664249792695e-05,0,3.1848743674345315e-05,0,2.6729590899776667e-05,0,3.496765566524118e-05,0
516,0,70,medium,0.9326623678207397,1,1.1709664249792695e-05,0,3.1848743674345315e-05,0,2.6729590899776667e-05,0,3.496765566524118e-05,0
517,0,82,medium,0.9822355508804321,1,1.025645815388998e-05,0,2.9290666134329513e-05,0,2.5418654331588186e-05,0,3.084405398112722e-05,0
518,0,72,medium,0.9984025359153748,1,2.2814068870502524e-05,0,2.8277352612349205e-05,0,8.278177119791508e-06,0,1.666757816565223e-05,0
519,0,80,medium,0.9497942924499512,1,1.4800266399106476e-05,0,3.5222248698119074e-05,0,1.5635419913451187e-05,0,2.457598748151213e-05,0
520,0,72,medium,0.9984025359153748,1,2.2814068870502524e-05,0,2.8277352612349205e-05,0,8.278177119791508e-06,0,1.666757816565223e-05,0
521,0,71,medium,0.009285609237849712,0,9.698205758468248e-06,0,2.5498968170722947e-05,0,8.46477814775426e-06,0,1.5804309441591613e-05,0
522,0,82,medium,0.9822355508804321,1,1.025645815388998e-05,0,2.9290666134329513e-05,0,2.5418654331588186e-05,0,3.084405398112722e-05,0
523,0,75,medium,0.038925252854824066,0,1.14751792352763e-05,0,2.9658513085450977e-05,0,1.8616259694681503e-05,0,2.954632873297669e-05,0
524,0,75,medium,0.038925252854824066,0,1.14751792352763e-05,0,2.9658513085450977e-05,0,1.8616259694681503e-05,0,2.954632873297669e-05,0
525,0,80,medium,0.9839922785758972,1,7.089682185323909e-06,0,3.3919684938155115e-05,0,2.8581049264175817e-05,0,3.199248749297112e-05,0
526,0,75,medium,0.038925252854824066,0,1.14751792352763e-05,0,2.9658513085450977e-05,0,1.8616259694681503e-05,0,2.954632873297669e-05,0
527,0,75,medium,0.038925252854824066,0,1.14751792352763e-05,0,2.9658513085450977e-05,0,1.8616259694681503e-05,0,2.954632873297669e-05,0
528,0,80,medium,0.9497942924499512,1,1.4800266399106476e-05,0,3.5222248698119074e-05,0,1.5635419913451187e-05,0,2.457598748151213e-05,0
529,0,80,medium,0.9839922785758972,1,7.089682185323909e-06,0,3.3919684938155115e-05,0,2.8581049264175817e-05,0,3.199248749297112e-05,0
530,0,82,medium,0.9822355508804321,1,1.025645815388998e-05,0,2.9290666134329513e-05,0,2.5418654331588186e-05,0,3.084405398112722e-05,0
531,0,80,medium,0.9839922785758972,1,7.089682185323909e-06,0,3.3919684938155115e-05,0,2.8581049264175817e-05,0,3.199248749297112e-05,0
532,0,71,medium,0.009285609237849712,0,9.698205758468248e-06,0,2.5498968170722947e-05,0,8.46477814775426e-06,0,1.5804309441591613e-05,0
533,0,71,medium,0.009285609237849712,0,9.698205758468248e-06,0,2.5498968170722947e-05,0,8.46477814775426e-06,0,1.5804309441591613e-05,0
534,0,80,medium,0.9497942924499512,1,1.4800266399106476e-05,0,3.5222248698119074e-05,0,1.5635419913451187e-05,0,2.457598748151213e-05,0
535,0,84,medium,0.9984809756278992,1,1.976656130864285e-05,0,3.902236494468525e-05,0,2.3558457542094402e-05,0,3.0352442990988493e-05,0
536,0,80,medium,0.9839922785758972,1,7.089682185323909e-06,0,3.3919684938155115e-05,0,2.8581049264175817e-05,0,3.199248749297112e-05,0
537,0,82,medium,0.9822355508804321,1,1.025645815388998e-05,0,2.9290666134329513e-05,0,2.5418654331588186e-05,0,3.084405398112722e-05,0
538,0,82,medium,0.9822355508804321,1,1.025645815388998e-05,0,2.9290666134329513e-05,0,2.5418654331588186e-05,0,3.084405398112722e-05,0
539,0,72,medium,0.9984025359153748,1,2.2814068870502524e-05,0,2.8277352612349205e-05,0,8.278177119791508e-06,0,1.666757816565223e-05,0
540,0,80,medium,0.9839922785758972,1,7.089682185323909e-06,0,3.3919684938155115e-05,0,2.8581049264175817e-05,0,3.199248749297112e-05,0
541,0,80,medium,0.9497942924499512,1,1.4800266399106476e-05,0,3.5222248698119074e-05,0,1.5635419913451187e-05,0,2.457598748151213e-05,0
542,0,80,medium,0.9497942924499512,1,1.4800266399106476e-05,0,3.5222248698119074e-05,0,1.5635419913451187e-05,0,2.457598748151213e-05,0
543,0,75,medium,0.038925252854824066,0,1.14751792352763e-05,0,2.9658513085450977e-05,0,1.8616259694681503e-05,0,2.954632873297669e-05,0
544,0,75,medium,0.038925252854824066,0,1.14751792352763e-05,0,2.9658513085450977e-05,0,1.8616259694681503e-05,0,2.954632873297669e-05,0
545,0,75,medium,0.038925252854824066,0,1.14751792352763e-05,0,2.9658513085450977e-05,0,1.8616259694681503e-05,0,2.954632873297669e-05,0
546,0,70,medium,0.9326623678207397,1,1.1709664249792695e-05,0,3.1848743674345315e-05,0,2.6729590899776667e-05,0,3.496765566524118e-05,0
547,0,80,medium,0.9497942924499512,1,1.4800266399106476e-05,0,3.5222248698119074e-05,0,1.5635419913451187e-05,0,2.457598748151213e-05,0
548,0,80,medium,0.9839922785758972,1,7.089682185323909e-06,0,3.3919684938155115e-05,0,2.8581049264175817e-05,0,3.199248749297112e-05,0
549,0,84,medium,0.9984809756278992,1,1.976656130864285e-05,0,3.902236494468525e-05,0,2.3558457542094402e-05,0,3.0352442990988493e-05,0
550,0,72,medium,0.9984025359153748,1,2.2814068870502524e-05,0,2.8277352612349205e-05,0,8.278177119791508e-06,0,1.666757816565223e-05,0
551,0,71,medium,0.009285609237849712,0,9.698205758468248e-06,0,2.5498968170722947e-05,0,8.46477814775426e-06,0,1.5804309441591613e-05,0
552,0,71,medium,0.009285609237849712,0,9.698205758468248e-06,0,2.5498968170722947e-05,0,8.46477814775426e-06,0,1.5804309441591613e-05,0
553,0,71,medium,0.009285609237849712,0,9.698205758468248e-06,0,2.5498968170722947e-05,0,8.46477814775426e-06,0,1.5804309441591613e-05,0
554,0,82,medium,0.9822355508804321,1,1.025645815388998e-05,0,2.9290666134329513e-05,0,2.5418654331588186e-05,0,3.084405398112722e-05,0
555,0,70,medium,0.9326623678207397,1,1.1709664249792695e-05,0,3.1848743674345315e-05,0,2.6729590899776667e-05,0,3.496765566524118e-05,0
556,0,82,medium,0.9822355508804321,1,1.025645815388998e-05,0,2.9290666134329513e-05,0,2.5418654331588186e-05,0,3.084405398112722e-05,0
557,0,82,medium,0.9822355508804321,1,1.025645815388998e-05,0,2.9290666134329513e-05,0,2.5418654331588186e-05,0,3.084405398112722e-05,0
558,0,82,medium,0.9822355508804321,1,1.025645815388998e-05,0,2.9290666134329513e-05,0,2.5418654331588186e-05,0,3.084405398112722e-05,0
559,0,71,medium,0.009285609237849712,0,9.698205758468248e-06,0,2.5498968170722947e-05,0,8.46477814775426e-06,0,1.5804309441591613e-05,0
560,0,84,medium,0.9984809756278992,1,1.976656130864285e-05,0,3.902236494468525e-05,0,2.3558457542094402e-05,0,3.0352442990988493e-05,0
561,0,80,medium,0.9497942924499512,1,1.4800266399106476e-05,0,3.5222248698119074e-05,0,1.5635419913451187e-05,0,2.457598748151213e-05,0
562,0,72,medium,0.9984025359153748,1,2.2814068870502524e-05,0,2.8277352612349205e-05,0,8.278177119791508e-06,0,1.666757816565223e-05,0
563,0,72,medium,0.9984025359153748,1,2.2814068870502524e-05,0,2.8277352612349205e-05,0,8.278177119791508e-06,0,1.666757816565223e-05,0
564,0,66,medium,0.017963668331503868,0,5.6618318922119215e-05,0,8.772314322413877e-05,0,2.5569586796336807e-05,0,7.618880772497505e-05,0
565,0,80,medium,0.9497942924499512,1,1.4800266399106476e-05,0,3.5222248698119074e-05,0,1.5635419913451187e-05,0,2.457598748151213e-05,0
566,0,84,medium,0.9984809756278992,1,1.976656130864285e-05,0,3.902236494468525e-05,0,2.3558457542094402e-05,0,3.0352442990988493e-05,0
567,0,80,medium,0.9497942924499512,1,1.4800266399106476e-05,0,3.5222248698119074e-05,0,1.5635419913451187e-05,0,2.457598748151213e-05,0
568,0,75,medium,0.038925252854824066,0,1.14751792352763e-05,0,2.9658513085450977e-05,0,1.8616259694681503e-05,0,2.954632873297669e-05,0
569,0,84,medium,0.9984809756278992,1,1.976656130864285e-05,0,3.902236494468525e-05,0,2.3558457542094402e-05,0,3.0352442990988493e-05,0
570,0,72,medium,0.9984025359153748,1,2.2814068870502524e-05,0,2.8277352612349205e-05,0,8.278177119791508e-06,0,1.666757816565223e-05,0
571,0,70,medium,0.9326623678207397,1,1.1709664249792695e-05,0,3.1848743674345315e-05,0,2.6729590899776667e-05,0,3.496765566524118e-05,0
572,0,70,medium,0.9326623678207397,1,1.1709664249792695e-05,0,3.1848743674345315e-05,0,2.6729590899776667e-05,0,3.496765566524118e-05,0
573,0,82,medium,0.9822355508804321,1,1.025645815388998e-05,0,2.9290666134329513e-05,0,2.5418654331588186e-05,0,3.084405398112722e-05,0
574,0,75,medium,0.038925252854824066,0,1.14751792352763e-05,0,2.9658513085450977e-05,0,1.8616259694681503e-05,0,2.954632873297669e-05,0
575,0,84,medium,0.9984809756278992,1,1.976656130864285e-05,0,3.902236494468525e-05,0,2.3558457542094402e-05,0,3.0352442990988493e-05,0
576,0,82,medium,0.9822356700897217,1,1.025645815388998e-05,0,2.9290691600181162e-05,0,2.5418654331588186e-05,0,3.084405398112722e-05,0
577,0,80,medium,0.9839922785758972,1,7.089682185323909e-06,0,3.3919684938155115e-05,0,2.8580996513483115e-05,0,3.199248749297112e-05,0
578,0,80,medium,0.9839922785758972,1,7.089682185323909e-06,0,3.3919684938155115e-05,0,2.8580996513483115e-05,0,3.199248749297112e-05,0
579,0,82,medium,0.9822356700897217,1,1.025645815388998e-05,0,2.9290691600181162e-05,0,2.5418654331588186e-05,0,3.084405398112722e-05,0
580,0,82,medium,0.9822356700897217,1,1.025645815388998e-05,0,2.9290691600181162e-05,0,2.5418654331588186e-05,0,3.084405398112722e-05,0
581,0,80,medium,0.9839922785758972,1,7.089682185323909e-06,0,3.3919684938155115e-05,0,2.8580996513483115e-05,0,3.199248749297112e-05,0
582,0,75,medium,0.03892527148127556,0,1.14751792352763e-05,0,2.9658485800609924e-05,0,1.861624332377687e-05,0,2.954632873297669e-05,0
583,0,71,medium,0.009285596199333668,0,9.698205758468248e-06,0,2.5498968170722947e-05,0,8.46477814775426e-06,0,1.5804309441591613e-05,0
584,0,75,medium,0.03892527148127556,0,1.14751792352763e-05,0,2.9658485800609924e-05,0,1.861624332377687e-05,0,2.954632873297669e-05,0
585,0,70,medium,0.9326624870300293,1,1.1709664249792695e-05,0,3.184871457051486e-05,0,2.6729641831479967e-05,0,3.4967688407050446e-05,0
586,0,84,medium,0.9984809756278992,1,1.976656130864285e-05,0,3.902229218510911e-05,0,2.3558457542094402e-05,0,3.0352442990988493e-05,0
587,0,80,medium,0.9497942924499512,1,1.4800266399106476e-05,0,3.5222248698119074e-05,0,1.563540536153596e-05,0,2.4575965653639287e-05,0
588,0,84,medium,0.9984809756278992,1,1.976656130864285e-05,0,3.902229218510911e-05,0,2.3558457542094402e-05,0,3.0352442990988493e-05,0
589,0,84,medium,0.9984809756278992,1,1.976656130864285e-05,0,3.902229218510911e-05,0,2.3558457542094402e-05,0,3.0352442990988493e-05,0
590,0,84,medium,0.9984809756278992,1,1.976656130864285e-05,0,3.902229218510911e-05,0,2.3558457542094402e-05,0,3.0352442990988493e-05,0
591,0,71,medium,0.009285596199333668,0,9.698205758468248e-06,0,2.5498968170722947e-05,0,8.46477814775426e-06,0,1.5804309441591613e-05,0
592,0,75,medium,0.03892527148127556,0,1.14751792352763e-05,0,2.9658485800609924e-05,0,1.861624332377687e-05,0,2.954632873297669e-05,0
593,0,82,medium,0.9822356700897217,1,1.025645815388998e-05,0,2.9290691600181162e-05,0,2.5418654331588186e-05,0,3.084405398112722e-05,0
594,0,71,medium,0.009285596199333668,0,9.698205758468248e-06,0,2.5498968170722947e-05,0,8.46477814775426e-06,0,1.5804309441591613e-05,0
595,0,80,medium,0.9839922785758972,1,7.089682185323909e-06,0,3.3919684938155115e-05,0,2.8580996513483115e-05,0,3.199248749297112e-05,0
596,0,80,medium,0.9497942924499512,1,1.4800266399106476e-05,0,3.5222248698119074e-05,0,1.563540536153596e-05,0,2.4575965653639287e-05,0
597,0,72,medium,0.9984025359153748,1,2.2814068870502524e-05,0,2.827740718203131e-05,0,8.278169843833894e-06,0,1.666757816565223e-05,0
598,0,80,medium,0.9839922785758972,1,7.089682185323909e-06,0,3.3919684938155115e-05,0,2.8580996513483115e-05,0,3.199248749297112e-05,0
599,0,72,medium,0.9984025359153748,1,2.2814068870502524e-05,0,2.827740718203131e-05,0,8.278169843833894e-06,0,1.666757816565223e-05,0
600,0,80,medium,0.9497942924499512,1,1.4800266399106476e-05,0,3.5222248698119074e-05,0,1.563540536153596e-05,0,2.4575965653639287e-05,0
601,0,80,medium,0.9839922785758972,1,7.089682185323909e-06,0,3.3919684938155115e-05,0,2.8580996513483115e-05,0,3.199248749297112e-05,0
602,0,70,medium,0.9326624870300293,1,1.1709664249792695e-05,0,3.184871457051486e-05,0,2.6729641831479967e-05,0,3.4967688407050446e-05,0
603,0,71,medium,0.009285596199333668,0,9.698205758468248e-06,0,2.5498968170722947e-05,0,8.46477814775426e-06,0,1.5804309441591613e-05,0
604,0,70,medium,0.9326624870300293,1,1.1709664249792695e-05,0,3.184871457051486e-05,0,2.6729641831479967e-05,0,3.4967688407050446e-05,0
605,0,80,medium,0.9497942924499512,1,1.4800266399106476e-05,0,3.5222248698119074e-05,0,1.563540536153596e-05,0,2.4575965653639287e-05,0
606,0,71,medium,0.009285596199333668,0,9.698205758468248e-06,0,2.5498968170722947e-05,0,8.46477814775426e-06,0,1.5804309441591613e-05,0
607,0,72,medium,0.9984025359153748,1,2.2814068870502524e-05,0,2.827740718203131e-05,0,8.278169843833894e-06,0,1.666757816565223e-05,0
608,0,80,medium,0.9839922785758972,1,7.089682185323909e-06,0,3.3919684938155115e-05,0,2.8580996513483115e-05,0,3.199248749297112e-05,0
609,0,72,medium,0.9984025359153748,1,2.2814068870502524e-05,0,2.827740718203131e-05,0,8.278169843833894e-06,0,1.666757816565223e-05,0
610,0,82,medium,0.9822356700897217,1,1.025645815388998e-05,0,2.9290691600181162e-05,0,2.5418654331588186e-05,0,3.084405398112722e-05,0
611,0,72,medium,0.9984025359153748,1,2.2814068870502524e-05,0,2.827740718203131e-05,0,8.278169843833894e-06,0,1.666757816565223e-05,0
612,0,72,medium,0.9984025359153748,1,2.2814068870502524e-05,0,2.827740718203131e-05,0,8.278169843833894e-06,0,1.666757816565223e-05,0
613,0,80,medium,0.9497942924499512,1,1.4800266399106476e-05,0,3.5222248698119074e-05,0,1.563540536153596e-05,0,2.4575965653639287e-05,0
614,0,82,medium,0.9822356700897217,1,1.025645815388998e-05,0,2.9290691600181162e-05,0,2.5418654331588186e-05,0,3.084405398112722e-05,0
615,0,84,medium,0.9984809756278992,1,1.976656130864285e-05,0,3.902229218510911e-05,0,2.3558457542094402e-05,0,3.0352442990988493e-05,0
616,0,82,medium,0.9822356700897217,1,1.025645815388998e-05,0,2.9290691600181162e-05,0,2.5418654331588186e-05,0,3.084405398112722e-05,0
617,0,72,medium,0.9984025359153748,1,2.2814068870502524e-05,0,2.827740718203131e-05,0,8.278169843833894e-06,0,1.666757816565223e-05,0
618,0,71,medium,0.009285596199333668,0,9.698205758468248e-06,0,2.5498968170722947e-05,0,8.46477814775426e-06,0,1.5804309441591613e-05,0
619,0,82,medium,0.9822356700897217,1,1.025645815388998e-05,0,2.9290691600181162e-05,0,2.5418654331588186e-05,0,3.084405398112722e-05,0
620,0,72,medium,0.9984025359153748,1,2.2814068870502524e-05,0,2.827740718203131e-05,0,8.278169843833894e-06,0,1.666757816565223e-05,0
621,0,80,medium,0.9497942924499512,1,1.4800266399106476e-05,0,3.5222248698119074e-05,0,1.563540536153596e-05,0,2.4575965653639287e-05,0
622,0,80,medium,0.9497942924499512,1,1.4800266399106476e-05,0,3.5222248698119074e-05,0,1.563540536153596e-05,0,2.4575965653639287e-05,0
623,0,75,medium,0.03892527148127556,0,1.14751792352763e-05,0,2.9658485800609924e-05,0,1.861624332377687e-05,0,2.954632873297669e-05,0
624,0,75,medium,0.03892527148127556,0,1.14751792352763e-05,0,2.9658485800609924e-05,0,1.861624332377687e-05,0,2.954632873297669e-05,0
625,0,75,medium,0.03892527148127556,0,1.14751792352763e-05,0,2.9658485800609924e-05,0,1.861624332377687e-05,0,2.954632873297669e-05,0
626,0,70,medium,0.9326624870300293,1,1.1709664249792695e-05,0,3.184871457051486e-05,0,2.6729641831479967e-05,0,3.4967688407050446e-05,0
627,0,84,medium,0.9984809756278992,1,1.976656130864285e-05,0,3.902229218510911e-05,0,2.3558457542094402e-05,0,3.0352442990988493e-05,0
628,0,72,medium,0.9984025359153748,1,2.2814068870502524e-05,0,2.827740718203131e-05,0,8.278169843833894e-06,0,1.666757816565223e-05,0
629,0,71,medium,0.009285596199333668,0,9.698205758468248e-06,0,2.5498968170722947e-05,0,8.46477814775426e-06,0,1.5804309441591613e-05,0
630,0,80,medium,0.9839922785758972,1,7.089682185323909e-06,0,3.3919684938155115e-05,0,2.8580996513483115e-05,0,3.199248749297112e-05,0
631,0,72,medium,0.9984025359153748,1,2.2814068870502524e-05,0,2.827740718203131e-05,0,8.278169843833894e-06,0,1.666757816565223e-05,0
632,0,84,medium,0.9984809756278992,1,1.976656130864285e-05,0,3.902229218510911e-05,0,2.3558457542094402e-05,0,3.0352442990988493e-05,0
633,0,80,medium,0.9497942924499512,1,1.4800266399106476e-05,0,3.5222248698119074e-05,0,1.563540536153596e-05,0,2.4575965653639287e-05,0
634,0,80,medium,0.9497942924499512,1,1.4800266399106476e-05,0,3.5222248698119074e-05,0,1.563540536153596e-05,0,2.4575965653639287e-05,0
635,0,72,medium,0.9984025359153748,1,2.2814068870502524e-05,0,2.827740718203131e-05,0,8.278169843833894e-06,0,1.666757816565223e-05,0
636,0,80,medium,0.9839922785758972,1,7.089682185323909e-06,0,3.3919684938155115e-05,0,2.8580996513483115e-05,0,3.199248749297112e-05,0
637,0,84,medium,0.9984809756278992,1,1.976656130864285e-05,0,3.902229218510911e-05,0,2.3558457542094402e-05,0,3.0352442990988493e-05,0
638,0,71,medium,0.009285596199333668,0,9.698205758468248e-06,0,2.5498968170722947e-05,0,8.46477814775426e-06,0,1.5804309441591613e-05,0
639,0,72,medium,0.9984025359153748,1,2.2814068870502524e-05,0,2.827740718203131e-05,0,8.278169843833894e-06,0,1.666757816565223e-05,0
640,0,71,medium,0.009285596199333668,0,9.698205758468248e-06,0,2.5498968170722947e-05,0,8.46477814775426e-06,0,1.5804309441591613e-05,0
641,0,80,medium,0.9497942924499512,1,1.4800266399106476e-05,0,3.5222248698119074e-05,0,1.563540536153596e-05,0,2.4575965653639287e-05,0
642,0,80,medium,0.9839922785758972,1,7.089682185323909e-06,0,3.3919684938155115e-05,0,2.8580996513483115e-05,0,3.199248749297112e-05,0
643,0,82,medium,0.9822356700897217,1,1.025645815388998e-05,0,2.9290691600181162e-05,0,2.5418654331588186e-05,0,3.084405398112722e-05,0
644,0,82,medium,0.9822356700897217,1,1.025645815388998e-05,0,2.9290691600181162e-05,0,2.5418654331588186e-05,0,3.084405398112722e-05,0
645,0,71,medium,0.009285596199333668,0,9.698205758468248e-06,0,2.5498968170722947e-05,0,8.46477814775426e-06,0,1.5804309441591613e-05,0
646,0,80,medium,0.9839922785758972,1,7.089682185323909e-06,0,3.3919684938155115e-05,0,2.8580996513483115e-05,0,3.199248749297112e-05,0
647,0,82,medium,0.9822356700897217,1,1.025645815388998e-05,0,2.9290691600181162e-05,0,2.5418654331588186e-05,0,3.084405398112722e-05,0
648,0,75,medium,0.03892527148127556,0,1.14751792352763e-05,0,2.9658485800609924e-05,0,1.861624332377687e-05,0,2.954632873297669e-05,0
649,0,75,medium,0.03892527148127556,0,1.14751792352763e-05,0,2.9658485800609924e-05,0,1.861624332377687e-05,0,2.954632873297669e-05,0
650,0,75,medium,0.03892527148127556,0,1.14751792352763e-05,0,2.9658485800609924e-05,0,1.861624332377687e-05,0,2.954632873297669e-05,0
651,0,70,medium,0.9326624870300293,1,1.1709664249792695e-05,0,3.184871457051486e-05,0,2.6729641831479967e-05,0,3.4967688407050446e-05,0
652,0,82,medium,0.9822356700897217,1,1.025645815388998e-05,0,2.9290691600181162e-05,0,2.5418654331588186e-05,0,3.084405398112722e-05,0
653,0,80,medium,0.9839922785758972,1,7.089682185323909e-06,0,3.3919684938155115e-05,0,2.8580996513483115e-05,0,3.199248749297112e-05,0
654,0,84,medium,0.9984809756278992,1,1.976656130864285e-05,0,3.902229218510911e-05,0,2.3558457542094402e-05,0,3.0352442990988493e-05,0
655,0,82,medium,0.9822356700897217,1,1.025645815388998e-05,0,2.9290691600181162e-05,0,2.5418654331588186e-05,0,3.084405398112722e-05,0
656,0,70,medium,0.9326624870300293,1,1.1709664249792695e-05,0,3.184871457051486e-05,0,2.6729641831479967e-05,0,3.4967688407050446e-05,0
657,0,80,medium,0.9839922785758972,1,7.089682185323909e-06,0,3.3919684938155115e-05,0,2.8580996513483115e-05,0,3.199248749297112e-05,0
658,0,71,medium,0.009285596199333668,0,9.698205758468248e-06,0,2.5498968170722947e-05,0,8.46477814775426e-06,0,1.5804309441591613e-05,0
659,0,82,medium,0.9822356700897217,1,1.025645815388998e-05,0,2.9290691600181162e-05,0,2.5418654331588186e-05,0,3.084405398112722e-05,0
660,0,70,medium,0.9326624870300293,1,1.1709664249792695e-05,0,3.184871457051486e-05,0,2.6729641831479967e-05,0,3.4967688407050446e-05,0
661,0,70,medium,0.9326624870300293,1,1.1709664249792695e-05,0,3.184871457051486e-05,0,2.6729641831479967e-05,0,3.4967688407050446e-05,0
662,0,75,medium,0.03892527148127556,0,1.14751792352763e-05,0,2.9658485800609924e-05,0,1.861624332377687e-05,0,2.954632873297669e-05,0
663,0,84,medium,0.9984809756278992,1,1.976656130864285e-05,0,3.902229218510911e-05,0,2.3558457542094402e-05,0,3.0352442990988493e-05,0
664,0,80,medium,0.9839922785758972,1,7.089682185323909e-06,0,3.3919684938155115e-05,0,2.8580996513483115e-05,0,3.199248749297112e-05,0
665,0,72,medium,0.9984025359153748,1,2.2814068870502524e-05,0,2.827740718203131e-05,0,8.278169843833894e-06,0,1.666757816565223e-05,0
666,0,72,medium,0.9984025359153748,1,2.2814068870502524e-05,0,2.827740718203131e-05,0,8.278169843833894e-06,0,1.666757816565223e-05,0
667,0,80,medium,0.9497942924499512,1,1.4800266399106476e-05,0,3.5222248698119074e-05,0,1.563540536153596e-05,0,2.4575965653639287e-05,0
668,0,82,medium,0.9822356700897217,1,1.025645815388998e-05,0,2.9290691600181162e-05,0,2.5418654331588186e-05,0,3.084405398112722e-05,0
669,0,75,medium,0.03892527148127556,0,1.14751792352763e-05,0,2.9658485800609924e-05,0,1.861624332377687e-05,0,2.954632873297669e-05,0
670,0,80,medium,0.9497942924499512,1,1.4800266399106476e-05,0,3.5222248698119074e-05,0,1.563540536153596e-05,0,2.4575965653639287e-05,0
671,0,82,medium,0.9822356700897217,1,1.025645815388998e-05,0,2.9290691600181162e-05,0,2.5418654331588186e-05,0,3.084405398112722e-05,0
672,0,71,medium,0.009285596199333668,0,9.698205758468248e-06,0,2.5498968170722947e-05,0,8.46477814775426e-06,0,1.5804309441591613e-05,0
673,0,71,medium,0.009285596199333668,0,9.698205758468248e-06,0,2.5498968170722947e-05,0,8.46477814775426e-06,0,1.5804309441591613e-05,0
674,0,80,medium,0.9839922785758972,1,7.089682185323909e-06,0,3.3919684938155115e-05,0,2.8580996513483115e-05,0,3.199248749297112e-05,0
675,0,84,medium,0.9984809756278992,1,1.976656130864285e-05,0,3.902229218510911e-05,0,2.3558457542094402e-05,0,3.0352442990988493e-05,0
676,0,72,medium,0.9984025359153748,1,2.2814068870502524e-05,0,2.827740718203131e-05,0,8.278169843833894e-06,0,1.666757816565223e-05,0
677,0,71,medium,0.009285596199333668,0,9.698205758468248e-06,0,2.5498968170722947e-05,0,8.46477814775426e-06,0,1.5804309441591613e-05,0
678,0,84,medium,0.9984809756278992,1,1.976656130864285e-05,0,3.902229218510911e-05,0,2.3558457542094402e-05,0,3.0352442990988493e-05,0
679,0,80,medium,0.9497942924499512,1,1.4800266399106476e-05,0,3.5222248698119074e-05,0,1.563540536153596e-05,0,2.4575965653639287e-05,0
680,0,75,medium,0.03892527148127556,0,1.14751792352763e-05,0,2.9658485800609924e-05,0,1.861624332377687e-05,0,2.954632873297669e-05,0
681,0,71,medium,0.009285596199333668,0,9.698205758468248e-06,0,2.5498968170722947e-05,0,8.46477814775426e-06,0,1.5804309441591613e-05,0
682,0,72,medium,0.9984025359153748,1,2.2814068870502524e-05,0,2.827740718203131e-05,0,8.278169843833894e-06,0,1.666757816565223e-05,0
683,0,71,medium,0.009285596199333668,0,9.698205758468248e-06,0,2.5498968170722947e-05,0,8.46477814775426e-06,0,1.5804309441591613e-05,0
684,0,72,medium,0.9984025359153748,1,2.2814068870502524e-05,0,2.827740718203131e-05,0,8.278169843833894e-06,0,1.666757816565223e-05,0
685,0,75,medium,0.03892527148127556,0,1.14751792352763e-05,0,2.9658485800609924e-05,0,1.861624332377687e-05,0,2.954632873297669e-05,0
686,0,75,medium,0.03892527148127556,0,1.14751792352763e-05,0,2.9658485800609924e-05,0,1.861624332377687e-05,0,2.954632873297669e-05,0
687,0,71,medium,0.009285596199333668,0,9.698205758468248e-06,0,2.5498968170722947e-05,0,8.46477814775426e-06,0,1.5804309441591613e-05,0
688,0,72,medium,0.9984025359153748,1,2.2814068870502524e-05,0,2.827740718203131e-05,0,8.278169843833894e-06,0,1.666757816565223e-05,0
689,0,75,medium,0.03892527148127556,0,1.14751792352763e-05,0,2.9658485800609924e-05,0,1.861624332377687e-05,0,2.954632873297669e-05,0
690,0,72,medium,0.9984025359153748,1,2.2814068870502524e-05,0,2.827740718203131e-05,0,8.278169843833894e-06,0,1.666757816565223e-05,0
691,0,80,medium,0.9839922785758972,1,7.089682185323909e-06,0,3.3919684938155115e-05,0,2.8580996513483115e-05,0,3.199248749297112e-05,0
692,0,72,medium,0.9984025359153748,1,2.2814068870502524e-05,0,2.827740718203131e-05,0,8.278169843833894e-06,0,1.666757816565223e-05,0
693,0,72,medium,0.9984025359153748,1,2.2814068870502524e-05,0,2.827740718203131e-05,0,8.278169843833894e-06,0,1.666757816565223e-05,0
694,0,80,medium,0.9839922785758972,1,7.089682185323909e-06,0,3.3919684938155115e-05,0,2.8580996513483115e-05,0,3.199248749297112e-05,0
695,0,80,medium,0.9497942924499512,1,1.4800266399106476e-05,0,3.5222248698119074e-05,0,1.563540536153596e-05,0,2.4575965653639287e-05,0
696,0,71,medium,0.009285596199333668,0,9.698205758468248e-06,0,2.5498968170722947e-05,0,8.46477814775426e-06,0,1.5804309441591613e-05,0
697,0,75,medium,0.03892527148127556,0,1.14751792352763e-05,0,2.9658485800609924e-05,0,1.861624332377687e-05,0,2.954632873297669e-05,0
698,0,80,medium,0.9497942924499512,1,1.4800266399106476e-05,0,3.5222248698119074e-05,0,1.563540536153596e-05,0,2.4575965653639287e-05,0
699,0,80,medium,0.9497942924499512,1,1.4800266399106476e-05,0,3.5222248698119074e-05,0,1.563540536153596e-05,0,2.4575965653639287e-05,0
700,0,75,medium,0.03892527148127556,0,1.14751792352763e-05,0,2.9658485800609924e-05,0,1.861624332377687e-05,0,2.954632873297669e-05,0
701,0,84,medium,0.9984809756278992,1,1.976656130864285e-05,0,3.902229218510911e-05,0,2.3558457542094402e-05,0,3.0352442990988493e-05,0
702,0,80,medium,0.9839922785758972,1,7.089682185323909e-06,0,3.3919684938155115e-05,0,2.8580996513483115e-05,0,3.199248749297112e-05,0
703,0,80,medium,0.9839922785758972,1,7.089682185323909e-06,0,3.3919684938155115e-05,0,2.8580996513483115e-05,0,3.199248749297112e-05,0
704,0,72,medium,0.9984025359153748,1,2.2814068870502524e-05,0,2.827738171617966e-05,0,8.278169843833894e-06,0,1.666757816565223e-05,0
705,0,71,medium,0.00928560458123684,0,9.698205758468248e-06,0,2.5498968170722947e-05,0,8.46479360916419e-06,0,1.5804309441591613e-05,0
706,0,70,medium,0.9326623678207397,1,1.1709664249792695e-05,0,3.18486854666844e-05,0,2.6729641831479967e-05,0,3.4967688407050446e-05,0
707,0,84,medium,0.9984809756278992,1,1.976656130864285e-05,0,3.902236494468525e-05,0,2.3558457542094402e-05,0,3.035241570614744e-05,0
708,0,82,medium,0.9822355508804321,1,1.025645815388998e-05,0,2.9290691600181162e-05,0,2.5418654331588186e-05,0,3.084405398112722e-05,0
709,0,75,medium,0.03892521560192108,0,1.14751792352763e-05,0,2.9658456696779467e-05,0,1.861624332377687e-05,0,2.954632873297669e-05,0
710,0,72,medium,0.9984025359153748,1,2.2814068870502524e-05,0,2.827738171617966e-05,0,8.278169843833894e-06,0,1.666757816565223e-05,0
711,0,80,medium,0.9497942924499512,1,1.4800266399106476e-05,0,3.5222248698119074e-05,0,1.563540536153596e-05,0,2.457594200677704e-05,0
712,0,80,medium,0.9497942924499512,1,1.4800266399106476e-05,0,3.5222248698119074e-05,0,1.563540536153596e-05,0,2.457594200677704e-05,0
713,0,82,medium,0.9822355508804321,1,1.025645815388998e-05,0,2.9290691600181162e-05,0,2.5418654331588186e-05,0,3.084405398112722e-05,0
714,0,71,medium,0.00928560458123684,0,9.698205758468248e-06,0,2.5498968170722947e-05,0,8.46479360916419e-06,0,1.5804309441591613e-05,0
715,0,75,medium,0.03892521560192108,0,1.14751792352763e-05,0,2.9658456696779467e-05,0,1.861624332377687e-05,0,2.954632873297669e-05,0
716,0,75,medium,0.03892521560192108,0,1.14751792352763e-05,0,2.9658456696779467e-05,0,1.861624332377687e-05,0,2.954632873297669e-05,0
717,0,84,medium,0.9984809756278992,1,1.976656130864285e-05,0,3.902236494468525e-05,0,2.3558457542094402e-05,0,3.035241570614744e-05,0
718,0,72,medium,0.9984025359153748,1,2.2814068870502524e-05,0,2.827738171617966e-05,0,8.278169843833894e-06,0,1.666757816565223e-05,0
719,0,80,medium,0.9497942924499512,1,1.4800266399106476e-05,0,3.5222248698119074e-05,0,1.563540536153596e-05,0,2.457594200677704e-05,0
720,0,80,medium,0.9497942924499512,1,1.4800266399106476e-05,0,3.5222248698119074e-05,0,1.563540536153596e-05,0,2.457594200677704e-05,0
721,0,71,medium,0.00928560458123684,0,9.698205758468248e-06,0,2.5498968170722947e-05,0,8.46479360916419e-06,0,1.5804309441591613e-05,0
722,0,80,medium,0.9497942924499512,1,1.4800266399106476e-05,0,3.5222248698119074e-05,0,1.563540536153596e-05,0,2.457594200677704e-05,0
723,0,84,medium,0.9984809756278992,1,1.976656130864285e-05,0,3.902236494468525e-05,0,2.3558457542094402e-05,0,3.035241570614744e-05,0
724,0,72,medium,0.9984025359153748,1,2.2814068870502524e-05,0,2.827738171617966e-05,0,8.278169843833894e-06,0,1.666757816565223e-05,0
725,0,80,medium,0.9839922785758972,1,7.089682185323909e-06,0,3.3919684938155115e-05,0,2.8581049264175817e-05,0,3.199248749297112e-05,0
726,0,71,medium,0.00928560458123684,0,9.698205758468248e-06,0,2.5498968170722947e-05,0,8.46479360916419e-06,0,1.5804309441591613e-05,0
727,0,70,medium,0.9326623678207397,1,1.1709664249792695e-05,0,3.18486854666844e-05,0,2.6729641831479967e-05,0,3.4967688407050446e-05,0
728,0,80,medium,0.9839922785758972,1,7.089682185323909e-06,0,3.3919684938155115e-05,0,2.8581049264175817e-05,0,3.199248749297112e-05,0
729,0,82,medium,0.9822355508804321,1,1.025645815388998e-05,0,2.9290691600181162e-05,0,2.5418654331588186e-05,0,3.084405398112722e-05,0
730,0,72,medium,0.9984025359153748,1,2.2814068870502524e-05,0,2.827738171617966e-05,0,8.278169843833894e-06,0,1.666757816565223e-05,0
731,0,80,medium,0.9839922785758972,1,7.089682185323909e-06,0,3.3919684938155115e-05,0,2.8581049264175817e-05,0,3.199248749297112e-05,0
732,0,75,medium,0.03892521560192108,0,1.14751792352763e-05,0,2.9658456696779467e-05,0,1.861624332377687e-05,0,2.954632873297669e-05,0
733,0,82,medium,0.9822355508804321,1,1.025645815388998e-05,0,2.9290691600181162e-05,0,2.5418654331588186e-05,0,3.084405398112722e-05,0
734,0,72,medium,0.9984025359153748,1,2.2814068870502524e-05,0,2.827738171617966e-05,0,8.278169843833894e-06,0,1.666757816565223e-05,0
735,0,71,medium,0.00928560458123684,0,9.698205758468248e-06,0,2.5498968170722947e-05,0,8.46479360916419e-06,0,1.5804309441591613e-05,0
736,0,75,medium,0.03892521560192108,0,1.14751792352763e-05,0,2.9658456696779467e-05,0,1.861624332377687e-05,0,2.954632873297669e-05,0
737,0,80,medium,0.9497942924499512,1,1.4800266399106476e-05,0,3.5222248698119074e-05,0,1.563540536153596e-05,0,2.457594200677704e-05,0
738,0,80,medium,0.9497942924499512,1,1.4800266399106476e-05,0,3.5222248698119074e-05,0,1.563540536153596e-05,0,2.457594200677704e-05,0
739,0,71,medium,0.00928560458123684,0,9.698205758468248e-06,0,2.5498968170722947e-05,0,8.46479360916419e-06,0,1.5804309441591613e-05,0
740,0,80,medium,0.9839922785758972,1,7.089682185323909e-06,0,3.3919684938155115e-05,0,2.8581049264175817e-05,0,3.199248749297112e-05,0
741,0,84,medium,0.9984809756278992,1,1.976656130864285e-05,0,3.902236494468525e-05,0,2.3558457542094402e-05,0,3.035241570614744e-05,0
742,0,72,medium,0.9984025359153748,1,2.2814068870502524e-05,0,2.827738171617966e-05,0,8.278169843833894e-06,0,1.666757816565223e-05,0
743,0,84,medium,0.9984809756278992,1,1.976656130864285e-05,0,3.902236494468525e-05,0,2.3558457542094402e-05,0,3.035241570614744e-05,0
744,0,75,medium,0.03892521560192108,0,1.14751792352763e-05,0,2.9658456696779467e-05,0,1.861624332377687e-05,0,2.954632873297669e-05,0
745,0,80,medium,0.9497942924499512,1,1.4800266399106476e-05,0,3.5222248698119074e-05,0,1.563540536153596e-05,0,2.457594200677704e-05,0
746,0,80,medium,0.9839922785758972,1,7.089682185323909e-06,0,3.3919684938155115e-05,0,2.8581049264175817e-05,0,3.199248749297112e-05,0
747,0,75,medium,0.03892521560192108,0,1.14751792352763e-05,0,2.9658456696779467e-05,0,1.861624332377687e-05,0,2.954632873297669e-05,0
748,0,82,medium,0.9822355508804321,1,1.025645815388998e-05,0,2.9290691600181162e-05,0,2.5418654331588186e-05,0,3.084405398112722e-05,0
749,0,80,medium,0.9497942924499512,1,1.4800266399106476e-05,0,3.5222248698119074e-05,0,1.563540536153596e-05,0,2.457594200677704e-05,0
750,0,101,long,0.9807302951812744,1,8.086353773251176e-06,0,2.2559985154657625e-05,0,7.380217994068516e-06,0,1.3906533240515273e-05,0
751,0,101,long,0.9807302951812744,1,8.086353773251176e-06,0,2.2559985154657625e-05,0,7.380217994068516e-06,0,1.3906533240515273e-05,0
752,0,101,long,0.9807302951812744,1,8.086353773251176e-06,0,2.2559985154657625e-05,0,7.380217994068516e-06,0,1.3906533240515273e-05,0
753,0,92,long,0.21606382727622986,0,1.2081904969818424e-05,0,2.8702626877930015e-05,0,2.9758522941847332e-05,0,3.6305427784100175e-05,0
754,0,101,long,0.9807302951812744,1,8.086353773251176e-06,0,2.2559985154657625e-05,0,7.380217994068516e-06,0,1.3906533240515273e-05,0
755,0,101,long,0.9807302951812744,1,8.086353773251176e-06,0,2.2559985154657625e-05,0,7.380217994068516e-06,0,1.3906533240515273e-05,0
756,0,101,long,0.9807302951812744,1,8.086353773251176e-06,0,2.2559985154657625e-05,0,7.380217994068516e-06,0,1.3906533240515273e-05,0
757,0,101,long,0.9807302951812744,1,8.086353773251176e-06,0,2.2559985154657625e-05,0,7.380217994068516e-06,0,1.3906533240515273e-05,0
758,0,101,long,0.9807302951812744,1,8.086353773251176e-06,0,2.2559985154657625e-05,0,7.380217994068516e-06,0,1.3906533240515273e-05,0
759,0,92,long,0.21606382727622986,0,1.2081904969818424e-05,0,2.8702626877930015e-05,0,2.9758522941847332e-05,0,3.6305427784100175e-05,0
760,0,92,long,0.21606382727622986,0,1.2081904969818424e-05,0,2.8702626877930015e-05,0,2.9758522941847332e-05,0,3.6305427784100175e-05,0
761,0,92,long,0.21606382727622986,0,1.2081904969818424e-05,0,2.8702626877930015e-05,0,2.9758522941847332e-05,0,3.6305427784100175e-05,0
762,0,101,long,0.9807302951812744,1,8.086353773251176e-06,0,2.2559985154657625e-05,0,7.380217994068516e-06,0,1.3906533240515273e-05,0
763,0,94,long,0.006786086596548557,0,3.884010584442876e-05,0,0.00022564535902347416,0,7.700998685322702e-05,0,0.00017711595864966512,0
764,0,101,long,0.9807302951812744,1,8.086353773251176e-06,0,2.2559985154657625e-05,0,7.380217994068516e-06,0,1.3906533240515273e-05,0
765,0,101,long,0.9807302951812744,1,8.086353773251176e-06,0,2.2559985154657625e-05,0,7.380217994068516e-06,0,1.3906533240515273e-05,0
766,0,92,long,0.21606382727622986,0,1.2081904969818424e-05,0,2.8702626877930015e-05,0,2.9758522941847332e-05,0,3.6305427784100175e-05,0
767,0,92,long,0.21606382727622986,0,1.2081904969818424e-05,0,2.8702626877930015e-05,0,2.9758522941847332e-05,0,3.6305427784100175e-05,0
768,0,101,long,0.9807302951812744,1,8.086353773251176e-06,0,2.2559985154657625e-05,0,7.380217994068516e-06,0,1.3906533240515273e-05,0
769,0,101,long,0.9807302951812744,1,8.086353773251176e-06,0,2.2559985154657625e-05,0,7.380217994068516e-06,0,1.3906533240515273e-05,0
770,0,101,long,0.9807302951812744,1,8.086353773251176e-06,0,2.2559985154657625e-05,0,7.380217994068516e-06,0,1.3906533240515273e-05,0
771,0,101,long,0.9807302951812744,1,8.086353773251176e-06,0,2.2559985154657625e-05,0,7.380217994068516e-06,0,1.3906533240515273e-05,0
772,0,101,long,0.9807302951812744,1,8.086353773251176e-06,0,2.2559985154657625e-05,0,7.380217994068516e-06,0,1.3906533240515273e-05,0
773,0,101,long,0.9807302951812744,1,8.086353773251176e-06,0,2.2559985154657625e-05,0,7.380217994068516e-06,0,1.3906533240515273e-05,0
774,0,92,long,0.21606382727622986,0,1.2081904969818424e-05,0,2.8702626877930015e-05,0,2.9758522941847332e-05,0,3.6305427784100175e-05,0
775,0,101,long,0.9807302951812744,1,8.086353773251176e-06,0,2.2559985154657625e-05,0,7.380217994068516e-06,0,1.3906533240515273e-05,0
776,0,92,long,0.21606382727622986,0,1.2081904969818424e-05,0,2.8702626877930015e-05,0,2.9758522941847332e-05,0,3.6305427784100175e-05,0
777,0,92,long,0.21606382727622986,0,1.2081904969818424e-05,0,2.8702626877930015e-05,0,2.9758522941847332e-05,0,3.6305427784100175e-05,0
778,0,101,long,0.9807302951812744,1,8.086353773251176e-06,0,2.2559985154657625e-05,0,7.380217994068516e-06,0,1.3906533240515273e-05,0
779,0,101,long,0.9807302951812744,1,8.086353773251176e-06,0,2.2559985154657625e-05,0,7.380217994068516e-06,0,1.3906533240515273e-05,0
780,0,101,long,0.9807302951812744,1,8.086353773251176e-06,0,2.2559985154657625e-05,0,7.380217994068516e-06,0,1.3906533240515273e-05,0
781,0,101,long,0.9807302951812744,1,8.086353773251176e-06,0,2.2559985154657625e-05,0,7.380217994068516e-06,0,1.3906533240515273e-05,0
782,0,101,long,0.9807302951812744,1,8.086353773251176e-06,0,2.2559985154657625e-05,0,7.380217994068516e-06,0,1.3906533240515273e-05,0
783,0,101,long,0.9807302951812744,1,8.086353773251176e-06,0,2.2559985154657625e-05,0,7.380217994068516e-06,0,1.3906533240515273e-05,0
784,0,101,long,0.9807302951812744,1,8.086353773251176e-06,0,2.2559985154657625e-05,0,7.380217994068516e-06,0,1.3906533240515273e-05,0
785,0,101,long,0.9807302951812744,1,8.086353773251176e-06,0,2.2559985154657625e-05,0,7.380217994068516e-06,0,1.3906533240515273e-05,0
786,0,101,long,0.9807302951812744,1,8.086353773251176e-06,0,2.2559985154657625e-05,0,7.380217994068516e-06,0,1.3906533240515273e-05,0
787,0,101,long,0.9807302951812744,1,8.086353773251176e-06,0,2.2559985154657625e-05,0,7.380217994068516e-06,0,1.3906533240515273e-05,0
788,0,101,long,0.9807302951812744,1,8.086353773251176e-06,0,2.2559985154657625e-05,0,7.380217994068516e-06,0,1.3906533240515273e-05,0
789,0,92,long,0.21606382727622986,0,1.2081904969818424e-05,0,2.8702626877930015e-05,0,2.9758522941847332e-05,0,3.6305427784100175e-05,0
790,0,101,long,0.9807302951812744,1,8.086353773251176e-06,0,2.2559985154657625e-05,0,7.380217994068516e-06,0,1.3906533240515273e-05,0
791,0,92,long,0.21606382727622986,0,1.2081904969818424e-05,0,2.8702626877930015e-05,0,2.9758522941847332e-05,0,3.6305427784100175e-05,0
792,0,92,long,0.21606382727622986,0,1.2081904969818424e-05,0,2.8702626877930015e-05,0,2.9758522941847332e-05,0,3.6305427784100175e-05,0
793,0,92,long,0.21606382727622986,0,1.2081904969818424e-05,0,2.8702626877930015e-05,0,2.9758522941847332e-05,0,3.6305427784100175e-05,0
794,0,92,long,0.21606382727622986,0,1.2081904969818424e-05,0,2.8702626877930015e-05,0,2.9758522941847332e-05,0,3.6305427784100175e-05,0
795,0,92,long,0.21606382727622986,0,1.2081904969818424e-05,0,2.8702626877930015e-05,0,2.9758522941847332e-05,0,3.6305427784100175e-05,0
796,0,92,long,0.21606382727622986,0,1.2081904969818424e-05,0,2.8702626877930015e-05,0,2.9758522941847332e-05,0,3.6305427784100175e-05,0
797,0,92,long,0.21606382727622986,0,1.2081904969818424e-05,0,2.8702626877930015e-05,0,2.9758522941847332e-05,0,3.6305427784100175e-05,0
798,0,101,long,0.9807302951812744,1,8.086353773251176e-06,0,2.2559985154657625e-05,0,7.380217994068516e-06,0,1.3906533240515273e-05,0
799,0,92,long,0.21606382727622986,0,1.2081904969818424e-05,0,2.8702626877930015e-05,0,2.9758522941847332e-05,0,3.6305427784100175e-05,0
800,0,101,long,0.9807302951812744,1,8.086353773251176e-06,0,2.2559985154657625e-05,0,7.380217994068516e-06,0,1.3906533240515273e-05,0
801,0,92,long,0.21606382727622986,0,1.2081904969818424e-05,0,2.8702626877930015e-05,0,2.9758522941847332e-05,0,3.6305427784100175e-05,0
802,0,101,long,0.9807302951812744,1,8.086353773251176e-06,0,2.2559985154657625e-05,0,7.380217994068516e-06,0,1.3906533240515273e-05,0
803,0,101,long,0.9807302951812744,1,8.086353773251176e-06,0,2.2559985154657625e-05,0,7.380217994068516e-06,0,1.3906533240515273e-05,0
804,0,92,long,0.21606382727622986,0,1.2081904969818424e-05,0,2.8702626877930015e-05,0,2.9758522941847332e-05,0,3.6305427784100175e-05,0
805,0,92,long,0.21606382727622986,0,1.2081904969818424e-05,0,2.8702626877930015e-05,0,2.9758522941847332e-05,0,3.6305427784100175e-05,0
806,0,101,long,0.9807302951812744,1,8.086353773251176e-06,0,2.2559985154657625e-05,0,7.380217994068516e-06,0,1.3906533240515273e-05,0
807,0,101,long,0.9807302951812744,1,8.086353773251176e-06,0,2.2559985154657625e-05,0,7.380217994068516e-06,0,1.3906533240515273e-05,0
808,0,92,long,0.21606382727622986,0,1.2081904969818424e-05,0,2.8702626877930015e-05,0,2.9758522941847332e-05,0,3.6305427784100175e-05,0
809,0,92,long,0.21606382727622986,0,1.2081904969818424e-05,0,2.8702626877930015e-05,0,2.9758522941847332e-05,0,3.6305427784100175e-05,0
810,0,101,long,0.9807302951812744,1,8.086353773251176e-06,0,2.2559985154657625e-05,0,7.380217994068516e-06,0,1.3906533240515273e-05,0
811,0,101,long,0.9807302951812744,1,8.086353773251176e-06,0,2.2559985154657625e-05,0,7.380217994068516e-06,0,1.3906533240515273e-05,0
812,0,94,long,0.006786086596548557,0,3.884010584442876e-05,0,0.00022564535902347416,0,7.700998685322702e-05,0,0.00017711595864966512,0
813,0,101,long,0.9807302951812744,1,8.086353773251176e-06,0,2.2559985154657625e-05,0,7.380217994068516e-06,0,1.3906533240515273e-05,0
814,0,92,long,0.21606382727622986,0,1.2081904969818424e-05,0,2.8702626877930015e-05,0,2.9758522941847332e-05,0,3.6305427784100175e-05,0
815,0,101,long,0.9807302951812744,1,8.086353773251176e-06,0,2.2559985154657625e-05,0,7.380217994068516e-06,0,1.3906533240515273e-05,0
816,0,92,long,0.21606382727622986,0,1.2081904969818424e-05,0,2.8702626877930015e-05,0,2.9758522941847332e-05,0,3.6305427784100175e-05,0
817,0,101,long,0.9807302951812744,1,8.086353773251176e-06,0,2.2559985154657625e-05,0,7.380217994068516e-06,0,1.3906533240515273e-05,0
818,0,101,long,0.9807302951812744,1,8.086353773251176e-06,0,2.2559985154657625e-05,0,7.380217994068516e-06,0,1.3906533240515273e-05,0
819,0,101,long,0.9807302951812744,1,8.086353773251176e-06,0,2.2559985154657625e-05,0,7.380217994068516e-06,0,1.3906533240515273e-05,0
820,0,101,long,0.9807302951812744,1,8.086353773251176e-06,0,2.2559985154657625e-05,0,7.380217994068516e-06,0,1.3906533240515273e-05,0
821,0,101,long,0.9807302951812744,1,8.086353773251176e-06,0,2.2559985154657625e-05,0,7.380217994068516e-06,0,1.3906533240515273e-05,0
822,0,92,long,0.21606382727622986,0,1.2081904969818424e-05,0,2.8702626877930015e-05,0,2.9758522941847332e-05,0,3.6305427784100175e-05,0
823,0,101,long,0.9807302951812744,1,8.086353773251176e-06,0,2.2559985154657625e-05,0,7.380217994068516e-06,0,1.3906533240515273e-05,0
824,0,101,long,0.9807302951812744,1,8.086353773251176e-06,0,2.2559985154657625e-05,0,7.380217994068516e-06,0,1.3906533240515273e-05,0
825,0,92,long,0.21606382727622986,0,1.2081904969818424e-05,0,2.8702626877930015e-05,0,2.9758522941847332e-05,0,3.6305427784100175e-05,0
826,0,92,long,0.21606382727622986,0,1.2081904969818424e-05,0,2.8702626877930015e-05,0,2.9758522941847332e-05,0,3.6305427784100175e-05,0
827,0,101,long,0.9807302951812744,1,8.086353773251176e-06,0,2.2559985154657625e-05,0,7.380217994068516e-06,0,1.3906533240515273e-05,0
828,0,92,long,0.21606382727622986,0,1.2081904969818424e-05,0,2.8702626877930015e-05,0,2.9758522941847332e-05,0,3.6305427784100175e-05,0
829,0,92,long,0.21606382727622986,0,1.2081904969818424e-05,0,2.8702626877930015e-05,0,2.9758522941847332e-05,0,3.6305427784100175e-05,0
830,0,101,long,0.9807302951812744,1,8.086353773251176e-06,0,2.2559985154657625e-05,0,7.380217994068516e-06,0,1.3906533240515273e-05,0
831,0,101,long,0.9807302951812744,1,8.086353773251176e-06,0,2.2559985154657625e-05,0,7.380217994068516e-06,0,1.3906533240515273e-05,0
832,0,92,long,0.21606434881687164,0,1.2081904969818424e-05,0,2.8702655981760472e-05,0,2.9758522941847332e-05,0,3.630539504229091e-05,0
833,0,101,long,0.9807302951812744,1,8.086353773251176e-06,0,2.255994149891194e-05,0,7.38022481527878e-06,0,1.3906533240515273e-05,0
834,0,92,long,0.21606434881687164,0,1.2081904969818424e-05,0,2.8702655981760472e-05,0,2.9758522941847332e-05,0,3.630539504229091e-05,0
835,0,101,long,0.9807302951812744,1,8.086353773251176e-06,0,2.255994149891194e-05,0,7.38022481527878e-06,0,1.3906533240515273e-05,0
836,0,92,long,0.21606434881687164,0,1.2081904969818424e-05,0,2.8702655981760472e-05,0,2.9758522941847332e-05,0,3.630539504229091e-05,0
837,0,92,long,0.21606434881687164,0,1.2081904969818424e-05,0,2.8702655981760472e-05,0,2.9758522941847332e-05,0,3.630539504229091e-05,0
838,0,101,long,0.9807302951812744,1,8.086353773251176e-06,0,2.255994149891194e-05,0,7.38022481527878e-06,0,1.3906533240515273e-05,0
839,0,164,long,0.0007445489172823727,0,2.688338099687826e-05,0,0.00023623510787729174,0,0.0001261119614355266,0,0.00025472138077020645,0
840,0,92,long,0.21606434881687164,0,1.2081904969818424e-05,0,2.8702655981760472e-05,0,2.9758522941847332e-05,0,3.630539504229091e-05,0
841,0,92,long,0.21606434881687164,0,1.2081904969818424e-05,0,2.8702655981760472e-05,0,2.9758522941847332e-05,0,3.630539504229091e-05,0
842,0,101,long,0.9807302951812744,1,8.086353773251176e-06,0,2.255994149891194e-05,0,7.38022481527878e-06,0,1.3906533240515273e-05,0
843,0,101,long,0.9807302951812744,1,8.086353773251176e-06,0,2.255994149891194e-05,0,7.38022481527878e-06,0,1.3906533240515273e-05,0
844,0,101,long,0.9807302951812744,1,8.086353773251176e-06,0,2.255994149891194e-05,0,7.38022481527878e-06,0,1.3906533240515273e-05,0
845,0,101,long,0.9807302951812744,1,8.086353773251176e-06,0,2.255994149891194e-05,0,7.38022481527878e-06,0,1.3906533240515273e-05,0
846,0,101,long,0.9807302951812744,1,8.086353773251176e-06,0,2.255994149891194e-05,0,7.38022481527878e-06,0,1.3906533240515273e-05,0
847,0,101,long,0.9807302951812744,1,8.086353773251176e-06,0,2.255994149891194e-05,0,7.38022481527878e-06,0,1.3906533240515273e-05,0
848,0,101,long,0.9807302951812744,1,8.086353773251176e-06,0,2.255994149891194e-05,0,7.38022481527878e-06,0,1.3906533240515273e-05,0
849,0,92,long,0.21606434881687164,0,1.2081904969818424e-05,0,2.8702655981760472e-05,0,2.9758522941847332e-05,0,3.630539504229091e-05,0
850,0,92,long,0.21606434881687164,0,1.2081904969818424e-05,0,2.8702655981760472e-05,0,2.9758522941847332e-05,0,3.630539504229091e-05,0
851,0,101,long,0.9807302951812744,1,8.086353773251176e-06,0,2.255994149891194e-05,0,7.38022481527878e-06,0,1.3906533240515273e-05,0
852,0,101,long,0.9807302951812744,1,8.086353773251176e-06,0,2.255994149891194e-05,0,7.38022481527878e-06,0,1.3906533240515273e-05,0
853,0,101,long,0.9807302951812744,1,8.086353773251176e-06,0,2.255994149891194e-05,0,7.38022481527878e-06,0,1.3906533240515273e-05,0
854,0,92,long,0.21606434881687164,0,1.2081904969818424e-05,0,2.8702655981760472e-05,0,2.9758522941847332e-05,0,3.630539504229091e-05,0
855,0,101,long,0.9807302951812744,1,8.086353773251176e-06,0,2.255994149891194e-05,0,7.38022481527878e-06,0,1.3906533240515273e-05,0
856,0,101,long,0.9807302951812744,1,8.086353773251176e-06,0,2.255994149891194e-05,0,7.38022481527878e-06,0,1.3906533240515273e-05,0
857,0,92,long,0.21606434881687164,0,1.2081904969818424e-05,0,2.8702655981760472e-05,0,2.9758522941847332e-05,0,3.630539504229091e-05,0
858,0,92,long,0.21606434881687164,0,1.2081904969818424e-05,0,2.8702655981760472e-05,0,2.9758522941847332e-05,0,3.630539504229091e-05,0
859,0,101,long,0.9807302951812744,1,8.086353773251176e-06,0,2.255994149891194e-05,0,7.38022481527878e-06,0,1.3906533240515273e-05,0
860,0,92,long,0.21606434881687164,0,1.2081904969818424e-05,0,2.8702655981760472e-05,0,2.9758522941847332e-05,0,3.630539504229091e-05,0
861,0,92,long,0.21606434881687164,0,1.2081904969818424e-05,0,2.8702655981760472e-05,0,2.9758522941847332e-05,0,3.630539504229091e-05,0
862,0,101,long,0.9807302951812744,1,8.086353773251176e-06,0,2.255994149891194e-05,0,7.38022481527878e-06,0,1.3906533240515273e-05,0
863,0,101,long,0.9807302951812744,1,8.086353773251176e-06,0,2.255994149891194e-05,0,7.38022481527878e-06,0,1.3906533240515273e-05,0
864,0,101,long,0.9807302951812744,1,8.086353773251176e-06,0,2.255994149891194e-05,0,7.38022481527878e-06,0,1.3906533240515273e-05,0
865,0,101,long,0.9807302951812744,1,8.086353773251176e-06,0,2.255994149891194e-05,0,7.38022481527878e-06,0,1.3906533240515273e-05,0
866,0,101,long,0.9807302951812744,1,8.086353773251176e-06,0,2.255994149891194e-05,0,7.38022481527878e-06,0,1.3906533240515273e-05,0
867,0,92,long,0.21606434881687164,0,1.2081904969818424e-05,0,2.8702655981760472e-05,0,2.9758522941847332e-05,0,3.630539504229091e-05,0
868,0,92,long,0.21606434881687164,0,1.2081904969818424e-05,0,2.8702655981760472e-05,0,2.9758522941847332e-05,0,3.630539504229091e-05,0
869,0,101,long,0.9807302951812744,1,8.086353773251176e-06,0,2.255994149891194e-05,0,7.38022481527878e-06,0,1.3906533240515273e-05,0
870,0,92,long,0.21606434881687164,0,1.2081904969818424e-05,0,2.8702655981760472e-05,0,2.9758522941847332e-05,0,3.630539504229091e-05,0
871,0,101,long,0.9807302951812744,1,8.086353773251176e-06,0,2.255994149891194e-05,0,7.38022481527878e-06,0,1.3906533240515273e-05,0
872,0,101,long,0.9807302951812744,1,8.086353773251176e-06,0,2.255994149891194e-05,0,7.38022481527878e-06,0,1.3906533240515273e-05,0
873,0,101,long,0.9807302951812744,1,8.086353773251176e-06,0,2.255994149891194e-05,0,7.38022481527878e-06,0,1.3906533240515273e-05,0
874,0,92,long,0.21606434881687164,0,1.2081904969818424e-05,0,2.8702655981760472e-05,0,2.9758522941847332e-05,0,3.630539504229091e-05,0
875,0,94,long,0.006786076817661524,0,3.884010584442876e-05,0,0.00022564514074474573,0,7.700998685322702e-05,0,0.00017711595864966512,0
876,0,178,long,0.0006133952992968261,0,1.4140148778096773e-05,0,0.0004523566458374262,0,0.00018419545085635036,0,0.0003696934145409614,0
877,0,92,long,0.21606434881687164,0,1.2081904969818424e-05,0,2.8702655981760472e-05,0,2.9758522941847332e-05,0,3.630539504229091e-05,0
878,0,92,long,0.21606434881687164,0,1.2081904969818424e-05,0,2.8702655981760472e-05,0,2.9758522941847332e-05,0,3.630539504229091e-05,0
879,0,92,long,0.21606434881687164,0,1.2081904969818424e-05,0,2.8702655981760472e-05,0,2.9758522941847332e-05,0,3.630539504229091e-05,0
880,0,101,long,0.9807302951812744,1,8.086353773251176e-06,0,2.255994149891194e-05,0,7.38022481527878e-06,0,1.3906533240515273e-05,0
881,0,92,long,0.21606434881687164,0,1.2081904969818424e-05,0,2.8702655981760472e-05,0,2.9758522941847332e-05,0,3.630539504229091e-05,0
882,0,92,long,0.21606434881687164,0,1.2081904969818424e-05,0,2.8702655981760472e-05,0,2.9758522941847332e-05,0,3.630539504229091e-05,0
883,0,92,long,0.21606434881687164,0,1.2081904969818424e-05,0,2.8702655981760472e-05,0,2.9758522941847332e-05,0,3.630539504229091e-05,0
884,0,92,long,0.21606434881687164,0,1.2081904969818424e-05,0,2.8702655981760472e-05,0,2.9758522941847332e-05,0,3.630539504229091e-05,0
885,0,92,long,0.21606434881687164,0,1.2081904969818424e-05,0,2.8702655981760472e-05,0,2.9758522941847332e-05,0,3.630539504229091e-05,0
886,0,432,long,0.00017697786097414792,0,2.6390995117253624e-05,0,0.001292365719564259,0,0.003369546728208661,0,0.004822307266294956,0
887,0,92,long,0.21606434881687164,0,1.2081904969818424e-05,0,2.8702655981760472e-05,0,2.9758522941847332e-05,0,3.630539504229091e-05,0
888,0,94,long,0.006786076817661524,0,3.884010584442876e-05,0,0.00022564514074474573,0,7.700998685322702e-05,0,0.00017711595864966512,0
889,0,92,long,0.21606434881687164,0,1.2081904969818424e-05,0,2.8702655981760472e-05,0,2.9758522941847332e-05,0,3.630539504229091e-05,0
890,0,272,long,0.0016409892123192549,0,3.928994556190446e-05,0,0.0007061417563818395,0,0.0004543325921986252,0,0.000730166386347264,0
891,0,92,long,0.21606434881687164,0,1.2081904969818424e-05,0,2.8702655981760472e-05,0,2.9758522941847332e-05,0,3.630539504229091e-05,0
892,0,101,long,0.9807302951812744,1,8.086353773251176e-06,0,2.255994149891194e-05,0,7.38022481527878e-06,0,1.3906533240515273e-05,0
893,0,101,long,0.9807302951812744,1,8.086353773251176e-06,0,2.255994149891194e-05,0,7.38022481527878e-06,0,1.3906533240515273e-05,0
894,0,92,long,0.21606434881687164,0,1.2081904969818424e-05,0,2.8702655981760472e-05,0,2.9758522941847332e-05,0,3.630539504229091e-05,0
895,0,101,long,0.9807302951812744,1,8.086353773251176e-06,0,2.255994149891194e-05,0,7.38022481527878e-06,0,1.3906533240515273e-05,0
896,0,101,long,0.9807302951812744,1,8.08636104920879e-06,0,2.255994149891194e-05,0,7.38022481527878e-06,0,1.3906533240515273e-05,0
897,0,101,long,0.9807302951812744,1,8.08636104920879e-06,0,2.255994149891194e-05,0,7.38022481527878e-06,0,1.3906533240515273e-05,0
898,0,92,long,0.21606434881687164,0,1.2081904969818424e-05,0,2.8702655981760472e-05,0,2.9758522941847332e-05,0,3.630539504229091e-05,0
899,0,92,long,0.21606434881687164,0,1.2081904969818424e-05,0,2.8702655981760472e-05,0,2.9758522941847332e-05,0,3.630539504229091e-05,0
900,0,101,long,0.9807302951812744,1,8.08636104920879e-06,0,2.255994149891194e-05,0,7.38022481527878e-06,0,1.3906533240515273e-05,0
901,0,101,long,0.9807302951812744,1,8.08636104920879e-06,0,2.255994149891194e-05,0,7.38022481527878e-06,0,1.3906533240515273e-05,0
902,0,92,long,0.21606434881687164,0,1.2081904969818424e-05,0,2.8702655981760472e-05,0,2.9758522941847332e-05,0,3.630539504229091e-05,0
903,0,92,long,0.21606434881687164,0,1.2081904969818424e-05,0,2.8702655981760472e-05,0,2.9758522941847332e-05,0,3.630539504229091e-05,0
904,0,101,long,0.9807302951812744,1,8.08636104920879e-06,0,2.255994149891194e-05,0,7.38022481527878e-06,0,1.3906533240515273e-05,0
905,0,92,long,0.21606434881687164,0,1.2081904969818424e-05,0,2.8702655981760472e-05,0,2.9758522941847332e-05,0,3.630539504229091e-05,0
906,0,101,long,0.9807302951812744,1,8.08636104920879e-06,0,2.255994149891194e-05,0,7.38022481527878e-06,0,1.3906533240515273e-05,0
907,0,101,long,0.9807302951812744,1,8.08636104920879e-06,0,2.255994149891194e-05,0,7.38022481527878e-06,0,1.3906533240515273e-05,0
908,0,101,long,0.9807302951812744,1,8.08636104920879e-06,0,2.255994149891194e-05,0,7.38022481527878e-06,0,1.3906533240515273e-05,0
909,0,101,long,0.9807302951812744,1,8.08636104920879e-06,0,2.255994149891194e-05,0,7.38022481527878e-06,0,1.3906533240515273e-05,0
910,0,101,long,0.9807302951812744,1,8.08636104920879e-06,0,2.255994149891194e-05,0,7.38022481527878e-06,0,1.3906533240515273e-05,0
911,0,101,long,0.9807302951812744,1,8.08636104920879e-06,0,2.255994149891194e-05,0,7.38022481527878e-06,0,1.3906533240515273e-05,0
912,0,92,long,0.21606434881687164,0,1.2081904969818424e-05,0,2.8702655981760472e-05,0,2.9758522941847332e-05,0,3.630539504229091e-05,0
913,0,92,long,0.21606434881687164,0,1.2081904969818424e-05,0,2.8702655981760472e-05,0,2.9758522941847332e-05,0,3.630539504229091e-05,0
914,0,101,long,0.9807302951812744,1,8.08636104920879e-06,0,2.255994149891194e-05,0,7.38022481527878e-06,0,1.3906533240515273e-05,0
915,0,92,long,0.21606434881687164,0,1.2081904969818424e-05,0,2.8702655981760472e-05,0,2.9758522941847332e-05,0,3.630539504229091e-05,0
916,0,101,long,0.9807302951812744,1,8.08636104920879e-06,0,2.255994149891194e-05,0,7.38022481527878e-06,0,1.3906533240515273e-05,0
917,0,101,long,0.9807302951812744,1,8.08636104920879e-06,0,2.255994149891194e-05,0,7.38022481527878e-06,0,1.3906533240515273e-05,0
918,0,101,long,0.9807302951812744,1,8.08636104920879e-06,0,2.255994149891194e-05,0,7.38022481527878e-06,0,1.3906533240515273e-05,0
919,0,92,long,0.21606434881687164,0,1.2081904969818424e-05,0,2.8702655981760472e-05,0,2.9758522941847332e-05,0,3.630539504229091e-05,0
920,0,101,long,0.9807302951812744,1,8.08636104920879e-06,0,2.255994149891194e-05,0,7.38022481527878e-06,0,1.3906533240515273e-05,0
921,0,92,long,0.21606434881687164,0,1.2081904969818424e-05,0,2.8702655981760472e-05,0,2.9758522941847332e-05,0,3.630539504229091e-05,0
922,0,101,long,0.9807302951812744,1,8.08636104920879e-06,0,2.255994149891194e-05,0,7.38022481527878e-06,0,1.3906533240515273e-05,0
923,0,164,long,0.0007445489172823727,0,2.6883431928581558e-05,0,0.00023623510787729174,0,0.0001261119614355266,0,0.00025472138077020645,0
924,0,92,long,0.21606434881687164,0,1.2081904969818424e-05,0,2.8702655981760472e-05,0,2.9758522941847332e-05,0,3.630539504229091e-05,0
925,0,101,long,0.9807302951812744,1,8.08636104920879e-06,0,2.255994149891194e-05,0,7.38022481527878e-06,0,1.3906533240515273e-05,0
926,0,92,long,0.21606434881687164,0,1.2081904969818424e-05,0,2.8702655981760472e-05,0,2.9758522941847332e-05,0,3.630539504229091e-05,0
927,0,101,long,0.9807302951812744,1,8.08636104920879e-06,0,2.255994149891194e-05,0,7.38022481527878e-06,0,1.3906533240515273e-05,0
928,0,164,long,0.0007445489172823727,0,2.6883431928581558e-05,0,0.00023623510787729174,0,0.0001261119614355266,0,0.00025472138077020645,0
929,0,92,long,0.21606434881687164,0,1.2081904969818424e-05,0,2.8702655981760472e-05,0,2.9758522941847332e-05,0,3.630539504229091e-05,0
930,0,101,long,0.9807302951812744,1,8.08636104920879e-06,0,2.255994149891194e-05,0,7.38022481527878e-06,0,1.3906533240515273e-05,0
931,0,92,long,0.21606434881687164,0,1.2081904969818424e-05,0,2.8702655981760472e-05,0,2.9758522941847332e-05,0,3.630539504229091e-05,0
932,0,101,long,0.9807302951812744,1,8.08636104920879e-06,0,2.255994149891194e-05,0,7.38022481527878e-06,0,1.3906533240515273e-05,0
933,0,92,long,0.21606434881687164,0,1.2081904969818424e-05,0,2.8702655981760472e-05,0,2.9758522941847332e-05,0,3.630539504229091e-05,0
934,0,92,long,0.21606434881687164,0,1.2081904969818424e-05,0,2.8702655981760472e-05,0,2.9758522941847332e-05,0,3.630539504229091e-05,0
935,0,92,long,0.21606434881687164,0,1.2081904969818424e-05,0,2.8702655981760472e-05,0,2.9758522941847332e-05,0,3.630539504229091e-05,0
936,0,92,long,0.21606434881687164,0,1.2081904969818424e-05,0,2.8702655981760472e-05,0,2.9758522941847332e-05,0,3.630539504229091e-05,0
937,0,101,long,0.9807302951812744,1,8.08636104920879e-06,0,2.255994149891194e-05,0,7.38022481527878e-06,0,1.3906533240515273e-05,0
938,0,101,long,0.9807302951812744,1,8.08636104920879e-06,0,2.255994149891194e-05,0,7.38022481527878e-06,0,1.3906533240515273e-05,0
939,0,101,long,0.9807302951812744,1,8.08636104920879e-06,0,2.255994149891194e-05,0,7.38022481527878e-06,0,1.3906533240515273e-05,0
940,0,101,long,0.9807302951812744,1,8.08636104920879e-06,0,2.255994149891194e-05,0,7.38022481527878e-06,0,1.3906533240515273e-05,0
941,0,101,long,0.9807302951812744,1,8.08636104920879e-06,0,2.255994149891194e-05,0,7.38022481527878e-06,0,1.3906533240515273e-05,0
942,0,92,long,0.21606434881687164,0,1.2081904969818424e-05,0,2.8702655981760472e-05,0,2.9758522941847332e-05,0,3.630539504229091e-05,0
943,0,101,long,0.9807302951812744,1,8.08636104920879e-06,0,2.255994149891194e-05,0,7.38022481527878e-06,0,1.3906533240515273e-05,0
944,0,92,long,0.21606434881687164,0,1.2081904969818424e-05,0,2.8702655981760472e-05,0,2.9758522941847332e-05,0,3.630539504229091e-05,0
945,0,92,long,0.21606434881687164,0,1.2081904969818424e-05,0,2.8702655981760472e-05,0,2.9758522941847332e-05,0,3.630539504229091e-05,0
946,0,101,long,0.9807302951812744,1,8.08636104920879e-06,0,2.255994149891194e-05,0,7.38022481527878e-06,0,1.3906533240515273e-05,0
947,0,164,long,0.0007445489172823727,0,2.6883431928581558e-05,0,0.00023623510787729174,0,0.0001261119614355266,0,0.00025472138077020645,0
948,0,92,long,0.21606434881687164,0,1.2081904969818424e-05,0,2.8702655981760472e-05,0,2.9758522941847332e-05,0,3.630539504229091e-05,0
949,0,92,long,0.21606434881687164,0,1.2081904969818424e-05,0,2.8702655981760472e-05,0,2.9758522941847332e-05,0,3.630539504229091e-05,0
950,0,92,long,0.21606434881687164,0,1.2081904969818424e-05,0,2.8702655981760472e-05,0,2.9758522941847332e-05,0,3.630539504229091e-05,0
951,0,92,long,0.21606434881687164,0,1.2081904969818424e-05,0,2.8702655981760472e-05,0,2.9758522941847332e-05,0,3.630539504229091e-05,0
952,0,92,long,0.21606434881687164,0,1.2081904969818424e-05,0,2.8702655981760472e-05,0,2.9758522941847332e-05,0,3.630539504229091e-05,0
953,0,101,long,0.9807302951812744,1,8.08636104920879e-06,0,2.255994149891194e-05,0,7.38022481527878e-06,0,1.3906533240515273e-05,0
954,0,92,long,0.21606434881687164,0,1.2081904969818424e-05,0,2.8702655981760472e-05,0,2.9758522941847332e-05,0,3.630539504229091e-05,0
955,0,101,long,0.9807302951812744,1,8.08636104920879e-06,0,2.255994149891194e-05,0,7.38022481527878e-06,0,1.3906533240515273e-05,0
956,0,101,long,0.9807302951812744,1,8.08636104920879e-06,0,2.255994149891194e-05,0,7.38022481527878e-06,0,1.3906533240515273e-05,0
957,0,92,long,0.21606434881687164,0,1.2081904969818424e-05,0,2.8702655981760472e-05,0,2.9758522941847332e-05,0,3.630539504229091e-05,0
958,0,92,long,0.21606434881687164,0,1.2081904969818424e-05,0,2.8702655981760472e-05,0,2.9758522941847332e-05,0,3.630539504229091e-05,0
959,0,92,long,0.21606434881687164,0,1.2081904969818424e-05,0,2.8702655981760472e-05,0,2.9758522941847332e-05,0,3.630539504229091e-05,0
960,0,272,long,0.0016409922391176224,0,3.928994556190446e-05,0,0.0007061417563818395,0,0.00045433302875608206,0,0.000730166386347264,0
961,0,101,long,0.9807302951812744,1,8.086353773251176e-06,0,2.255994149891194e-05,0,7.380232091236394e-06,0,1.3906533240515273e-05,0
962,0,92,long,0.21606430411338806,0,1.2081904969818424e-05,0,2.8702626877930015e-05,0,2.9758522941847332e-05,0,3.6305427784100175e-05,0
963,0,92,long,0.21606430411338806,0,1.2081904969818424e-05,0,2.8702626877930015e-05,0,2.9758522941847332e-05,0,3.6305427784100175e-05,0
964,0,92,long,0.21606430411338806,0,1.2081904969818424e-05,0,2.8702626877930015e-05,0,2.9758522941847332e-05,0,3.6305427784100175e-05,0
965,0,101,long,0.9807302951812744,1,8.086353773251176e-06,0,2.255994149891194e-05,0,7.380232091236394e-06,0,1.3906533240515273e-05,0
966,0,92,long,0.21606430411338806,0,1.2081904969818424e-05,0,2.8702626877930015e-05,0,2.9758522941847332e-05,0,3.6305427784100175e-05,0
967,0,101,long,0.9807302951812744,1,8.086353773251176e-06,0,2.255994149891194e-05,0,7.380232091236394e-06,0,1.3906533240515273e-05,0
968,0,92,long,0.21606430411338806,0,1.2081904969818424e-05,0,2.8702626877930015e-05,0,2.9758522941847332e-05,0,3.6305427784100175e-05,0
969,0,101,long,0.9807302951812744,1,8.086353773251176e-06,0,2.255994149891194e-05,0,7.380232091236394e-06,0,1.3906533240515273e-05,0
970,0,101,long,0.9807302951812744,1,8.086353773251176e-06,0,2.255994149891194e-05,0,7.380232091236394e-06,0,1.3906533240515273e-05,0
971,0,101,long,0.9807302951812744,1,8.086353773251176e-06,0,2.255994149891194e-05,0,7.380232091236394e-06,0,1.3906533240515273e-05,0
972,0,92,long,0.21606430411338806,0,1.2081904969818424e-05,0,2.8702626877930015e-05,0,2.9758522941847332e-05,0,3.6305427784100175e-05,0
973,0,101,long,0.9807302951812744,1,8.086353773251176e-06,0,2.255994149891194e-05,0,7.380232091236394e-06,0,1.3906533240515273e-05,0
974,0,101,long,0.9807302951812744,1,8.086353773251176e-06,0,2.255994149891194e-05,0,7.380232091236394e-06,0,1.3906533240515273e-05,0
975,0,101,long,0.9807302951812744,1,8.086353773251176e-06,0,2.255994149891194e-05,0,7.380232091236394e-06,0,1.3906533240515273e-05,0
976,0,101,long,0.9807302951812744,1,8.086353773251176e-06,0,2.255994149891194e-05,0,7.380232091236394e-06,0,1.3906533240515273e-05,0
977,0,101,long,0.9807302951812744,1,8.086353773251176e-06,0,2.255994149891194e-05,0,7.380232091236394e-06,0,1.3906533240515273e-05,0
978,0,92,long,0.21606430411338806,0,1.2081904969818424e-05,0,2.8702626877930015e-05,0,2.9758522941847332e-05,0,3.6305427784100175e-05,0
979,0,101,long,0.9807302951812744,1,8.086353773251176e-06,0,2.255994149891194e-05,0,7.380232091236394e-06,0,1.3906533240515273e-05,0
980,0,92,long,0.21606430411338806,0,1.2081904969818424e-05,0,2.8702626877930015e-05,0,2.9758522941847332e-05,0,3.6305427784100175e-05,0
981,0,92,long,0.21606430411338806,0,1.2081904969818424e-05,0,2.8702626877930015e-05,0,2.9758522941847332e-05,0,3.6305427784100175e-05,0
982,0,92,long,0.21606430411338806,0,1.2081904969818424e-05,0,2.8702626877930015e-05,0,2.9758522941847332e-05,0,3.6305427784100175e-05,0
983,0,101,long,0.9807302951812744,1,8.086353773251176e-06,0,2.255994149891194e-05,0,7.380232091236394e-06,0,1.3906533240515273e-05,0
984,0,101,long,0.9807302951812744,1,8.086353773251176e-06,0,2.255994149891194e-05,0,7.380232091236394e-06,0,1.3906533240515273e-05,0
985,0,101,long,0.9807302951812744,1,8.086353773251176e-06,0,2.255994149891194e-05,0,7.380232091236394e-06,0,1.3906533240515273e-05,0
986,0,101,long,0.9807302951812744,1,8.086353773251176e-06,0,2.255994149891194e-05,0,7.380232091236394e-06,0,1.3906533240515273e-05,0
987,0,101,long,0.9807302951812744,1,8.086353773251176e-06,0,2.255994149891194e-05,0,7.380232091236394e-06,0,1.3906533240515273e-05,0
988,0,92,long,0.21606430411338806,0,1.2081904969818424e-05,0,2.8702626877930015e-05,0,2.9758522941847332e-05,0,3.6305427784100175e-05,0
989,0,92,long,0.21606430411338806,0,1.2081904969818424e-05,0,2.8702626877930015e-05,0,2.9758522941847332e-05,0,3.6305427784100175e-05,0
990,0,101,long,0.9807302951812744,1,8.086353773251176e-06,0,2.255994149891194e-05,0,7.380232091236394e-06,0,1.3906533240515273e-05,0
991,0,101,long,0.9807302951812744,1,8.086353773251176e-06,0,2.255994149891194e-05,0,7.380232091236394e-06,0,1.3906533240515273e-05,0
992,0,92,long,0.21606430411338806,0,1.2081904969818424e-05,0,2.8702626877930015e-05,0,2.9758522941847332e-05,0,3.6305427784100175e-05,0
993,0,92,long,0.21606430411338806,0,1.2081904969818424e-05,0,2.8702626877930015e-05,0,2.9758522941847332e-05,0,3.6305427784100175e-05,0
994,0,92,long,0.21606430411338806,0,1.2081904969818424e-05,0,2.8702626877930015e-05,0,2.9758522941847332e-05,0,3.6305427784100175e-05,0
995,0,101,long,0.9807302951812744,1,8.086353773251176e-06,0,2.255994149891194e-05,0,7.380232091236394e-06,0,1.3906533240515273e-05,0
996,0,101,long,0.9807302951812744,1,8.086353773251176e-06,0,2.255994149891194e-05,0,7.380232091236394e-06,0,1.3906533240515273e-05,0
997,0,92,long,0.21606430411338806,0,1.2081904969818424e-05,0,2.8702626877930015e-05,0,2.9758522941847332e-05,0,3.6305427784100175e-05,0
998,0,101,long,0.9807302951812744,1,8.086353773251176e-06,0,2.255994149891194e-05,0,7.380232091236394e-06,0,1.3906533240515273e-05,0
999,0,101,long,0.9807302951812744,1,8.086353773251176e-06,0,2.255994149891194e-05,0,7.380232091236394e-06,0,1.3906533240515273e-05,0
0,1,95,short,0.0008547897450625896,0,2.0354544176370837e-05,0,0.0012520052259787917,0,0.0005646591889671981,0,0.0010042948415502906,0
1,1,88,short,0.6275214552879333,1,0.0008495814981870353,0,0.00814772304147482,0,0.04008563235402107,0,0.060108888894319534,0
2,1,92,short,0.0007026728126220405,0,1.0808000297402032e-05,0,0.005460110958665609,0,0.12371394783258438,0,0.2150244265794754,0
3,1,35,short,0.009706907905638218,0,5.0815688155125827e-05,0,0.00011620487930485979,0,8.913934834708925e-06,0,4.674580486607738e-05,0
4,1,94,short,0.0002616130223032087,0,2.901296829804778e-05,0,0.17419631779193878,0,0.45715877413749695,0,0.28290504217147827,0
5,1,29,short,0.0026983683928847313,0,6.067494905437343e-05,0,0.00017742121417541057,0,1.2642753063119017e-05,0,5.88743896514643e-05,0
6,1,52,short,0.9991387128829956,1,0.0003087146033067256,0,0.03427291661500931,0,0.7200791239738464,1,0.9078423976898193,1
7,1,81,short,0.002511481521651149,0,7.54683933337219e-05,0,0.04749619588255882,0,0.348519504070282,0,0.6380115747451782,1
8,1,89,short,0.13687360286712646,0,0.00015095985145308077,0,0.02375941537320614,0,0.06342117488384247,0,0.0562201552093029,0
9,1,72,short,0.7062145471572876,1,0.00011612888920353726,0,0.001570566208101809,0,0.0017209819052368402,0,0.0036776980850845575,0
10,1,84,short,0.00017385285173077136,0,1.3251226846477948e-05,0,0.00683980155736208,0,0.005390758626163006,0,0.004437778610736132,0
11,1,90,short,0.00036542254383675754,0,0.00022041733609512448,0,0.006035681813955307,0,0.003710872260853648,0,0.004182200413197279,0
12,1,36,short,0.000916250457521528,0,4.6771576307946816e-05,0,0.0001580540119903162,0,4.386427463032305e-05,0,0.00013499469787348062,0
13,1,91,short,0.9992436170578003,1,0.012861344963312149,0,0.10182137042284012,0,0.11155994236469269,0,0.09211007505655289,0
14,1,52,short,0.0031200277153402567,0,0.00012648809934034944,0,0.0019021218176931143,0,0.0009260235237888992,0,0.0027400830294936895,0
15,1,82,short,0.0008712839335203171,0,7.808727968949825e-05,0,0.009945495054125786,0,0.16192319989204407,0,0.09879586845636368,0
16,1,69,short,0.00068437255686149,0,0.004365365486592054,0,0.013203287497162819,0,0.1467411071062088,0,0.1624947339296341,0
17,1,76,short,0.049871060997247696,0,0.00044934049947187304,0,0.02061961591243744,0,0.0017688617808744311,0,0.0034190560691058636,0
18,1,60,short,0.001300079864449799,0,3.8744296034565195e-05,0,0.005451810546219349,0,0.026179445907473564,0,0.034571729600429535,0
19,1,91,short,0.17285361886024475,0,0.00015009279013611376,0,0.03389355540275574,0,0.20802690088748932,0,0.27166086435317993,0
20,1,72,short,0.9984428286552429,1,0.0010729613713920116,0,0.04253120347857475,0,0.44063669443130493,0,0.5579257011413574,1
21,1,63,short,0.016864286735653877,0,0.0001629247417440638,0,0.0019643453415483236,0,0.0016333175590261817,0,0.008613739162683487,0
22,1,22,short,0.0013171298196539283,0,0.00017662048048805445,0,0.00019639190577436239,0,1.1228296898480039e-05,0,9.385278826812282e-05,0
23,1,23,short,0.0020838689524680376,0,0.00021648459369316697,0,0.00022066042583901435,0,1.250953118869802e-05,0,0.0001006694437819533,0
24,1,86,short,0.0005396455526351929,0,2.0246940039214678e-05,0,0.0012130355462431908,0,0.003207653760910034,0,0.00343648181296885,0
25,1,77,short,0.9988960027694702,1,0.00023326504742726684,0,0.15964825451374054,0,0.5900252461433411,1,0.735483705997467,1
26,1,72,short,0.0021541775204241276,0,4.08477644668892e-05,0,0.005556782241910696,0,0.014948558993637562,0,0.016093803569674492,0
27,1,64,short,0.0010769023792818189,0,7.22156255505979e-05,0,0.0009940870804712176,0,0.0006086978246457875,0,0.0011749124387279153,0
28,1,45,short,0.9990659356117249,1,9.741220128489658e-05,0,0.009296569041907787,0,0.0041764178313314915,0,0.016289176419377327,0
29,1,86,short,0.00021281630324665457,0,1.6748314010328613e-05,0,0.005372390616685152,0,0.03969394415616989,0,0.08012077957391739,0
30,1,81,short,0.0002446233993396163,0,0.00021380517864599824,0,0.08387287706136703,0,0.04634236916899681,0,0.05027548223733902,0
31,1,61,short,0.8885011672973633,1,3.483807813609019e-05,0,0.19989587366580963,0,0.6040564179420471,1,0.8477128148078918,1
32,1,85,short,0.0034946382511407137,0,3.100868343608454e-05,0,0.0007373284315690398,0,0.00026996954693458974,0,0.0003451926168054342,0
33,1,90,short,0.0014019494410604239,0,1.0895085324591491e-05,0,0.0005866297869943082,0,0.00021986760839354247,0,0.00024313756148330867,0
34,1,85,short,0.00029439301579259336,0,1.0907051546382718e-05,0,0.0011865190463140607,0,0.0015108437510207295,0,0.0020626396872103214,0
35,1,83,short,0.003117383224889636,0,1.6358802895410918e-05,0,0.003520325990393758,0,0.01494099386036396,0,0.01846223883330822,0
36,1,97,short,0.0005510689225047827,0,7.754946636850946e-06,0,0.00040668880683369935,0,0.0005789085989817977,0,0.0005441593239083886,0
37,1,63,short,0.019105512648820877,0,7.473596633644775e-05,0,0.001995396101847291,0,0.0005616656271740794,0,0.001102818176150322,0
38,1,79,short,0.9897039532661438,1,9.268660505767912e-05,0,0.004283208400011063,0,0.004718826152384281,0,0.01116115227341652,0
39,1,65,short,0.0002676830627024174,0,3.762668347917497e-05,0,0.0009336069342680275,0,0.0028596785850822926,0,0.0020760984625667334,0
40,1,76,short,0.00016113581659737974,0,2.7030529963667504e-05,0,0.001590708619914949,0,0.028289077803492546,0,0.04844891279935837,0
41,1,20,short,0.002676455769687891,0,0.0001965666888281703,0,0.00022837774304207414,0,1.5806916053406894e-05,0,0.0001250388304470107,0
42,1,80,short,0.00021459061827044934,0,2.1537052816711366e-05,0,0.002019199077039957,0,0.0012767183361575007,0,0.0028625326231122017,0
43,1,87,short,0.0003201132931280881,0,6.724013474013191e-06,0,0.0003155063895974308,0,0.00020680170564446598,0,0.0004427834937814623,0
44,1,84,short,0.00012294943735469133,0,0.00203514052554965,0,0.4627656042575836,0,0.9099794030189514,1,0.9463293552398682,1
45,1,89,short,0.00025130942231044173,0,1.9198694644728675e-05,0,0.0008913615602068603,0,0.0017082163831219077,0,0.0014456750359386206,0
46,1,90,short,0.00023739703465253115,0,1.0087957889481913e-05,0,0.00040986546082422137,0,0.0004270043282303959,0,0.0005802706582471728,0
47,1,71,short,0.9949637651443481,1,5.106265234644525e-05,0,0.0007395789143629372,0,0.000157263595610857,0,0.0003245113475713879,0
48,1,69,short,0.9993224143981934,1,0.0009491967502981424,0,0.4899096190929413,0,0.261098712682724,0,0.4126312732696533,0
49,1,129,short,0.0012605219380930066,0,1.947600867424626e-05,0,0.00032861685031093657,0,0.000144439356517978,0,0.00031104168738238513,0
50,1,38,short,0.999060332775116,1,0.0002496611268725246,0,0.005279858596622944,0,0.00022573358728550375,0,0.0005680908798240125,0
51,1,89,short,0.012755020521581173,0,3.0249111659941263e-05,0,0.0012410181807354093,0,0.0002668999368324876,0,0.0007658949471078813,0
52,1,37,short,0.015974510461091995,0,2.2259997422224842e-05,0,0.0005966722383163869,0,0.0001398256717948243,0,0.00024792877957224846,0
53,1,84,short,0.00024828288587741554,0,0.00019595419871620834,0,0.06357552856206894,0,0.10530325025320053,0,0.05603361874818802,0
54,1,82,short,0.04797172546386719,0,6.919371662661433e-05,0,0.0037006314378231764,0,0.01440499722957611,0,0.03926491737365723,0
55,1,69,short,0.9993594288825989,1,0.0001333805703325197,0,0.007909263484179974,0,0.0008339570485986769,0,0.0009182684007100761,0
56,1,59,short,0.8690550923347473,1,0.00015268111019395292,0,0.0011571865761652589,0,0.0001286149345105514,0,0.0005001045647077262,0
57,1,65,short,0.9583324790000916,1,7.158585503930226e-05,0,0.0037211007438600063,0,0.0005919717950746417,0,0.0023399577476084232,0
58,1,77,short,0.0035349808167666197,0,9.264842447009869e-06,0,0.0003349379694554955,0,0.0008017600630410016,0,0.001276360941119492,0
59,1,69,short,0.0052171554416418076,0,0.0006011648802086711,0,0.01686752960085869,0,0.0593743734061718,0,0.116855189204216,0
60,1,30,short,0.022988881915807724,0,0.000766470970120281,0,0.012141169980168343,0,0.02037920616567135,0,0.03418963775038719,0
61,1,65,short,0.00044823571806773543,0,4.259260094841011e-05,0,0.0176304429769516,0,0.010766923427581787,0,0.01914593204855919,0
62,1,87,short,0.0006767193553969264,0,2.6433308448758908e-05,0,0.013792451471090317,0,0.08508656919002533,0,0.11850539594888687,0
63,1,75,short,0.9925332069396973,1,0.00013797605060972273,0,0.03298066928982735,0,0.00704099191352725,0,0.0031585688702762127,0
64,1,91,short,0.00021952009410597384,0,9.157422027783468e-05,0,0.05437425151467323,0,0.09757854044437408,0,0.14392676949501038,0
65,1,81,short,0.00030342579702846706,0,1.3306883374752942e-05,0,0.0031991652213037014,0,0.00561207951977849,0,0.012148480862379074,0
66,1,86,short,0.010457458905875683,0,1.1583512787183281e-05,0,0.0027072266675531864,0,0.0008906624861992896,0,0.0011906832223758101,0
67,1,44,short,0.000953338691033423,0,9.813159704208374e-05,0,0.0005313599831424654,0,5.649061131407507e-05,0,0.00016407041402999312,0
68,1,41,short,0.0003265746054239571,0,0.0001690476929070428,0,0.04603761062026024,0,0.034422434866428375,0,0.3126113712787628,0
69,1,74,short,0.9209895133972168,1,9.535533172311261e-05,0,0.039490241557359695,0,0.023214150220155716,0,0.03905719518661499,0
70,1,45,short,0.9841113090515137,1,2.7921974833589047e-05,0,0.000640895392280072,0,0.00022183226246852428,0,0.00028536823811009526,0
71,1,50,short,0.9990261793136597,1,0.0006326172151602805,0,0.007905409671366215,0,0.0010646679438650608,0,0.002312774769961834,0
72,1,78,short,0.9995586276054382,1,0.05352465808391571,0,0.9367996454238892,1,0.8792031407356262,1,0.967987060546875,1
73,1,87,short,0.0053031775169074535,0,6.2878942117095e-05,0,0.004162569995969534,0,0.017084196209907532,0,0.011844618245959282,0
74,1,84,short,0.8361202478408813,1,0.1637512594461441,0,0.8939268589019775,1,0.9151818156242371,1,0.9449148178100586,1
75,1,91,short,0.9823991656303406,1,4.301035369280726e-05,0,0.0002096510725095868,0,0.000739669892936945,0,0.0008305204682983458,0
76,1,83,short,0.0005870926543138921,0,1.2059274013154209e-05,0,0.0019123645033687353,0,0.005938929505646229,0,0.020014891400933266,0
77,1,86,short,0.044360045343637466,0,1.6374769984395243e-05,0,0.013075429946184158,0,0.0016263469588011503,0,0.0013848691014572978,0
78,1,90,short,0.00023453820904251188,0,7.812281182850711e-06,0,0.0011139335110783577,0,0.0013696711976081133,0,0.0013222816633060575,0
79,1,87,short,0.0035431920550763607,0,1.4592841580451932e-05,0,0.006137868855148554,0,0.05063798278570175,0,0.06464971601963043,0
80,1,85,short,0.0006088115624152124,0,2.2435353457694873e-05,0,0.005650507286190987,0,0.006458439864218235,0,0.004182236269116402,0
81,1,74,short,0.0002942027640528977,0,3.338507667649537e-05,0,0.006259061861783266,0,0.02149837464094162,0,0.03590981289744377,0
82,1,54,short,0.9378941655158997,1,0.0001523248356534168,0,0.034508224576711655,0,0.03721208870410919,0,0.1550683230161667,0
83,1,88,short,0.00016191191389225423,0,1.945714575413149e-05,0,0.0018692058511078358,0,0.001241949968971312,0,0.002502023009583354,0
84,1,59,short,0.0001604478748049587,0,0.00025760673452168703,0,0.027067439630627632,0,0.2512528896331787,0,0.17397907376289368,0
85,1,67,short,0.9187130331993103,1,0.06329818069934845,0,0.5355979800224304,1,0.8017048835754395,1,0.9320979118347168,1
86,1,76,short,0.45172691345214844,0,6.60183941363357e-05,0,0.003716816194355488,0,0.007900150492787361,0,0.014048243872821331,0
87,1,70,short,0.009342044591903687,0,0.9225921034812927,1,0.8856263756752014,1,0.9855704307556152,1,0.976581335067749,1
88,1,53,short,0.0001572265464346856,0,0.00010815337009262294,0,0.028245268389582634,0,0.1512034833431244,0,0.2247351109981537,0
89,1,95,short,0.00021358797675929964,0,7.102863946784055e-06,0,0.000652748451102525,0,0.0014243638142943382,0,0.001303997472859919,0
90,1,85,short,0.00034173810854554176,0,2.0257253709132783e-05,0,0.0005156478728167713,0,0.00017012770695146173,0,0.00033716490725055337,0
91,1,67,short,0.9742841720581055,1,0.0001399257016601041,0,0.5611733794212341,1,0.11621568351984024,0,0.2936844229698181,0
92,1,68,short,0.8903937339782715,1,8.310513658216223e-05,0,0.004623224958777428,0,0.08540721237659454,0,0.1355646401643753,0
93,1,73,short,0.02724972367286682,0,0.00021220481721684337,0,0.0036153688561171293,0,0.0010051506105810404,0,0.0017671451205387712,0
94,1,47,short,0.001778401667252183,0,0.00043839000863954425,0,0.01577015221118927,0,0.06777207553386688,0,0.09602037817239761,0
95,1,83,short,0.007011513225734234,0,7.192052726168185e-05,0,0.01543489657342434,0,0.00997516606003046,0,0.011157000437378883,0
96,1,105,short,0.00041657726978883147,0,2.185833545809146e-05,0,0.00739578902721405,0,0.06319867074489594,0,0.06702082604169846,0
97,1,84,short,0.05650622770190239,0,2.1837644453626126e-05,0,0.009204869158565998,0,0.014602038078010082,0,0.013020086102187634,0
98,1,55,short,0.9796494841575623,1,0.00042501461575739086,0,0.007218152284622192,0,0.00037106903619132936,0,0.0008684418280608952,0
99,1,83,short,0.642450749874115,1,0.00033262709621340036,0,0.01620730385184288,0,0.07374413311481476,0,0.09385401755571365,0
100,1,105,short,0.0012082757893949747,0,0.0002956956741400063,0,0.004363010171800852,0,0.0018577981973066926,0,0.002645110012963414,0
101,1,55,short,0.008113814517855644,0,3.61330749001354e-05,0,0.0014113789657130837,0,0.0007732813828624785,0,0.0019513466395437717,0
102,1,52,short,0.0003016502014361322,0,1.6090434655779973e-05,0,0.0023927849251776934,0,0.0025880015455186367,0,0.011929290369153023,0
103,1,85,short,0.9993801116943359,1,0.0009440260473638773,0,0.13802985846996307,0,0.6105360984802246,1,0.48736968636512756,0
104,1,60,short,0.0004282369918655604,0,0.00014671235112473369,0,0.11768411844968796,0,0.0019612442702054977,0,0.003917096648365259,0
105,1,72,short,0.9989457726478577,1,0.00019771083316300064,0,0.009536267258226871,0,0.019841162487864494,0,0.03523731604218483,0
106,1,52,short,0.9976504445075989,1,8.189081563614309e-05,0,0.009985889308154583,0,0.014670994132757187,0,0.1093556210398674,0
107,1,48,short,0.9727634191513062,1,0.000262770161498338,0,0.008783972822129726,0,0.007697060238569975,0,0.00784950703382492,0
108,1,72,short,0.9959949254989624,1,0.00010813242988660932,0,0.014468874782323837,0,0.0257406048476696,0,0.0973919928073883,0
109,1,56,short,0.0004208613536320627,0,8.15717430668883e-05,0,0.0029092803597450256,0,0.0032541598193347454,0,0.012942665256559849,0
110,1,60,short,0.0004486655816435814,0,3.042240314243827e-05,0,0.0004621146072167903,0,3.552625639713369e-05,0,0.00013304701133165509,0
111,1,85,short,0.026132522150874138,0,5.828704161103815e-05,0,0.02331235446035862,0,0.22238875925540924,0,0.5000137686729431,1
112,1,43,short,0.008863115683197975,0,0.0003461359301581979,0,0.001904656644910574,0,0.0006972335977479815,0,0.0019594808109104633,0
113,1,91,short,0.010566499084234238,0,5.9795933339046314e-05,0,0.001566614373587072,0,0.0009026629268191755,0,0.0011438780929893255,0
114,1,89,short,0.5807135105133057,1,7.401389302685857e-05,0,0.00017989416664931923,0,0.00032297862344421446,0,0.0005215767887420952,0
115,1,58,short,0.0034369616769254208,0,2.8334279704722576e-05,0,0.013887835666537285,0,0.005019035190343857,0,0.014223340898752213,0
116,1,60,short,0.3508930802345276,0,0.00011841962259495631,0,0.0007405684445984662,0,0.0006436911644414067,0,0.0016031807754188776,0
117,1,72,short,0.0008995754178613424,0,1.6793384929769672e-05,0,0.004283202346414328,0,0.04222101345658302,0,0.03262970969080925,0
118,1,77,short,0.1395130306482315,0,0.000615155731793493,0,0.18328624963760376,0,0.5510310530662537,1,0.619881272315979,1
119,1,84,short,0.00025422839098609984,0,0.00025697360979393125,0,0.0023724762722849846,0,0.002326392102986574,0,0.002364800777286291,0
120,1,86,short,0.996507465839386,1,0.009412865154445171,0,0.22230125963687897,0,0.8833097219467163,1,0.9450497031211853,1
121,1,96,short,0.010715926066040993,0,0.0001621493574930355,0,0.03802226111292839,0,0.1871316134929657,0,0.3660580515861511,0
122,1,60,short,0.036881592124700546,0,0.00027737568598240614,0,0.010019505396485329,0,0.014596824534237385,0,0.017819706350564957,0
123,1,93,short,0.0006603782530874014,0,1.5153161257330794e-05,0,0.03368428722023964,0,0.20291076600551605,0,0.34978052973747253,0
124,1,45,short,0.0003612699219956994,0,0.00018875516252592206,0,0.02088574506342411,0,0.033798474818468094,0,0.19950006902217865,0
125,1,71,short,0.0020069286692887545,0,0.0009010225185193121,0,0.023897359147667885,0,0.11443901062011719,0,0.25686636567115784,0
126,1,84,short,0.0013713978696614504,0,8.995881216833368e-05,0,0.013214636594057083,0,0.010367491282522678,0,0.009247895330190659,0
127,1,69,short,0.248771533370018,0,4.334230106906034e-05,0,0.003375195898115635,0,0.0016361395828425884,0,0.004498766735196114,0
128,1,65,short,0.0002563419984653592,0,0.009554339572787285,0,0.029825011268258095,0,0.4943103790283203,0,0.363646537065506,0
129,1,85,short,0.0007374309934675694,0,0.00038236496038734913,0,0.006935826502740383,0,0.002404186176136136,0,0.0019292837241664529,0
130,1,90,short,0.0022695809602737427,0,0.0017903849948197603,0,0.07171548902988434,0,0.5618203282356262,1,0.7802523970603943,1
131,1,100,short,0.0006848390330560505,0,7.251476290548453e-06,0,0.0010181852849200368,0,0.0015400397824123502,0,0.0010894517181441188,0
132,1,78,short,0.9829913377761841,1,0.0006731189787387848,0,0.007157083135098219,0,0.036118920892477036,0,0.04966625198721886,0
133,1,67,short,0.2879817485809326,0,8.95181146916002e-05,0,0.0014579951530322433,0,0.00019321833678986877,0,0.00045519854757003486,0
134,1,35,short,0.0001598131493665278,0,0.00011451962200226262,0,0.006965711247175932,0,0.02145306020975113,0,0.05608110874891281,0
135,1,86,short,0.4326059818267822,0,5.8413523220224306e-05,0,0.0034425489138811827,0,0.0030160488095134497,0,0.007940216921269894,0
136,1,62,short,0.20460131764411926,0,0.01748412288725376,0,0.01373700425028801,0,0.08606912940740585,0,0.0986594408750534,0
137,1,51,short,0.9056896567344666,1,0.00030649604741483927,0,0.03532974421977997,0,0.006511801388114691,0,0.013259368017315865,0
138,1,94,short,0.002056446857750416,0,6.49528083158657e-05,0,0.00225317501462996,0,0.005217967089265585,0,0.004733128938823938,0
139,1,94,short,0.00033392978366464376,0,9.893633432511706e-06,0,0.0027738697826862335,0,0.004754816647619009,0,0.006360589526593685,0
140,1,64,short,0.998643696308136,1,2.7539867005543783e-05,0,0.0036846622824668884,0,0.0646795853972435,0,0.058529503643512726,0
141,1,66,short,0.0019379579462110996,0,5.335194509825669e-05,0,0.03351002186536789,0,0.40041983127593994,0,0.49576619267463684,0
142,1,52,short,0.27435845136642456,0,1.8046621335088275e-05,0,0.00403396412730217,0,0.01848534122109413,0,0.05006645247340202,0
143,1,64,short,0.9993128776550293,1,0.3232423961162567,0,0.653131902217865,1,0.9964377880096436,1,0.9957618117332458,1
144,1,80,short,0.12029893696308136,0,4.055545650771819e-05,0,0.009885791689157486,0,0.037897586822509766,0,0.03191060945391655,0
145,1,78,short,0.0018815348157659173,0,0.006352096330374479,0,0.34308892488479614,0,0.612480103969574,1,0.7508453726768494,1
146,1,84,short,0.884478747844696,1,2.1181007468840107e-05,0,0.006009192671626806,0,0.00500230398029089,0,0.009472479112446308,0
147,1,92,short,0.0005354274762794375,0,9.78763637249358e-05,0,0.010676628910005093,0,0.03790051117539406,0,0.025390537455677986,0
148,1,60,short,0.0005761634674854577,0,0.0017057720106095076,0,0.014643508940935135,0,0.0480315275490284,0,0.11770337074995041,0
149,1,64,short,0.1610681414604187,0,5.6965032854350284e-05,0,0.016767989844083786,0,0.029302775859832764,0,0.06338618695735931,0
150,1,80,short,0.9848737716674805,1,3.109989847871475e-05,0,0.007583289407193661,0,0.04081035777926445,0,0.07358739525079727,0
151,1,64,short,0.9821017384529114,1,0.0004328509094193578,0,0.0381302647292614,0,0.0023831359576433897,0,0.008963444270193577,0
152,1,88,short,0.0016493166331201792,0,1.2720104678010102e-05,0,0.0005150741781108081,0,0.0001882827637018636,0,0.0003285332059022039,0
153,1,72,short,0.9710010290145874,1,4.177722439635545e-05,0,0.3213235139846802,0,0.7185808420181274,1,0.7670873403549194,1
154,1,80,short,0.8981042504310608,1,9.210949065163732e-05,0,0.017097212374210358,0,0.02547556348145008,0,0.046913959085941315,0
155,1,77,short,0.0010085846297442913,0,4.381916005513631e-05,0,0.000751016428694129,0,0.000252110039582476,0,0.0006483210017904639,0
156,1,25,short,0.0006644212990067899,0,9.581966151017696e-05,0,0.0001913365995278582,0,1.7601012586965226e-05,0,0.00011139445268781856,0
157,1,89,short,0.03858845680952072,0,1.8225577150587924e-05,0,0.00033124734181910753,0,5.901029726373963e-05,0,0.00015523350157309324,0
158,1,82,short,0.99859219789505,1,0.8693171739578247,1,0.8369559645652771,1,0.9933688044548035,1,0.9950932264328003,1
159,1,93,short,0.019535459578037262,0,1.613248787180055e-05,0,0.00019399882876314223,0,0.00018205649394076318,0,0.0004125683626625687,0
160,1,91,short,0.000285390269709751,0,2.762848998827394e-05,0,0.0013761597219854593,0,0.010920390486717224,0,0.007837794721126556,0
161,1,71,short,0.9812381863594055,1,0.004967199172824621,0,0.2880292236804962,0,0.08562061190605164,0,0.12130320817232132,0
162,1,57,short,0.0008176612318493426,0,3.1812865927349776e-05,0,0.0007498522172681987,0,0.00242928066290915,0,0.0019849552772939205,0
163,1,48,short,0.10147430002689362,0,0.00012079895532224327,0,0.002698727650567889,0,0.0017114866059273481,0,0.0020365442615002394,0
164,1,86,short,0.15944872796535492,0,0.0003519450547173619,0,0.26226019859313965,0,0.8361716866493225,1,0.7918445467948914,1
165,1,91,short,0.05306899920105934,0,1.5777146472828463e-05,0,0.0004024641530122608,0,0.000111740329884924,0,0.0002335073659196496,0
166,1,63,short,0.0004794386331923306,0,2.9807319151586853e-05,0,0.0013570929877460003,0,0.004666617605835199,0,0.007947025820612907,0
167,1,63,short,0.007549762725830078,0,2.542466791055631e-05,0,0.020841272547841072,0,0.03434319049119949,0,0.05527709797024727,0
168,1,65,short,0.9994158744812012,1,0.0005624568439088762,0,0.5431575179100037,1,0.24882657825946808,0,0.4601500630378723,0
169,1,73,short,0.9991046786308289,1,4.906715184915811e-05,0,0.0025356453843414783,0,0.00045563263120129704,0,0.0017439739312976599,0
170,1,92,short,0.0004701752623077482,0,3.0192395570338704e-05,0,0.0011035589268431067,0,0.002531685633584857,0,0.0016839092131704092,0
171,1,76,short,0.0001848552201408893,0,6.850330100860447e-05,0,0.004906289745122194,0,0.11423977464437485,0,0.13041119277477264,0
172,1,82,short,0.0005477269878610969,0,0.0010708633344620466,0,0.3752727508544922,0,0.9113865494728088,1,0.903990626335144,1
173,1,66,short,0.49212557077407837,0,5.806828266941011e-05,0,0.0032160989940166473,0,0.030280396342277527,0,0.09970519691705704,0
174,1,96,short,0.0005442301044240594,0,0.0004683626757469028,0,0.01592840999364853,0,0.030462954193353653,0,0.032362841069698334,0
175,1,81,short,0.00026051458553411067,0,2.8384612960508093e-05,0,0.0037729337345808744,0,0.00482450844720006,0,0.008556975051760674,0
176,1,44,short,0.0002569692151155323,0,0.00010566720447968692,0,0.03106633387506008,0,0.2652141749858856,0,0.3693162500858307,0
177,1,85,short,0.0006237276829779148,0,0.0005099034169688821,0,0.12675349414348602,0,0.08578488975763321,0,0.09840922802686691,0
178,1,87,short,0.006666963454335928,0,0.001098312553949654,0,0.3279964029788971,0,0.9428833723068237,1,0.9424341320991516,1
179,1,100,short,0.002053608885034919,0,5.1848084694938734e-05,0,0.002775688422843814,0,0.004976571537554264,0,0.011573313735425472,0
180,1,61,short,0.17194508016109467,0,0.00017806829418987036,0,0.007855331525206566,0,0.005443595349788666,0,0.03652070462703705,0
181,1,34,short,0.0009404339361935854,0,3.9944134186953306e-05,0,0.00042670872062444687,0,0.007743635214865208,0,0.00824026670306921,0
182,1,92,short,0.004258054308593273,0,6.203505563462386e-06,0,0.00023322545166593045,0,0.0003337134257890284,0,0.00037934244028292596,0
183,1,79,short,0.00875947531312704,0,1.1752499631256796e-05,0,0.017993874847888947,0,0.07689835876226425,0,0.0767630785703659,0
184,1,56,short,0.6852898001670837,1,4.9715912609826773e-05,0,0.003102630376815796,0,0.000905976805370301,0,0.001691553508862853,0
185,1,59,short,0.9966586828231812,1,0.0002958507393486798,0,0.052866868674755096,0,0.036476653069257736,0,0.09965778887271881,0
186,1,67,short,0.9983804225921631,1,0.0003102166228927672,0,0.019983163103461266,0,0.010301418602466583,0,0.014505814760923386,0
187,1,84,short,0.0005043984274379909,0,9.629799023969099e-05,0,0.010179722681641579,0,0.061419859528541565,0,0.05157426372170448,0
188,1,88,short,0.00015991146210581064,0,7.334057954722084e-06,0,0.0016367059433832765,0,0.004946748726069927,0,0.006995018571615219,0
189,1,63,short,0.004298596177250147,0,0.001872715074568987,0,0.20685896277427673,0,0.1826433539390564,0,0.5293911099433899,1
190,1,91,short,0.01798919215798378,0,4.128399086766876e-05,0,0.0022118925116956234,0,0.0012980765895918012,0,0.004218876361846924,0
191,1,76,short,0.001771898940205574,0,0.0020388956181705,0,0.18572655320167542,0,0.9451967477798462,1,0.935546338558197,1
192,1,83,short,0.00029483227990567684,0,2.1529576770262793e-05,0,0.00875356886535883,0,0.02657466195523739,0,0.052539922297000885,0
193,1,75,short,0.6186625957489014,1,3.567651947378181e-05,0,0.006924569606781006,0,0.001872739288955927,0,0.006926508620381355,0
194,1,80,short,0.0003488473012112081,0,0.003514072159305215,0,0.017648961395025253,0,0.3363845646381378,0,0.317107617855072,0
195,1,70,short,0.00922080222517252,0,6.928305083420128e-05,0,0.02736644633114338,0,0.05529390648007393,0,0.19313421845436096,0
196,1,89,short,0.00020974224025849253,0,2.608164504636079e-05,0,0.007757437415421009,0,0.00525818532332778,0,0.003518952988088131,0
197,1,84,short,0.0642898753285408,0,1.7572838260093704e-05,0,0.009712993167340755,0,0.01027136854827404,0,0.019290512427687645,0
198,1,46,short,0.00034594390308484435,0,0.0005550766363739967,0,0.005941361654549837,0,0.11623542755842209,0,0.11011441797018051,0
199,1,87,short,0.00029969547176733613,0,3.93182817788329e-05,0,0.00043848404311574996,0,0.0002120482677128166,0,0.00033993879333138466,0
200,1,52,short,0.998339056968689,1,0.0003086542710661888,0,0.01587245799601078,0,0.024084020406007767,0,0.037456829100847244,0
201,1,76,short,0.013779012486338615,0,0.001741704996675253,0,0.0889238491654396,0,0.8958277106285095,1,0.8466913104057312,1
202,1,84,short,0.15705418586730957,0,5.3216532251099125e-05,0,0.0001291873340960592,0,6.245858094189316e-05,0,0.00018627567624207586,0
203,1,84,short,0.001078071421943605,0,2.4543198378523812e-05,0,0.0017514986684545875,0,0.0008312762947753072,0,0.0007840848411433399,0
204,1,90,short,0.00023315343423746526,0,3.315267895231955e-05,0,0.0012890826910734177,0,0.0007936804322525859,0,0.0011992674553766847,0
205,1,94,short,0.0024750002194195986,0,8.257223817054182e-05,0,0.001885731122456491,0,0.000280905922409147,0,0.0007487746770493686,0
206,1,88,short,0.014779963530600071,0,1.2028927812934853e-05,0,0.0008196126436814666,0,0.0002042049018200487,0,0.0005288497195579112,0
207,1,84,short,0.0019751330837607384,0,0.00023179799609351903,0,0.0016806720523163676,0,0.0012181864585727453,0,0.0008523254655301571,0
208,1,93,short,0.001694742008112371,0,2.7057765692006797e-05,0,0.0006686309352517128,0,0.00011502853885758668,0,0.0002756883332040161,0
209,1,87,short,0.026189642027020454,0,8.941761188907549e-05,0,0.00020242415484972298,0,6.273962935665622e-05,0,0.00020839272474404424,0
210,1,52,short,0.0002706963859964162,0,0.007647749036550522,0,0.029732968658208847,0,0.16785329580307007,0,0.2216927707195282,0
211,1,89,short,0.00035443430533632636,0,0.00013495635357685387,0,0.0045319520868361,0,0.004850853234529495,0,0.008088616654276848,0
212,1,90,short,0.0031419263686984777,0,7.054940397210885e-06,0,0.00048518451512791216,0,0.0028113736771047115,0,0.002742679789662361,0
213,1,77,short,0.0001240507554030046,0,5.919623436057009e-05,0,0.0020638578571379185,0,0.0032397781033068895,0,0.0034831096418201923,0
214,1,86,short,0.001273728790692985,0,0.0005265902145765722,0,0.08430055528879166,0,0.5015105605125427,1,0.6952342987060547,1
215,1,73,short,0.0015403663273900747,0,0.00015953545516822487,0,0.0012045387411490083,0,0.00040560588240623474,0,0.0011868017027154565,0
216,1,84,short,0.00023579993285238743,0,9.963448974303901e-05,0,0.003793651470914483,0,0.01153657492250204,0,0.00592372752726078,0
217,1,78,short,0.9958904981613159,1,6.561620102729648e-05,0,0.007588222157210112,0,0.2197449654340744,0,0.4687247574329376,0
218,1,83,short,0.03495524078607559,0,0.02222263067960739,0,0.07418718189001083,0,0.09495893865823746,0,0.1428947001695633,0
219,1,74,short,0.01726658269762993,0,1.754492404870689e-05,0,0.006603945977985859,0,0.0171763077378273,0,0.030123062431812286,0
220,1,88,short,0.0003427365736570209,0,1.1304699000902474e-05,0,0.0012212436413392425,0,0.0025769055355340242,0,0.0025958390906453133,0
221,1,57,short,0.9830816388130188,1,0.00010378471051808447,0,0.017407981678843498,0,0.20796556770801544,0,0.35656630992889404,0
222,1,96,short,0.0005017996882088482,0,1.807636726880446e-05,0,0.002485916018486023,0,0.0014003297546878457,0,0.0012993923155590892,0
223,1,91,short,0.00040383960003964603,0,9.65995332080638e-06,0,0.000947601452935487,0,0.0018071000231429935,0,0.0020823196973651648,0
224,1,89,short,0.0009946811478585005,0,3.428522541071288e-05,0,0.003274748334661126,0,0.016491014510393143,0,0.015336871147155762,0
225,1,83,short,0.08167552202939987,0,1.5509160220972262e-05,0,0.0008276074659079313,0,0.0009010586654767394,0,0.0008175947004929185,0
226,1,81,short,0.0002830666198860854,0,0.00017999453120864928,0,0.0054015894420444965,0,0.02410074509680271,0,0.017202084884047508,0
227,1,81,short,0.007187745533883572,0,1.0770949302241206e-05,0,0.00040789865306578577,0,0.0002587017952464521,0,0.0002463916316628456,0
228,1,58,short,0.0023510039318352938,0,2.5802710297284648e-05,0,0.0003923520853277296,0,0.0006616211030632257,0,0.0009975737193599343,0
229,1,85,short,0.9908190369606018,1,7.854057912481949e-05,0,0.0001928285346366465,0,0.00036005384754389524,0,0.0004658536345232278,0
230,1,86,short,0.6367546319961548,1,0.0008376735495403409,0,0.02822485938668251,0,0.21899932622909546,0,0.34606876969337463,0
231,1,95,short,0.001216743839904666,0,1.7561162167112343e-05,0,0.0029970405157655478,0,0.025370415300130844,0,0.04128217697143555,0
232,1,65,short,0.010329936631023884,0,4.675503441831097e-05,0,0.004193220753222704,0,0.01127631962299347,0,0.017976997420191765,0
233,1,74,short,0.0022639150265604258,0,0.0009204280795529485,0,0.03376748412847519,0,0.06322077661752701,0,0.11099649220705032,0
234,1,92,short,0.001534062554128468,0,5.231169780017808e-05,0,0.00015342656115535647,0,0.0002810647711157799,0,0.00037438745494000614,0
235,1,68,short,0.0006318219238892198,0,0.0014115053927525878,0,0.19231554865837097,0,0.5593759417533875,1,0.469148188829422,0
236,1,80,short,0.8371669054031372,1,3.7379515561042354e-05,0,0.009621395729482174,0,0.005908527877181768,0,0.013718880712985992,0
237,1,60,short,0.0007294227252714336,0,2.3465228878194466e-05,0,0.0006545206997543573,0,0.0005328007973730564,0,0.0014909926103428006,0
238,1,83,short,0.001053126179613173,0,2.4260230929940008e-05,0,0.01212349347770214,0,0.00317507260479033,0,0.00673000467941165,0
239,1,91,short,0.0004640095285139978,0,9.578840945323464e-06,0,0.00035544231650419533,0,0.0003021369338966906,0,0.0003811203932855278,0
240,1,65,short,0.34136876463890076,0,0.0001658005203353241,0,0.024746133014559746,0,0.002585255540907383,0,0.0036167881917208433,0
241,1,51,short,0.00017128042236436158,0,0.0002807746932376176,0,0.0035282382741570473,0,0.001803938183002174,0,0.0014830351574346423,0
242,1,93,short,0.0029073250479996204,0,3.179606210323982e-05,0,0.0022116461768746376,0,0.002855599857866764,0,0.0022639180533587933,0
243,1,65,short,0.0004767089558299631,0,1.8019074559560977e-05,0,0.0049562216736376286,0,0.06882798671722412,0,0.08178816735744476,0
244,1,59,short,0.001338804722763598,0,6.49751746095717e-05,0,0.0019338175188750029,0,0.0009037101990543306,0,0.0027096918784081936,0
245,1,44,short,0.9988501071929932,1,0.00017945693980436772,0,0.014898201450705528,0,0.0006156619638204575,0,0.0011219591833651066,0
246,1,68,short,0.008684988133609295,0,4.697236363426782e-05,0,0.0005001103272661567,0,5.4594122048001736e-05,0,0.00013913502334617078,0
247,1,73,short,0.999599039554596,1,0.0008783502853475511,0,0.1557459980249405,0,0.15110638737678528,0,0.24814580380916595,0
248,1,91,short,0.05679594352841377,0,0.2773638367652893,0,0.7332464456558228,1,0.9140397310256958,1,0.945571780204773,1
249,1,64,short,0.00033850697218440473,0,7.763057510601357e-06,0,0.0016199966194108129,0,0.00015997140144463629,0,0.0008041533874347806,0
250,1,95,short,0.9983199238777161,1,3.1889710953691974e-05,0,0.0038445594254881144,0,0.027228277176618576,0,0.031630754470825195,0
251,1,77,short,0.0004883749643340707,0,5.9023412177339196e-05,0,0.0022959187626838684,0,0.008597751148045063,0,0.019498156383633614,0
252,1,85,short,0.000438206538092345,0,7.644608558621258e-05,0,0.01628672517836094,0,0.0024726642295718193,0,0.0034909870009869337,0
253,1,88,short,0.00038147770101204515,0,1.905085264297668e-05,0,0.0009779375977814198,0,0.001529779750853777,0,0.0010830360697582364,0
254,1,101,short,0.0005100488197058439,0,5.395280822995119e-05,0,0.0016218594973906875,0,0.0006566462689079344,0,0.001002689590677619,0
255,1,78,short,0.9848245978355408,1,0.000808281940408051,0,0.5302189588546753,1,0.8704652190208435,1,0.9473780393600464,1
256,1,71,short,0.00017258241132367402,0,3.658458081190474e-05,0,0.02500937320291996,0,0.00952660571783781,0,0.023035729303956032,0
257,1,59,short,0.0003664171090349555,0,1.2966555004823022e-05,0,0.001491038128733635,0,0.008175303228199482,0,0.008126330561935902,0
258,1,76,short,0.0007489545969292521,0,8.619966138212476e-06,0,0.005741281900554895,0,0.006263509392738342,0,0.02295020781457424,0
259,1,45,short,0.0005207437789067626,0,0.00016404180496465415,0,0.003629046957939863,0,0.2700773775577545,0,0.21762318909168243,0
260,1,94,short,0.00023413871531374753,0,0.00015263858949765563,0,0.00923076644539833,0,0.028117043897509575,0,0.024136099964380264,0
261,1,68,short,0.01221364364027977,0,9.740272798808292e-05,0,0.003117708954960108,0,0.0058664362877607346,0,0.019349124282598495,0
262,1,63,short,0.9995014667510986,1,5.891139880986884e-05,0,0.0044587901793420315,0,0.004368574824184179,0,0.01345483772456646,0
263,1,60,short,0.0035704919137060642,0,9.754968777997419e-05,0,0.0029113476630300283,0,0.004487588070333004,0,0.011283881962299347,0
264,1,85,short,0.0004986951826140285,0,0.0002038760867435485,0,0.015228357166051865,0,0.02401736192405224,0,0.0568767711520195,0
265,1,59,short,0.29767516255378723,0,5.833208706462756e-05,0,0.0033374398481100798,0,0.008022368885576725,0,0.01911182329058647,0
266,1,90,short,0.0030619055032730103,0,4.447934770723805e-05,0,0.011066137813031673,0,0.043470900505781174,0,0.026362024247646332,0
267,1,62,short,0.0016549447318539023,0,6.072948235669173e-05,0,0.000857765378896147,0,0.00017444965487811714,0,0.00037825151230208576,0
268,1,39,short,0.00037947611417621374,0,9.622291690902784e-05,0,0.00018085642659571022,0,1.5035440810606815e-05,0,9.903687896439806e-05,0
269,1,80,short,0.00027530614170245826,0,1.2894834981125314e-05,0,0.0014675486600026488,0,0.0028462056070566177,0,0.002253526821732521,0
270,1,79,short,0.00022113474551588297,0,1.8700369764701463e-05,0,0.0033497230615466833,0,0.01841115951538086,0,0.02930171974003315,0
271,1,81,short,0.0001836629817262292,0,0.0011372939916327596,0,0.0301243606954813,0,0.4371601641178131,0,0.3531460762023926,0
272,1,84,short,0.0010005192598327994,0,3.811611532000825e-05,0,0.010526945814490318,0,0.08361887186765671,0,0.08860446512699127,0
273,1,91,short,0.0031439117155969143,0,9.552039955451619e-06,0,0.0004027293180115521,0,0.0004973647301085293,0,0.0005594498943537474,0
274,1,78,short,0.9498754143714905,1,0.01152233686298132,0,0.41504284739494324,0,0.870627760887146,1,0.8755543828010559,1
275,1,53,short,0.8367165327072144,1,0.0022299413103610277,0,0.19661401212215424,0,0.9273813962936401,1,0.9016613364219666,1
276,1,86,short,0.0002141662989743054,0,0.00011181930312886834,0,0.025963060557842255,0,0.04584353417158127,0,0.0675559714436531,0
277,1,84,short,0.00039352101157419384,0,1.9488606994855218e-05,0,0.01627058908343315,0,0.2013164460659027,0,0.13968434929847717,0
278,1,75,short,0.21412569284439087,0,4.056118268636055e-05,0,0.00741810305044055,0,0.011961719021201134,0,0.039424799382686615,0
279,1,84,short,0.7193882465362549,1,3.8416961615439504e-05,0,0.0526757687330246,0,0.229342982172966,0,0.5894233584403992,1
280,1,78,short,0.0006315172649919987,0,3.505195491015911e-05,0,0.0057350704446434975,0,0.01700298860669136,0,0.02507057413458824,0
281,1,69,short,0.0007644434808753431,0,0.0006884689792059362,0,0.011488833464682102,0,0.014625273644924164,0,0.04130847007036209,0
282,1,74,short,0.0023804972879588604,0,0.04646288603544235,0,0.17889636754989624,0,0.3169079124927521,0,0.5079694390296936,1
283,1,92,short,0.9444366097450256,1,6.03206644882448e-05,0,0.0014353066217154264,0,0.0017245839117094874,0,0.001683244714513421,0
284,1,62,short,0.00027698586927726865,0,5.976772081339732e-05,0,0.10487639904022217,0,0.32735884189605713,0,0.384137362241745,0
285,1,60,short,0.4248262643814087,0,8.201773016480729e-05,0,0.1039682999253273,0,0.04196060821413994,0,0.04164598137140274,0
286,1,94,short,0.00021946275955997407,0,7.686339813517407e-05,0,0.016573898494243622,0,0.02290979214012623,0,0.026154235005378723,0
287,1,56,short,0.9996778964996338,1,0.00024667390971444547,0,0.03430826589465141,0,0.1019345223903656,0,0.16212071478366852,0
288,1,44,short,0.007781703490763903,0,9.093696280615404e-05,0,0.0008742636418901384,0,0.000948319910094142,0,0.0019764022435992956,0
289,1,87,short,0.00027792336186394095,0,6.402868166333064e-05,0,0.0010478191543370485,0,0.001347085228189826,0,0.0012213948648422956,0
290,1,90,short,0.0010763617465272546,0,6.641519576078281e-05,0,0.006949633825570345,0,0.0034143587108701468,0,0.0050383456982672215,0
291,1,29,short,0.006171491928398609,0,0.00019427538791205734,0,0.00019100720237474889,0,1.184277789434418e-05,0,9.417085675522685e-05,0
292,1,49,short,0.002559409709647298,0,0.00016963657981250435,0,0.0022072491701692343,0,0.0030439875554293394,0,0.004749189596623182,0
293,1,84,short,0.0001895418536150828,0,1.1533060387591831e-05,0,0.002524875570088625,0,0.006480786483734846,0,0.010756314732134342,0
294,1,94,short,0.00032903975807130337,0,4.6805751480860636e-05,0,0.020103460177779198,0,0.11552881449460983,0,0.05075280740857124,0
295,1,69,short,0.002638926962390542,0,0.00033584173070266843,0,0.0019607592839747667,0,0.12338721752166748,0,0.07869432866573334,0
296,1,54,short,0.9980536699295044,1,0.0004324084147810936,0,0.00553773483261466,0,0.014383172616362572,0,0.0189165398478508,0
297,1,63,short,0.11455697566270828,0,0.2400681972503662,0,0.5182586908340454,1,0.9885103106498718,1,0.9923660159111023,1
298,1,91,short,0.00038373071583919227,0,2.698911339393817e-05,0,0.001141009503044188,0,0.0007514524622820318,0,0.0008207904174923897,0
299,1,57,short,0.9848950505256653,1,2.7810890969703905e-05,0,0.00046693222247995436,0,0.0011317110620439053,0,0.0007601391989737749,0
300,1,121,medium,0.9990866184234619,1,0.00020585347374435514,0,0.018272655084729195,0,0.012062220834195614,0,0.02415331080555916,0
301,1,192,medium,0.0012937216088175774,0,7.532021118095145e-05,0,0.03465278819203377,0,0.10781373828649521,0,0.1032194197177887,0
302,1,169,medium,0.0008544579613953829,0,1.3519786079996265e-05,0,0.008564778603613377,0,0.03852533549070358,0,0.06352178752422333,0
303,1,109,medium,0.00025388685753569007,0,2.9856593755539507e-05,0,0.06283232569694519,0,0.08111456781625748,0,0.08187765628099442,0
304,1,83,medium,0.0015043704770505428,0,0.00034319949918426573,0,0.022478608414530754,0,0.015005061402916908,0,0.007731476332992315,0
305,1,168,medium,0.0433267280459404,0,9.26996799535118e-05,0,0.00019252872152719647,0,0.00011695814464474097,0,0.00030541850719600916,0
306,1,189,medium,0.0017146767349913716,0,5.691138721886091e-05,0,0.09309427440166473,0,0.7091982364654541,1,0.6659809350967407,1
307,1,210,medium,0.0030939190182834864,0,1.4550859305018093e-05,0,0.00010224485595244914,0,0.0004781591414939612,0,0.0006562508060596883,0
308,1,127,medium,0.9993526339530945,1,0.02075904607772827,0,0.8549733757972717,1,0.9403815865516663,1,0.9641544222831726,1
309,1,91,medium,0.7905118465423584,1,7.161501707741991e-05,0,0.007660896051675081,0,0.06591148674488068,0,0.048491619527339935,0
310,1,162,medium,0.9859521389007568,1,5.817099008709192e-05,0,0.00019791038357652724,0,0.00013860163744539022,0,0.00033814189373515546,0
311,1,197,medium,0.00410356605425477,0,3.4716922527877614e-05,0,0.0099194860085845,0,0.03695936128497124,0,0.03527193143963814,0
312,1,167,medium,0.0032719685696065426,0,2.692389170988463e-05,0,0.03162672370672226,0,0.01027656253427267,0,0.014151901938021183,0
313,1,141,medium,0.027799071744084358,0,0.0003271863388363272,0,0.01832973212003708,0,0.020925354212522507,0,0.028994038701057434,0
314,1,55,medium,0.9916259050369263,1,0.0002193182153860107,0,0.00854831375181675,0,0.0001977864740183577,0,0.0004095952317584306,0
315,1,171,medium,0.027801061049103737,0,9.3036302132532e-05,0,0.00019447924569249153,0,0.00011803124652942643,0,0.0003026511985808611,0
316,1,178,medium,0.011560306884348392,0,6.781602132832631e-05,0,0.3683791160583496,0,0.744425892829895,1,0.8319330215454102,1
317,1,171,medium,0.8085776567459106,1,8.395229997404385e-06,0,0.0011298636673018336,0,0.056725990027189255,0,0.08607389032840729,0
318,1,155,medium,0.9143360257148743,1,3.209945134585723e-05,0,0.03696249797940254,0,0.2896101772785187,0,0.35299694538116455,0
319,1,123,medium,0.9993802309036255,1,0.00025632831966504455,0,0.4102257192134857,0,0.5698763132095337,1,0.6564027667045593,1
320,1,144,medium,0.99714595079422,1,0.0016189527232199907,0,0.5141381025314331,1,0.46740657091140747,0,0.7393816113471985,1
321,1,190,medium,0.9996469020843506,1,3.334062421345152e-05,0,0.013559534214437008,0,0.041961029171943665,0,0.04632703587412834,0
322,1,193,medium,0.0025610264856368303,0,0.000732148124370724,0,0.08387374877929688,0,0.17098207771778107,0,0.13889659941196442,0
323,1,176,medium,0.011608037166297436,0,1.1305744919809513e-05,0,0.001409085700288415,0,0.0017906073480844498,0,0.0017619386781007051,0
324,1,190,medium,0.0002789791615214199,0,3.1520543416263536e-05,0,0.001828020322136581,0,0.00494155939668417,0,0.004001693334430456,0
325,1,193,medium,0.03195820748806,0,0.00029543781420215964,0,0.05558660998940468,0,0.5192080140113831,1,0.6020371317863464,1
326,1,188,medium,0.002026819856837392,0,2.373598181293346e-05,0,0.006080454681068659,0,0.0026968945749104023,0,0.003600944997742772,0
327,1,104,medium,0.0006632964359596372,0,0.00018770236056298018,0,0.006135623436421156,0,0.009331750683486462,0,0.006573145277798176,0
328,1,173,medium,0.9985175728797913,1,8.723489008843899e-05,0,0.1978541612625122,0,0.3533135950565338,0,0.4060017764568329,0
329,1,183,medium,0.9245694875717163,1,0.00013020553160458803,0,0.03326984494924545,0,0.18811723589897156,0,0.16673347353935242,0
330,1,183,medium,0.1334574967622757,0,5.204980698181316e-05,0,0.0076897647231817245,0,0.05737369880080223,0,0.05734342709183693,0
331,1,185,medium,0.000593863776884973,0,4.2017352825496346e-05,0,0.007095783017575741,0,0.003401168854907155,0,0.004030314274132252,0
332,1,159,medium,0.9255755543708801,1,8.397457713726908e-05,0,0.00014952383935451508,0,0.0002685972722247243,0,0.0005092881037853658,0
333,1,176,medium,0.0014034209307283163,0,0.0003157682076562196,0,0.09512899070978165,0,0.4381979703903198,0,0.35446077585220337,0
334,1,189,medium,0.008721845224499702,0,0.00010093975288327783,0,0.00014030047168489546,0,3.966520671383478e-05,0,0.00014632687089033425,0
335,1,181,medium,0.004618040286004543,0,3.218306301278062e-05,0,0.0021987182553857565,0,0.006836993619799614,0,0.010026986710727215,0
336,1,186,medium,0.055630192160606384,0,9.74200083874166e-05,0,0.032461028546094894,0,0.1041291356086731,0,0.16188082098960876,0
337,1,150,medium,0.06952357292175293,0,7.2115843067877e-05,0,0.029668863862752914,0,0.012667395174503326,0,0.023516403511166573,0
338,1,170,medium,0.9915404915809631,1,0.00010056332394015044,0,0.00013967149425297976,0,0.00014750755508430302,0,0.0002941898419521749,0
339,1,145,medium,0.9993304014205933,1,7.787787035340443e-05,0,0.003162456676363945,0,0.0015923915198072791,0,0.0019215241773054004,0
340,1,116,medium,0.15444298088550568,0,8.561844151699916e-05,0,0.0033401118125766516,0,0.003361825831234455,0,0.003638681024312973,0
341,1,130,medium,0.05635269358754158,0,1.873962719400879e-05,0,0.004584586713463068,0,0.036617688834667206,0,0.04332449287176132,0
342,1,186,medium,0.9955784678459167,1,0.000686811632476747,0,0.2797497808933258,0,0.6911596059799194,1,0.7322715520858765,1
343,1,110,medium,0.0008619393338449299,0,0.00012785092985723168,0,0.14624294638633728,0,0.15141767263412476,0,0.12793293595314026,0
344,1,131,medium,0.006495506968349218,0,3.0194698410923593e-05,0,0.0018291022861376405,0,0.0027478705160319805,0,0.002629288239404559,0
345,1,185,medium,0.0016704011941328645,0,1.067711491486989e-05,0,0.003703327616676688,0,0.010751577094197273,0,0.014789639040827751,0
346,1,128,medium,0.0010721280705183744,0,9.40642348723486e-05,0,0.005179315339773893,0,0.019951215013861656,0,0.024120695888996124,0
347,1,189,medium,0.0008590863435529172,0,3.8077028875704855e-05,0,0.0016871561529114842,0,0.00983795803040266,0,0.007217315025627613,0
348,1,180,medium,0.9933433532714844,1,4.617373997461982e-05,0,0.005285814870148897,0,0.009919128380715847,0,0.010299484245479107,0
349,1,187,medium,0.00039593828842043877,0,5.6025528465397656e-05,0,0.014828765764832497,0,0.08463110774755478,0,0.15323494374752045,0
350,1,108,medium,0.963815450668335,1,8.639141015009955e-05,0,0.0001556658826302737,0,5.819040961796418e-05,0,0.0001782150357030332,0
351,1,177,medium,0.6243150234222412,1,8.549377525923774e-05,0,0.00018687198462430388,0,0.0002366842090850696,0,0.0004856342275161296,0
352,1,168,medium,0.9997214674949646,1,0.0014747193781659007,0,0.2844151556491852,0,0.48589304089546204,0,0.47167596220970154,0
353,1,190,medium,0.9525668025016785,1,0.0012039559660479426,0,0.3947259485721588,0,0.8870524764060974,1,0.8669277429580688,1
354,1,197,medium,0.008456871844828129,0,9.468744792684447e-06,0,0.006114844232797623,0,0.013154062442481518,0,0.020906202495098114,0
355,1,164,medium,0.7268111705780029,1,0.0011581508442759514,0,0.01681586168706417,0,0.11116313934326172,0,0.09362534433603287,0
356,1,201,medium,0.004082356113940477,0,8.694393727637362e-06,0,0.0016087789554148912,0,0.0017990239430218935,0,0.002616491401568055,0
357,1,162,medium,0.008580786176025867,0,1.910591163323261e-05,0,0.004440301097929478,0,0.001312165055423975,0,0.0023004133254289627,0
358,1,109,medium,0.9975900650024414,1,3.7064135540276766e-05,0,0.03343849629163742,0,0.1048039048910141,0,0.1425197571516037,0
359,1,172,medium,0.9996799230575562,1,0.00026309830718673766,0,0.038753919303417206,0,0.1363108903169632,0,0.15040253102779388,0
360,1,180,medium,0.0007119220681488514,0,6.517455403809436e-06,0,0.0009274729527533054,0,0.0016582395182922482,0,0.001715764170512557,0
361,1,166,medium,0.0008019342203624547,0,1.3196608051657677e-05,0,0.0071553862653672695,0,0.0841691866517067,0,0.08755159378051758,0
362,1,132,medium,0.10279261320829391,0,0.008089447394013405,0,0.23472364246845245,0,0.667205810546875,1,0.6032952666282654,1
363,1,137,medium,0.9988297820091248,1,0.0004620654508471489,0,0.06255604326725006,0,0.4341348111629486,0,0.44165298342704773,0
364,1,120,medium,0.5138094425201416,1,0.0002345474058529362,0,0.1267794370651245,0,0.05432352423667908,0,0.08088720589876175,0
365,1,184,medium,0.9997351765632629,1,0.0002551625657361001,0,0.05089004710316658,0,0.06272082775831223,0,0.06585481017827988,0
366,1,196,medium,0.884874165058136,1,9.21560149436118e-06,0,0.010840137489140034,0,0.1714082509279251,0,0.1554075926542282,0
367,1,116,medium,0.9077674150466919,1,2.1837227905052714e-05,0,0.0011320313205942512,0,0.005270417779684067,0,0.009930734522640705,0
368,1,197,medium,0.0006920989835634828,0,2.552027945057489e-05,0,0.0076627666130661964,0,0.004189963918179274,0,0.006954035256057978,0
369,1,130,medium,0.0020004799589514732,0,1.2849329323216807e-05,0,0.004787866026163101,0,0.005896787624806166,0,0.00587135273963213,0
370,1,161,medium,0.2119857221841812,0,0.000128799511003308,0,0.1848522424697876,0,0.5913144946098328,1,0.7593764066696167,1
371,1,182,medium,0.86655592918396,1,9.728029544930905e-05,0,0.01454263087362051,0,0.0347188338637352,0,0.03971240296959877,0
372,1,176,medium,0.9006622433662415,1,0.0004922295338474214,0,0.036830395460128784,0,0.11079279333353043,0,0.15182462334632874,0
373,1,187,medium,0.0003564857179298997,0,4.7815428843023255e-05,0,0.012535667978227139,0,0.006947659887373447,0,0.009231586009263992,0
374,1,155,medium,0.9879788160324097,1,0.0001441917847841978,0,0.03832954540848732,0,0.30192863941192627,0,0.4226786494255066,0
375,1,146,medium,0.0037053371779620647,0,0.00022966564574744552,0,0.013676948845386505,0,0.08280853182077408,0,0.11874961853027344,0
376,1,175,medium,0.995459258556366,1,3.2100335374707356e-05,0,0.009521443396806717,0,0.036421969532966614,0,0.03692912310361862,0
377,1,119,medium,0.460491418838501,0,0.002478308044373989,0,0.13275206089019775,0,0.7122832536697388,1,0.6997755169868469,1
378,1,188,medium,0.028080368414521217,0,0.00011459358938736841,0,0.00012202113430248573,0,0.0003745348658412695,0,0.00044324336340650916,0
379,1,152,medium,0.0077186645939946175,0,0.00010357965948060155,0,0.4161352813243866,0,0.90704345703125,1,0.9521433711051941,1
380,1,95,medium,0.10769161581993103,0,0.00013240509724710137,0,0.00018892314983531833,0,5.165418406249955e-05,0,0.00019930567941628397,0
381,1,183,medium,0.010797016322612762,0,1.1647549399640411e-05,0,0.0022494785953313112,0,0.016783546656370163,0,0.01137428730726242,0
382,1,142,medium,0.9852414727210999,1,0.00034156162291765213,0,0.12203428149223328,0,0.47363579273223877,0,0.6385322213172913,1
383,1,156,medium,0.9993081092834473,1,0.043656934052705765,0,0.5986635684967041,1,0.8814267516136169,1,0.9287508726119995,1
384,1,112,medium,0.9899418950080872,1,0.0007894705631770194,0,0.1442524492740631,0,0.06346728652715683,0,0.05307187885046005,0
385,1,166,medium,0.005614344961941242,0,8.906224684324116e-05,0,0.00020580909040290862,0,0.00016752679948695004,0,0.0003845260653179139,0
386,1,124,medium,0.0039904434233903885,0,1.4941715562599711e-05,0,0.001667685341089964,0,0.001016637310385704,0,0.001119254040531814,0
387,1,186,medium,0.0007922507356852293,0,0.0001890743587864563,0,0.015112853609025478,0,0.04935147985816002,0,0.03702528402209282,0
388,1,169,medium,0.0017424345714971423,0,4.0393308154307306e-05,0,0.00019473995780572295,0,0.0001993851037696004,0,0.00045598193537443876,0
389,1,119,medium,0.0007563085528090596,0,1.9709377738763578e-05,0,0.11421095579862595,0,0.8904657959938049,1,0.9167726039886475,1
390,1,175,medium,0.003531841328367591,0,1.8569306121207774e-05,0,0.0038267590571194887,0,0.005568876396864653,0,0.004759196192026138,0
391,1,185,medium,0.710707426071167,1,7.008758984738961e-05,0,0.014850549399852753,0,0.02558061294257641,0,0.03727461397647858,0
392,1,141,medium,0.9996731281280518,1,0.004855375736951828,0,0.0609167143702507,0,0.540880024433136,1,0.507283091545105,1
393,1,189,medium,0.0007024240912869573,0,1.7036798453773372e-05,0,0.0011111784260720015,0,0.004648460075259209,0,0.005390245001763105,0
394,1,173,medium,0.048280682414770126,0,0.00029012770392000675,0,0.49545133113861084,0,0.8911799192428589,1,0.894267201423645,1
395,1,165,medium,0.338528573513031,0,9.40910613280721e-05,0,0.020216932520270348,0,0.04553012177348137,0,0.043178025633096695,0
396,1,226,medium,0.0015521676978096366,0,3.1471434340346605e-05,0,0.00011700744653353468,0,0.0003636517794802785,0,0.00043200651998631656,0
397,1,204,medium,0.0004744746838696301,0,1.873051587608643e-05,0,0.012847144156694412,0,0.03220679238438606,0,0.026530789211392403,0
398,1,92,medium,0.01584783010184765,0,6.430065695894882e-05,0,0.0034315469674766064,0,0.0002333602460566908,0,0.0004553022445179522,0
399,1,173,medium,0.0009923167526721954,0,0.0014044182607904077,0,0.14000873267650604,0,0.805009663105011,1,0.7874019742012024,1
400,1,179,medium,0.0009270165464840829,0,8.589185199525673e-06,0,0.0006642294465564191,0,0.0010855358559638262,0,0.0010905390372499824,0
401,1,188,medium,0.9952150583267212,1,1.1330851521051954e-05,0,0.007338333874940872,0,0.054010625928640366,0,0.04503721371293068,0
402,1,162,medium,0.08108238130807877,0,9.574311843607575e-05,0,0.00019961032376158983,0,0.00011613276728894562,0,0.00031277499510906637,0
403,1,190,medium,0.028281092643737793,0,5.279995093587786e-05,0,0.019706549122929573,0,0.02450176142156124,0,0.043171364814043045,0
404,1,122,medium,0.2595788240432739,0,0.00018380700203124434,0,0.2435925304889679,0,0.6387137174606323,1,0.7683535814285278,1
405,1,159,medium,0.07476324588060379,0,0.00010117354395333678,0,0.00019349432841408998,0,0.00010243700671708211,0,0.00028035155264660716,0
406,1,128,medium,0.002904273336753249,0,1.535688898002263e-05,0,0.0034013791009783745,0,0.01371466089040041,0,0.016485754400491714,0
407,1,196,medium,0.0004889614065177739,0,6.163767102407292e-05,0,0.018574386835098267,0,0.191640242934227,0,0.15719766914844513,0
408,1,164,medium,0.0014298501191660762,0,7.970870683493558e-06,0,0.003065581899136305,0,0.0632026270031929,0,0.10869138687849045,0
409,1,162,medium,0.0067509920336306095,0,3.546914740581997e-05,0,0.039342205971479416,0,0.09703753143548965,0,0.09790653735399246,0
410,1,145,medium,0.8381428718566895,1,3.1260380637831986e-05,0,0.11086485534906387,0,0.09340724349021912,0,0.13712310791015625,0
411,1,143,medium,0.0016018083551898599,0,0.001375028514303267,0,0.1466463953256607,0,0.39930254220962524,0,0.5514571666717529,1
412,1,190,medium,0.0007990615558810532,0,2.434013549645897e-05,0,0.00012670381693169475,0,0.00023555320512969047,0,0.0004628075985237956,0
413,1,113,medium,0.999722421169281,1,1.3237585335446056e-05,0,0.0017045114655047655,0,0.0005680686444975436,0,0.001040893024764955,0
414,1,162,medium,0.9995664954185486,1,9.092638356378302e-05,0,0.139913871884346,0,0.05065607652068138,0,0.09202218800783157,0
415,1,125,medium,0.9290602803230286,1,1.8575221474748105e-05,0,0.003602298442274332,0,0.00239123054780066,0,0.00438271090388298,0
416,1,134,medium,0.02119503729045391,0,1.1058689779019915e-05,0,0.001128518139012158,0,0.0020270254462957382,0,0.0019473899155855179,0
417,1,168,medium,0.972445547580719,1,0.00023037841310724616,0,0.016828715801239014,0,0.02227531000971794,0,0.020679732784628868,0
418,1,174,medium,0.009685673750936985,0,0.0006651106523349881,0,0.05443734675645828,0,0.5229353904724121,1,0.41789937019348145,0
419,1,187,medium,0.0016226177103817463,0,4.0805956814438105e-05,0,0.005465867929160595,0,0.004991833586245775,0,0.005971900187432766,0
420,1,163,medium,0.002672947710379958,0,9.910528751788661e-05,0,0.00022829500085208565,0,0.00018004601588472724,0,0.00041238823905587196,0
421,1,166,medium,0.23199740052223206,0,0.00030058828997425735,0,0.038611091673374176,0,0.24001020193099976,0,0.314633846282959,0
422,1,172,medium,0.03581716865301132,0,9.300055535277352e-05,0,0.00013419627794064581,0,0.0002465112484060228,0,0.0004927148693241179,0
423,1,172,medium,0.0021747061982750893,0,2.0375558960950002e-05,0,0.001865025726146996,0,0.006766761187463999,0,0.004877370782196522,0
424,1,167,medium,0.4342195391654968,0,3.157620085403323e-05,0,0.009265194647014141,0,0.014137153513729572,0,0.012938682921230793,0
425,1,177,medium,0.006212725304067135,0,3.472745811450295e-05,0,0.00023510780010838062,0,0.0016022003255784512,0,0.0016238155076280236,0
426,1,188,medium,0.9904540777206421,1,0.00019508099649101496,0,0.03360548987984657,0,0.01045205257833004,0,0.023070169612765312,0
427,1,149,medium,0.31340599060058594,0,0.00021817754895891994,0,0.06461531668901443,0,0.5316027402877808,1,0.7103238701820374,1
428,1,193,medium,0.0004858638858422637,0,8.143394370563328e-05,0,0.052723925560712814,0,0.05750715732574463,0,0.07155036181211472,0
429,1,182,medium,0.002462248085066676,0,6.466037302743644e-05,0,0.015100331045687199,0,0.22600634396076202,0,0.2375076860189438,0
430,1,182,medium,0.0006647526170127094,0,3.9817219658289105e-05,0,0.0024528380017727613,0,0.0022116105537861586,0,0.0018872737418860197,0
431,1,180,medium,0.0060562677681446075,0,1.7655718693276867e-05,0,0.002484095748513937,0,0.0030127186328172684,0,0.0036370286252349615,0
432,1,171,medium,0.010280690155923367,0,8.347630500793457e-05,0,0.01677839457988739,0,0.08568071573972702,0,0.13880671560764313,0
433,1,196,medium,0.0005377338966354728,0,8.794669702183455e-05,0,0.005886105354875326,0,0.00755163561552763,0,0.006180995609611273,0
434,1,179,medium,0.0025759642012417316,0,2.8407550416886806e-05,0,0.0048828632570803165,0,0.03120613656938076,0,0.03610888123512268,0
435,1,62,medium,0.9965853691101074,1,0.000496369379106909,0,0.01658199355006218,0,0.07507197558879852,0,0.1753101646900177,0
436,1,190,medium,0.0019757580012083054,0,2.901598418247886e-05,0,0.0029047566931694746,0,0.0017089839093387127,0,0.0020373286679387093,0
437,1,117,medium,0.0002671481925062835,0,3.9369759178953245e-05,0,0.01322611328214407,0,0.024253370240330696,0,0.018664514645934105,0
438,1,115,medium,0.006395950447767973,0,2.6036319468403235e-05,0,0.00032397190807387233,0,6.600806955248117e-05,0,0.00016550152213312685,0
439,1,73,medium,0.0023152714129537344,0,1.1828037713712547e-05,0,0.005503241904079914,0,0.06681941449642181,0,0.06884242594242096,0
440,1,191,medium,0.0003792171482928097,0,3.555601870175451e-05,0,0.006295484025031328,0,0.010532647371292114,0,0.009404598735272884,0
441,1,172,medium,0.0006569679826498032,0,1.6511981812072918e-05,0,0.00321462145075202,0,0.0515584722161293,0,0.054973457008600235,0
442,1,74,medium,0.08052334934473038,0,9.350044820166659e-06,0,0.0009607074898667634,0,0.0006596740568056703,0,0.0014314115978777409,0
443,1,162,medium,0.0007324632024392486,0,3.8246689655352384e-05,0,0.00021826308511663228,0,0.0005201515159569681,0,0.0006297850050032139,0
444,1,181,medium,0.0004779267474077642,0,1.1719662325049285e-05,0,0.0030265343375504017,0,0.014212328940629959,0,0.01987762376666069,0
445,1,131,medium,0.9133332371711731,1,1.622532363398932e-05,0,0.001415696693584323,0,0.008330064825713634,0,0.010145394131541252,0
446,1,112,medium,0.999554455280304,1,1.2224017154949252e-05,0,0.51860511302948,1,0.7193276882171631,1,0.846688449382782,1
447,1,140,medium,0.08228609710931778,0,2.3890224838396534e-05,0,0.047783710062503815,0,0.04762715846300125,0,0.03875403106212616,0
448,1,136,medium,0.9759154319763184,1,5.285083534545265e-05,0,0.041870053857564926,0,0.023872388526797295,0,0.03999002277851105,0
449,1,227,medium,0.11323521286249161,0,3.0134433472994715e-05,0,0.00018546236969996244,0,0.0005772645235992968,0,0.0009162980131804943,0
450,1,121,medium,0.0020107124000787735,0,4.364171763882041e-05,0,0.014452620409429073,0,0.006260705646127462,0,0.012839410454034805,0
451,1,163,medium,0.865663468837738,1,0.0002440405369270593,0,0.11973229795694351,0,0.22887280583381653,0,0.3867151439189911,0
452,1,187,medium,0.9411683678627014,1,2.2153983081807382e-05,0,0.002781221177428961,0,0.00330952275544405,0,0.003421633969992399,0
453,1,191,medium,0.000668094027787447,0,8.476770744891837e-05,0,0.006999448407441378,0,0.027058150619268417,0,0.025033142417669296,0
454,1,161,medium,0.837643027305603,1,4.389859168441035e-05,0,0.004408105742186308,0,0.002107532462105155,0,0.0022921129129827023,0
455,1,194,medium,0.0003328307648189366,0,1.1987448488071095e-05,0,0.006564230192452669,0,0.05334782227873802,0,0.04393753781914711,0
456,1,176,medium,0.007507567293941975,0,1.0521473086555488e-05,0,0.010918902233242989,0,0.009342283010482788,0,0.017628569155931473,0
457,1,173,medium,0.012295308522880077,0,9.537534788250923e-05,0,0.0001948430435732007,0,0.00012825267913285643,0,0.0003196960606146604,0
458,1,162,medium,0.003779091639444232,0,2.2692707716487348e-05,0,0.00028024864150211215,0,0.00047580376849509776,0,0.000937754986807704,0
459,1,185,medium,0.0001874073059298098,0,6.469401341746561e-06,0,0.0007676332606934011,0,0.005365224555134773,0,0.008267762139439583,0
460,1,197,medium,0.0023358315229415894,0,2.4979210138553753e-05,0,0.050956062972545624,0,0.07940216362476349,0,0.12303359061479568,0
461,1,130,medium,0.002190703060477972,0,2.6763791538542137e-05,0,0.0023569436743855476,0,0.00599667988717556,0,0.003944885451346636,0
462,1,159,medium,0.999717652797699,1,0.0016399043379351497,0,0.36263659596443176,0,0.6111071705818176,1,0.7000894546508789,1
463,1,190,medium,0.0002095727395499125,0,5.2886069170199335e-05,0,0.018512699753046036,0,0.05407733842730522,0,0.06334742903709412,0
464,1,137,medium,0.0011468518059700727,0,2.044600114459172e-05,0,0.0148892467841506,0,0.032107800245285034,0,0.06022616848349571,0
465,1,198,medium,0.0004997822106815875,0,1.3667896382685285e-05,0,0.0019400394521653652,0,0.0024972183164209127,0,0.0023847308475524187,0
466,1,147,medium,0.0003900676965713501,0,6.978613964747638e-05,0,0.13558559119701385,0,0.46888864040374756,0,0.580493152141571,1
467,1,191,medium,0.007167252711951733,0,2.393487375229597e-05,0,0.02464914880692959,0,0.01908177323639393,0,0.033268559724092484,0
468,1,166,medium,0.042175132781267166,0,8.845984848449007e-05,0,0.00018920708680525422,0,0.00011323815124342218,0,0.00029365014052018523,0
469,1,49,medium,0.0031334785744547844,0,9.385144949192181e-05,0,0.00020244691404514015,0,5.131389480084181e-05,0,0.0002063256542896852,0
470,1,186,medium,0.8324581980705261,1,0.1179073229432106,0,0.892887532711029,1,0.9820743203163147,1,0.9885588884353638,1
471,1,155,medium,0.045916445553302765,0,8.593126949563157e-06,0,0.002156884176656604,0,0.0017316509038209915,0,0.004499960225075483,0
472,1,193,medium,0.0006242534145712852,0,2.2075804736232385e-05,0,0.0018557248404249549,0,0.0024377123918384314,0,0.002743230201303959,0
473,1,160,medium,0.0628776028752327,0,9.82911660685204e-05,0,0.00018358246597927064,0,0.00011280200851615518,0,0.00029073681798763573,0
474,1,175,medium,0.9822115302085876,1,2.4544744519516826e-05,0,0.015336310490965843,0,0.20633777976036072,0,0.21624545753002167,0
475,1,86,medium,0.9995689988136292,1,0.00016146340931300074,0,0.005682791583240032,0,0.005479749757796526,0,0.006582552567124367,0
476,1,185,medium,0.005125644616782665,0,9.352667984785512e-05,0,0.012009760364890099,0,0.08701822906732559,0,0.08108264207839966,0
477,1,113,medium,0.1163691058754921,0,0.0001491245930083096,0,0.05064810812473297,0,0.7618411779403687,1,0.7530315518379211,1
478,1,133,medium,0.002109018387272954,0,0.0006491346866823733,0,0.3177717924118042,0,0.22051435708999634,0,0.29578402638435364,0
479,1,199,medium,0.7133803963661194,1,8.725045336177573e-05,0,0.010996849276125431,0,0.0029032996390014887,0,0.0038624571170657873,0
480,1,196,medium,0.4272750914096832,0,6.02496147621423e-05,0,0.012951299548149109,0,0.012436709366738796,0,0.02047637663781643,0
481,1,176,medium,0.00299407122656703,0,0.00028366802143864334,0,0.03334849700331688,0,0.04909126088023186,0,0.04838837683200836,0
482,1,182,medium,0.9717050194740295,1,5.9819150919793174e-05,0,0.02499941736459732,0,0.09271106868982315,0,0.1124856248497963,0
483,1,176,medium,0.0002849922457244247,0,1.5024432286736555e-05,0,0.0046599507331848145,0,0.0033761439844965935,0,0.003112943610176444,0
484,1,182,medium,0.045673221349716187,0,8.334728045156226e-05,0,0.018829546868801117,0,0.05652391165494919,0,0.05460168793797493,0
485,1,148,medium,0.011318347416818142,0,5.5220662034116685e-05,0,0.043477606028318405,0,0.37614282965660095,0,0.5490339398384094,1
486,1,177,medium,0.08729326725006104,0,9.99004714685725e-06,0,0.018525557592511177,0,0.09547445178031921,0,0.13083048164844513,0
487,1,179,medium,0.998359739780426,1,0.00010167180880671367,0,0.02053476870059967,0,0.03164863958954811,0,0.03233680874109268,0
488,1,184,medium,0.06652959436178207,0,3.12366864818614e-05,0,0.0016689457697793841,0,0.0025295079685747623,0,0.001971659017726779,0
489,1,168,medium,0.0008475892245769501,0,0.00040443369653075933,0,0.12837541103363037,0,0.7129318118095398,1,0.6463317275047302,1
490,1,186,medium,0.05528504401445389,0,2.4091903469525278e-05,0,0.006356964819133282,0,0.02417936734855175,0,0.02268851175904274,0
491,1,109,medium,0.0004813761916011572,0,0.0007927355472929776,0,0.04864931106567383,0,0.3792150616645813,0,0.45733487606048584,0
492,1,190,medium,0.00930548831820488,0,2.5980858481489122e-05,0,0.004094638861715794,0,0.016416700556874275,0,0.008229059167206287,0
493,1,165,medium,0.0012980123283341527,0,1.803568193281535e-05,0,0.09425344318151474,0,0.12202849239110947,0,0.15849795937538147,0
494,1,85,medium,0.17428059875965118,0,0.00018317977082915604,0,0.018471883609890938,0,0.02638184279203415,0,0.028030293062329292,0
495,1,168,medium,0.8153937458992004,1,4.123295730096288e-05,0,0.00027021756977774203,0,0.0012291634920984507,0,0.0013922707876190543,0
496,1,178,medium,0.2669573724269867,0,3.440067303017713e-05,0,0.0042024217545986176,0,0.0024362364783883095,0,0.003310093656182289,0
497,1,113,medium,0.9941356182098389,1,4.1281036828877404e-05,0,0.012524583376944065,0,0.0035121305845677853,0,0.004766198340803385,0
498,1,183,medium,0.00038327317452058196,0,5.398039866122417e-05,0,0.024104507640004158,0,0.060241032391786575,0,0.05441882088780403,0
499,1,206,medium,0.9976750016212463,1,0.0007513721939176321,0,0.27855178713798523,0,0.8936927914619446,1,0.9152236580848694,1
500,1,195,medium,0.0097081009298563,0,1.1326141247991472e-05,0,0.002316814148798585,0,0.047169458121061325,0,0.06404142826795578,0
501,1,169,medium,0.10531692951917648,0,0.00010047610703622922,0,0.0001839109609136358,0,9.66781735769473e-05,0,0.000266405229922384,0
502,1,185,medium,0.0026453363243490458,0,2.9524186174967326e-05,0,9.679052891442552e-05,0,9.046222839970142e-05,0,0.00023655426048208028,0
503,1,186,medium,0.0022734636440873146,0,1.6383486581617035e-05,0,0.004440050572156906,0,0.01841607503592968,0,0.01794453337788582,0
504,1,60,medium,0.002732724417001009,0,8.857937791617587e-05,0,0.00021633313735947013,0,5.4894451750442386e-05,0,0.00020883051911368966,0
505,1,174,medium,0.19417481124401093,0,0.4545361399650574,0,0.6400763988494873,1,0.9850287437438965,1,0.9739007949829102,1
506,1,160,medium,0.00221992377191782,0,2.839571243384853e-05,0,0.008356425911188126,0,0.011904614046216011,0,0.02434287592768669,0
507,1,186,medium,0.0006621162756346166,0,0.00017704065248835832,0,0.00679607642814517,0,0.14219653606414795,0,0.11050409078598022,0
508,1,130,medium,0.0012044166214764118,0,0.00013950126594863832,0,0.004234672989696264,0,0.018493402749300003,0,0.019417904317378998,0
509,1,183,medium,0.001538926619105041,0,9.19187550607603e-06,0,0.003203640691936016,0,0.004307515919208527,0,0.004142677877098322,0
510,1,145,medium,0.00920704286545515,0,3.586824095691554e-05,0,0.007069904822856188,0,0.00453318702057004,0,0.005213518626987934,0
511,1,173,medium,0.0021265896502882242,0,5.6653043429832906e-05,0,0.01030921470373869,0,0.013872087933123112,0,0.021747121587395668,0
512,1,183,medium,0.00031884649069979787,0,1.0130281225428917e-05,0,0.00847441516816616,0,0.016411466524004936,0,0.014822489582002163,0
513,1,96,medium,0.8320462703704834,1,2.1418090909719467e-05,0,0.005545173771679401,0,0.005580989643931389,0,0.00696910684928298,0
514,1,176,medium,0.012075092643499374,0,5.1248414820292965e-05,0,0.007899477146565914,0,0.004987773951143026,0,0.004889063071459532,0
515,1,170,medium,0.9957713484764099,1,7.767227361910045e-05,0,0.0001755814446369186,0,0.0001004306977847591,0,0.000280296488199383,0
516,1,127,medium,0.9794435501098633,1,2.0185076209600084e-05,0,0.0027973095420747995,0,0.002325227949768305,0,0.002960482845082879,0
517,1,195,medium,0.00036083522718399763,0,1.2061551387887448e-05,0,0.0014233705587685108,0,0.0029571999330073595,0,0.003346072742715478,0
518,1,105,medium,0.0007116622873581946,0,0.0029133206699043512,0,0.466474711894989,0,0.9667892456054688,1,0.9656791090965271,1
519,1,180,medium,0.003648648736998439,0,0.004197044763714075,0,0.038251519203186035,0,0.2076382040977478,0,0.22725044190883636,0
520,1,88,medium,0.8488518595695496,1,0.00015214514860417694,0,0.08356459438800812,0,0.06752461940050125,0,0.05872787907719612,0
521,1,180,medium,0.001766278874129057,0,8.658101432956755e-05,0,0.0001616774097783491,0,0.00013577353092841804,0,0.0003013589885085821,0
522,1,192,medium,0.013179903849959373,0,1.2702671483566519e-05,0,0.003033824497833848,0,0.009527011774480343,0,0.008412663824856281,0
523,1,148,medium,0.001842070952989161,0,0.010987762361764908,0,0.04785437136888504,0,0.09877371788024902,0,0.12722043693065643,0
524,1,172,medium,0.031134234741330147,0,8.54870886541903e-05,0,0.0001755931443767622,0,8.507185702910647e-05,0,0.0002350425929762423,0
525,1,120,medium,0.017313102260231972,0,2.445521022309549e-05,0,0.31172436475753784,0,0.9836173057556152,1,0.9804604649543762,1
526,1,143,medium,0.0009067065548151731,0,2.8408390789991245e-05,0,0.017871137708425522,0,0.05920816957950592,0,0.10345787554979324,0
527,1,161,medium,0.8349285125732422,1,0.00010991764429491013,0,0.01966717280447483,0,0.0539064034819603,0,0.08874529600143433,0
528,1,131,medium,0.9938405752182007,1,0.00016455123841296881,0,0.03536422923207283,0,0.00683517474681139,0,0.010233783163130283,0
529,1,165,medium,0.05334748327732086,0,9.652065637055784e-05,0,0.00018624670337885618,0,9.911247616400942e-05,0,0.0002716566377785057,0
530,1,144,medium,0.0004613496130332351,0,9.163063623418566e-06,0,0.002442744327709079,0,0.004985599312931299,0,0.006246374454349279,0
531,1,152,medium,0.9997095465660095,1,0.0001382887567160651,0,0.07643919438123703,0,0.450168639421463,0,0.3697853982448578,0
532,1,181,medium,0.0542355515062809,0,2.4957091227406636e-05,0,0.006438169628381729,0,0.004218426998704672,0,0.004121861886233091,0
533,1,171,medium,0.03604282811284065,0,0.00013063556980341673,0,0.00023255308042280376,0,0.00024476455291733146,0,0.0005361370858736336,0
534,1,182,medium,0.003966883290559053,0,1.4160808859742247e-05,0,0.0007547677378170192,0,0.0014859091024845839,0,0.001839467091485858,0
535,1,163,medium,0.9995267391204834,1,0.009038075804710388,0,0.34999093413352966,0,0.8403670787811279,1,0.8511690497398376,1
536,1,193,medium,0.9918940663337708,1,0.00019909028196707368,0,0.13041779398918152,0,0.022254830226302147,0,0.029355430975556374,0
537,1,209,medium,0.005154930520802736,0,2.517802749935072e-05,0,0.014546491205692291,0,0.23368799686431885,0,0.37424585223197937,0
538,1,168,medium,0.0006382393767125905,0,2.333677366550546e-05,0,0.0006265288102440536,0,0.0007315190741792321,0,0.0013368463842198253,0
539,1,123,medium,0.9990940093994141,1,2.5249270038329996e-05,0,0.006500727031379938,0,0.018809683620929718,0,0.023600444197654724,0
540,1,181,medium,0.9962156414985657,1,0.00013615936040878296,0,0.0333697684109211,0,0.022716043516993523,0,0.031151194125413895,0
541,1,207,medium,0.00024880681303329766,0,4.9901277634489816e-06,0,0.0007369940867647529,0,0.0035333919804543257,0,0.0043199192732572556,0
542,1,114,medium,0.0009201228967867792,0,1.530224471935071e-05,0,0.00671419408172369,0,0.007044753525406122,0,0.016909107565879822,0
543,1,199,medium,0.0309116430580616,0,2.1943298634141684e-05,0,0.005666419863700867,0,0.003089518751949072,0,0.00406653992831707,0
544,1,177,medium,0.026871275156736374,0,3.3967920899158344e-05,0,0.00016564501856919378,0,0.00028205636772327125,0,0.00041856872849166393,0
545,1,191,medium,0.9929797053337097,1,4.45268779003527e-05,0,0.03641490265727043,0,0.05213490501046181,0,0.06693889200687408,0
546,1,66,medium,0.0007541473023593426,0,6.50838774163276e-05,0,0.00018733725300990045,0,5.778540071332827e-05,0,0.000188543985132128,0
547,1,73,medium,0.006637187674641609,0,5.501461782841943e-05,0,0.0036892530042678118,0,0.0056451247073709965,0,0.005169125739485025,0
548,1,193,medium,0.19338233768939972,0,1.3720841707254294e-05,0,0.0030624372884631157,0,0.0332978256046772,0,0.043091073632240295,0
549,1,190,medium,0.022743508219718933,0,0.00029510253807529807,0,0.011409789323806763,0,0.15798096358776093,0,0.13274860382080078,0
550,1,113,medium,0.9721702337265015,1,0.0008453275659121573,0,0.37167251110076904,0,0.2247091680765152,0,0.41861671209335327,0
551,1,195,medium,0.0062492904253304005,0,2.6897485440713353e-05,0,0.016455089673399925,0,0.19581496715545654,0,0.1551533341407776,0
552,1,139,medium,0.003831376787275076,0,0.0004766794154420495,0,0.20323379337787628,0,0.28212770819664,0,0.3980613052845001,0
553,1,180,medium,0.9997064471244812,1,0.0074759591370821,0,0.347690612077713,0,0.46276170015335083,0,0.5916500687599182,1
554,1,173,medium,0.9939848780632019,1,0.00030217203311622143,0,0.01191752590239048,0,0.021312927827239037,0,0.01164595689624548,0
555,1,161,medium,0.079692542552948,0,7.547962013632059e-05,0,0.013766915537416935,0,0.06527715176343918,0,0.04934294894337654,0
556,1,179,medium,0.0002688698878046125,0,0.00011537897808011621,0,0.09170478582382202,0,0.1011744886636734,0,0.138093501329422,0
557,1,156,medium,0.393676221370697,0,8.380662620766088e-06,0,0.007460498716682196,0,0.04655586555600166,0,0.03369108587503433,0
558,1,135,medium,0.0004457109607756138,0,7.2168368205893785e-06,0,0.0008815755136311054,0,0.0009706767741590738,0,0.0011317110620439053,0
559,1,163,medium,0.003429665695875883,0,0.0023012803867459297,0,0.036129727959632874,0,0.0858481228351593,0,0.10936467349529266,0
560,1,188,medium,0.0026855370961129665,0,4.891708886134438e-05,0,0.00019413519476074725,0,0.00017934867355506867,0,0.00040865762275643647,0
561,1,203,medium,0.0009472601814195514,0,8.057854756771121e-06,0,0.011195500381290913,0,0.01981933042407036,0,0.035795677453279495,0
562,1,78,medium,0.01722225919365883,0,0.00014388811541721225,0,0.00015006288595031947,0,3.153142461087555e-05,0,0.00013563041284214705,0
563,1,153,medium,0.007341550663113594,0,7.073587039485574e-05,0,0.05556664243340492,0,0.1874256134033203,0,0.2079179733991623,0
564,1,130,medium,0.9988788962364197,1,0.0047859009355306625,0,0.7630630135536194,1,0.9567056894302368,1,0.9741503000259399,1
565,1,173,medium,0.06314121931791306,0,0.0002796750341076404,0,0.031576141715049744,0,0.03995156288146973,0,0.07908178865909576,0
566,1,96,medium,0.999392032623291,1,0.0030159412417560816,0,0.18241849541664124,0,0.02812826819717884,0,0.050835248082876205,0
567,1,197,medium,0.9935950636863708,1,8.419187361141667e-05,0,0.006696868222206831,0,0.024883948266506195,0,0.017827199772000313,0
568,1,76,medium,0.0007189904572442174,0,0.00010561602539382875,0,0.00023034741752780974,0,6.976803706493229e-05,0,0.00022560339129995555,0
569,1,155,medium,0.0002908579772338271,0,1.3110556210449431e-05,0,0.0016975218895822763,0,0.002961241640150547,0,0.002618847880512476,0
570,1,108,medium,0.001368893776088953,0,0.0012539972085505724,0,0.0644800141453743,0,0.2849237024784088,0,0.28364869952201843,0
571,1,186,medium,0.000750723120290786,0,1.5931362213450484e-05,0,0.008177956566214561,0,0.013718616217374802,0,0.012494000606238842,0
572,1,115,medium,0.0025468317326158285,0,8.03100920165889e-05,0,0.08508371561765671,0,0.27717137336730957,0,0.3467811644077301,0
573,1,118,medium,0.0014046055730432272,0,5.0597318477230147e-05,0,0.052869390696287155,0,0.4486459493637085,0,0.5769447684288025,1
574,1,169,medium,0.004751369822770357,0,1.1736282431229483e-05,0,0.002269200747832656,0,0.0016070419223979115,0,0.0018793699564412236,0
575,1,195,medium,0.003268656088039279,0,6.184927769936621e-05,0,0.01710556633770466,0,0.036322131752967834,0,0.05376661941409111,0
576,1,186,medium,0.0003970982215832919,0,1.976916246348992e-05,0,0.0110384002327919,0,0.13856343924999237,0,0.10092426091432571,0
577,1,171,medium,0.0030795361381024122,0,0.00015008493210189044,0,0.008778453804552555,0,0.028168894350528717,0,0.021896010264754295,0
578,1,167,medium,0.0021569179370999336,0,2.0866798877250403e-05,0,0.0032034271862357855,0,0.00894323643296957,0,0.015284463763237,0
579,1,152,medium,0.0010436015436425805,0,5.1015584176639095e-05,0,0.038249850273132324,0,0.02875756472349167,0,0.03283120319247246,0
580,1,156,medium,0.19462424516677856,0,4.985026680515148e-05,0,0.00012940815940964967,0,0.00011329271364957094,0,0.0002570716314949095,0
581,1,131,medium,0.027614593505859375,0,4.2237224988639355e-05,0,0.00020458432845771313,0,0.00014658340660389513,0,0.00032921734964475036,0
582,1,164,medium,0.951298177242279,1,0.00011445554991951212,0,0.06937393546104431,0,0.8700497150421143,1,0.8807604312896729,1
583,1,177,medium,0.9591382741928101,1,7.187157461885363e-05,0,0.007586196530610323,0,0.017486456781625748,0,0.0170376505702734,0
584,1,71,medium,0.0002852855541277677,0,4.027430259156972e-05,0,0.0006714061019010842,0,0.0002590329968370497,0,0.0007561395759694278,0
585,1,144,medium,0.0006334824720397592,0,0.00010044574446510524,0,0.022583752870559692,0,0.04643300920724869,0,0.04329879209399223,0
586,1,183,medium,0.6569222211837769,1,2.4751403543632478e-05,0,0.008429378271102905,0,0.012510990723967552,0,0.015186987817287445,0
587,1,86,medium,0.43657174706459045,0,0.001607084064744413,0,0.04690492898225784,0,0.04730238392949104,0,0.01788906566798687,0
588,1,174,medium,0.010778515599668026,0,0.00012521399185061455,0,0.031810130923986435,0,0.043912433087825775,0,0.024524513632059097,0
589,1,155,medium,0.004528691992163658,0,6.304508133325726e-05,0,0.03488047420978546,0,0.7612953186035156,1,0.7066378593444824,1
590,1,157,medium,0.0021423990838229656,0,7.881697456468828e-06,0,0.0006212888984009624,0,0.0007865788065828383,0,0.0012174614239484072,0
591,1,193,medium,0.00034242888796143234,0,8.321871064254083e-06,0,0.005104174837470055,0,0.04757847264409065,0,0.041702933609485626,0
592,1,181,medium,0.0013596039498224854,0,2.5410752641619183e-05,0,0.008408794179558754,0,0.33250892162323,0,0.28953808546066284,0
593,1,181,medium,0.0017567272298038006,0,1.055530083249323e-05,0,0.0005008304724469781,0,0.0010642375564202666,0,0.0013955988688394427,0
594,1,186,medium,0.8199909925460815,1,0.0014764786465093493,0,0.05453256517648697,0,0.06758065521717072,0,0.05166352540254593,0
595,1,170,medium,0.9981364011764526,1,6.528128869831562e-05,0,0.0017291263211518526,0,0.0019280648557469249,0,0.0017687322106212378,0
596,1,173,medium,0.8830071091651917,1,7.532710878876969e-05,0,0.02202187292277813,0,0.010444840416312218,0,0.009912935085594654,0
597,1,175,medium,0.024272117763757706,0,3.059218579437584e-05,0,0.005366209428757429,0,0.010672284290194511,0,0.011584327556192875,0
598,1,201,medium,0.0008166307816281915,0,9.71657209447585e-06,0,0.0020200000144541264,0,0.0037639811635017395,0,0.005190754774957895,0
599,1,183,medium,0.003020928241312504,0,4.408527456689626e-05,0,0.013572992756962776,0,0.13127408921718597,0,0.09414441138505936,0
600,1,142,medium,0.20786052942276,0,1.6726224203011952e-05,0,0.002289343159645796,0,0.002353248419240117,0,0.0022193624172359705,0
601,1,135,medium,0.0008830121369101107,0,3.7928657548036426e-05,0,0.021934308111667633,0,0.49123629927635193,0,0.42909273505210876,0
602,1,170,medium,0.9144636988639832,1,0.008085698820650578,0,0.5259524583816528,1,0.877168595790863,1,0.8966966867446899,1
603,1,185,medium,0.0006735893548466265,0,0.0002073715440928936,0,0.14174307882785797,0,0.6644097566604614,1,0.654308021068573,1
604,1,176,medium,0.36186543107032776,0,5.8172539866063744e-05,0,0.003310389118269086,0,0.012492099776864052,0,0.009712318889796734,0
605,1,161,medium,0.9574377536773682,1,8.801928197499365e-05,0,0.03319454565644264,0,0.017681801691651344,0,0.02010491117835045,0
606,1,159,medium,0.6397364139556885,1,5.881524702999741e-05,0,0.00820605643093586,0,0.03226147219538689,0,0.02531411126255989,0
607,1,170,medium,0.9990636706352234,1,0.0003665339609142393,0,0.021616971120238304,0,0.38714689016342163,0,0.5218290090560913,1
608,1,184,medium,0.0005921026458963752,0,2.894713543355465e-05,0,0.004437072668224573,0,0.004832128528505564,0,0.0071429782547056675,0
609,1,188,medium,0.001225472311489284,0,0.00014938533422537148,0,0.02479618415236473,0,0.029621032997965813,0,0.0380438007414341,0
610,1,181,medium,0.0003048393118660897,0,1.2824745681427885e-05,0,0.0015687220729887486,0,0.0013759710127487779,0,0.001370226964354515,0
611,1,188,medium,0.00036863129935227334,0,1.6857664377312176e-05,0,0.004847079515457153,0,0.03946293890476227,0,0.039300352334976196,0
612,1,149,medium,0.999724805355072,1,0.0004926846595481038,0,0.2374344915151596,0,0.06712734699249268,0,0.10322248190641403,0
613,1,191,medium,0.28366801142692566,0,2.16593161894707e-05,0,0.0034752306528389454,0,0.007594339083880186,0,0.007425050716847181,0
614,1,225,medium,0.43678683042526245,0,3.655703039839864e-05,0,0.00022030010586604476,0,0.0003632519510574639,0,0.0006259868387132883,0
615,1,163,medium,0.0014867887366563082,0,0.00017389663844369352,0,0.01791699044406414,0,0.28195351362228394,0,0.19378192722797394,0
616,1,104,medium,0.0022900148760527372,0,7.012045443843817e-06,0,0.00672577228397131,0,0.0027575725689530373,0,0.003947138320654631,0
617,1,170,medium,0.07560987770557404,0,4.5490090997191146e-05,0,0.00013663356367032975,0,0.00014074909267947078,0,0.0002587414928711951,0
618,1,171,medium,0.9542151093482971,1,0.0008346392423845828,0,0.36961254477500916,0,0.9070562124252319,1,0.9243430495262146,1
619,1,173,medium,0.010324195958673954,0,5.252353730611503e-05,0,0.00015253922902047634,0,7.219979306682944e-05,0,0.00022074923617765307,0
620,1,146,medium,0.21829862892627716,0,0.00011518815153976902,0,0.09525393694639206,0,0.4326059818267822,0,0.5536844730377197,1
621,1,185,medium,0.0003794723015744239,0,0.0003100294270552695,0,0.08715541660785675,0,0.6384528875350952,1,0.6463046669960022,1
622,1,165,medium,0.7303550839424133,1,0.005723029840737581,0,0.2134217470884323,0,0.8292272686958313,1,0.8694629669189453,1
623,1,100,medium,0.9986388087272644,1,9.579790639691055e-05,0,0.06549760699272156,0,0.00750226154923439,0,0.006558144465088844,0
624,1,151,medium,0.0005093936342746019,0,1.565147249493748e-05,0,0.0029748473316431046,0,0.0017270426033064723,0,0.002031774027273059,0
625,1,150,medium,0.00016619036614429206,0,1.1278090823907405e-05,0,0.0047468398697674274,0,0.004668259061872959,0,0.008052745833992958,0
626,1,134,medium,0.9928485155105591,1,4.124121551285498e-05,0,0.05747454985976219,0,0.13930930197238922,0,0.1310672163963318,0
627,1,165,medium,0.9996546506881714,1,5.901862823520787e-05,0,0.03419674560427666,0,0.040038760751485825,0,0.0636664479970932,0
628,1,153,medium,0.01344007346779108,0,9.870460417005233e-06,0,0.005018375348299742,0,0.006349057890474796,0,0.010255520232021809,0
629,1,174,medium,0.0006950857350602746,0,3.3754666219465435e-05,0,0.00013537611812353134,0,0.00011397818889236078,0,0.0002766419784165919,0
630,1,94,medium,0.0014804770471528172,0,0.006415497045964003,0,0.034460242837667465,0,0.4955226182937622,0,0.49582210183143616,0
631,1,193,medium,0.009060818701982498,0,2.0676674466812983e-05,0,0.016806751489639282,0,0.021791355684399605,0,0.038667190819978714,0
632,1,159,medium,0.0015960817690938711,0,2.073468749586027e-05,0,0.004036102909594774,0,0.0072958641685545444,0,0.00783486943691969,0
633,1,186,medium,0.11339320987462997,0,3.337915404699743e-05,0,0.0022522760555148125,0,0.002712419955059886,0,0.00404792744666338,0
634,1,166,medium,0.001422620378434658,0,0.00011314414587104693,0,0.02676388993859291,0,0.00799259077757597,0,0.010842484422028065,0
635,1,133,medium,0.009091302752494812,0,1.1652348803181667e-05,0,0.022190285846590996,0,0.022660905495285988,0,0.0546228401362896,0
636,1,164,medium,0.017551738768815994,0,9.420867718290538e-05,0,0.0001501869992353022,0,8.205443009501323e-05,0,0.00022230908507481217,0
637,1,170,medium,0.0004693430382758379,0,8.395119948545471e-05,0,0.013480167835950851,0,0.042136989533901215,0,0.03275594487786293,0
638,1,97,medium,0.0015922908205538988,0,0.018042894080281258,0,0.5773290991783142,1,0.9755352139472961,1,0.9657428860664368,1
639,1,180,medium,0.00038006497197784483,0,8.46806142362766e-05,0,0.18714465200901031,0,0.09476330876350403,0,0.09865202754735947,0
640,1,190,medium,0.012167282402515411,0,7.221355917863548e-05,0,0.005986313801258802,0,0.06142084673047066,0,0.045200176537036896,0
641,1,134,medium,0.006013508886098862,0,5.3211813792586327e-05,0,0.00019225098367314786,0,0.000459448026958853,0,0.000572683522477746,0
642,1,190,medium,0.0007510124705731869,0,1.954561594175175e-05,0,0.00019816115673165768,0,0.0004238419351167977,0,0.0007760260486975312,0
643,1,190,medium,0.9634948372840881,1,4.624887151294388e-05,0,0.005998322274535894,0,0.0024492796510457993,0,0.0036381843965500593,0
644,1,130,medium,0.9949083924293518,1,0.00025962915970012546,0,0.01167908776551485,0,0.01691359654068947,0,0.03947952762246132,0
645,1,172,medium,0.01832682266831398,0,8.463943231618032e-05,0,0.00018490546790417284,0,0.00011978667316725478,0,0.00029900053050369024,0
646,1,181,medium,0.025338198989629745,0,2.113649679813534e-05,0,0.006455505266785622,0,0.014918805100023746,0,0.026779184117913246,0
647,1,117,medium,0.03434550762176514,0,9.612800204195082e-05,0,0.001582467113621533,0,0.0037580090574920177,0,0.002880420768633485,0
648,1,99,medium,0.02854800410568714,0,2.1045601897640154e-05,0,0.0022767814807593822,0,0.0008490401669405401,0,0.0009006165200844407,0
649,1,169,medium,0.004300366155803204,0,7.807915972080082e-05,0,0.03793057054281235,0,0.013965589925646782,0,0.022763609886169434,0
650,1,156,medium,0.9994626641273499,1,4.561484820442274e-05,0,0.11570535600185394,0,0.26364052295684814,0,0.49609342217445374,0
651,1,184,medium,0.00035103075788356364,0,1.939813773788046e-05,0,0.001097234315238893,0,0.003948861733078957,0,0.005151948891580105,0
652,1,173,medium,0.010925427079200745,0,4.0343496948480606e-05,0,0.031781937927007675,0,0.11752445995807648,0,0.1411675214767456,0
653,1,188,medium,0.9994033575057983,1,0.00018219643970951438,0,0.014642470516264439,0,0.016690878197550774,0,0.020844265818595886,0
654,1,110,medium,0.6734341979026794,1,7.049734995234758e-05,0,0.045180633664131165,0,0.3233456611633301,0,0.3618428707122803,0
655,1,186,medium,0.00402956223115325,0,6.328341987682506e-05,0,0.02100173570215702,0,0.011305660009384155,0,0.014155394397675991,0
656,1,129,medium,0.9265283346176147,1,0.0003505251370370388,0,0.24665509164333344,0,0.9304190874099731,1,0.9333285689353943,1
657,1,211,medium,0.0004018101317342371,0,1.279528260056395e-05,0,0.000924216874409467,0,0.0008665448403917253,0,0.0011902035912498832,0
658,1,172,medium,0.2280983030796051,0,6.259429937927052e-05,0,0.16613008081912994,0,0.49130746722221375,0,0.6058958768844604,1
659,1,183,medium,0.0002512859646230936,0,1.0259765076625627e-05,0,0.0012969663366675377,0,0.005888002458959818,0,0.005341262090951204,0
660,1,165,medium,0.0433267280459404,0,9.26996799535118e-05,0,0.00019252872152719647,0,9.624805534258485e-05,0,0.00026950641768053174,0
661,1,181,medium,0.00030024314764887094,0,1.4794734852330294e-05,0,0.0051781306974589825,0,0.01142651867121458,0,0.010299327783286572,0
662,1,190,medium,0.00019739966955967247,0,4.9481877795187756e-05,0,0.023367587476968765,0,0.11070370674133301,0,0.12083309143781662,0
663,1,154,medium,0.983121931552887,1,0.000740542309358716,0,0.01732095703482628,0,0.21117836236953735,0,0.14226065576076508,0
664,1,183,medium,0.0004240750859025866,0,2.486830453563016e-05,0,0.003929533530026674,0,0.009070783853530884,0,0.007049729581922293,0
665,1,164,medium,0.7224940657615662,1,1.6561878510401584e-05,0,0.3121267259120941,0,0.6982496976852417,1,0.8393546938896179,1
666,1,188,medium,0.0037680587265640497,0,8.733893628232181e-05,0,0.01119228731840849,0,0.03851161152124405,0,0.045024726539850235,0
667,1,136,medium,0.002165301702916622,0,0.00032959229429252446,0,0.28867995738983154,0,0.3643549382686615,0,0.4105497896671295,0
668,1,176,medium,0.0048865363933146,0,2.155455877073109e-05,0,0.005179702769964933,0,0.08891277760267258,0,0.03879176080226898,0
669,1,179,medium,0.12189289182424545,0,0.00022721878485754132,0,0.03493062034249306,0,0.43926870822906494,0,0.326744943857193,0
670,1,168,medium,0.9991233944892883,1,0.000876226753462106,0,0.04410808905959129,0,0.07579176127910614,0,0.11881846934556961,0
671,1,172,medium,0.9978055357933044,1,0.00033887437894009054,0,0.12693431973457336,0,0.18890483677387238,0,0.2896311581134796,0
672,1,171,medium,0.9946357607841492,1,0.00016941770445555449,0,0.01880188286304474,0,0.02487047202885151,0,0.020220065489411354,0
673,1,191,medium,0.0006179796764627099,0,8.42843292048201e-06,0,0.002705400576815009,0,0.0021061119623482227,0,0.0024231590796262026,0
674,1,114,medium,0.2549895644187927,0,0.0006426842883229256,0,0.036748308688402176,0,0.47375571727752686,0,0.5174885392189026,1
675,1,128,medium,0.006980460602790117,0,2.906852387241088e-05,0,0.0019308066694065928,0,0.002470145234838128,0,0.004052757751196623,0
676,1,186,medium,0.8874307870864868,1,4.2451480112504214e-05,0,0.004233424086123705,0,0.002025475027039647,0,0.0027837802190333605,0
677,1,101,medium,0.8629773259162903,1,0.0002764560922514647,0,0.015402979217469692,0,0.0029006011318415403,0,0.0033885249868035316,0
678,1,183,medium,0.0003701370151247829,0,3.727425792021677e-05,0,0.001902025775052607,0,0.0023069451563060284,0,0.0020356092136353254,0
679,1,174,medium,0.0007043472141958773,0,6.390198541339487e-05,0,0.02074962854385376,0,0.04168121516704559,0,0.03693484142422676,0
680,1,80,medium,0.05691339448094368,0,0.04385794699192047,0,0.19417916238307953,0,0.5653620958328247,1,0.6686483025550842,1
681,1,167,medium,0.02260456793010235,0,8.835725020617247e-05,0,0.00020505362772382796,0,0.00014216848649084568,0,0.0003429766511544585,0
682,1,85,medium,0.00032897136406973004,0,0.00022521740174852312,0,0.0336337648332119,0,0.09877436608076096,0,0.14286045730113983,0
683,1,181,medium,0.998703122138977,1,6.442704034270719e-05,0,0.04133603349328041,0,0.091809943318367,0,0.0985003337264061,0
684,1,159,medium,0.0024054478853940964,0,9.75218335952377e-06,0,0.001683735870756209,0,0.00653053168207407,0,0.007427093107253313,0
685,1,215,medium,0.0005942907300777733,0,6.496462447103113e-06,0,0.0009745553834363818,0,0.0009374075452797115,0,0.0011938951211050153,0
686,1,130,medium,0.9992989301681519,1,7.680918497499079e-05,0,0.26245638728141785,0,0.5888926982879639,1,0.6957554817199707,1
687,1,132,medium,0.004167649429291487,0,7.176739745773375e-05,0,0.02233491651713848,0,0.008391421288251877,0,0.013638997450470924,0
688,1,81,medium,0.0018552549881860614,0,2.597407001303509e-05,0,0.0008764981175772846,0,0.00023116168449632823,0,0.00045157744898460805,0
689,1,136,medium,0.9998170733451843,1,0.000573379045818001,0,0.40042927861213684,0,0.7725409865379333,1,0.8266446590423584,1
690,1,189,medium,0.10648342221975327,0,0.00016301206778734922,0,0.03985018655657768,0,0.2717381417751312,0,0.345874547958374,0
691,1,154,medium,0.99954754114151,1,0.00023792525462340564,0,0.5292015075683594,1,0.9169830679893494,1,0.9552889466285706,1
692,1,134,medium,0.0010612589539960027,0,1.0715755706769414e-05,0,0.0026456736959517,0,0.0030452003702521324,0,0.004765539895743132,0
693,1,114,medium,0.6390806436538696,1,0.0013334068935364485,0,0.17085213959217072,0,0.31963253021240234,0,0.30236950516700745,0
694,1,154,medium,0.25116240978240967,0,8.747471292736009e-05,0,0.495141863822937,0,0.3105629086494446,0,0.5207233428955078,1
695,1,157,medium,0.10950998961925507,0,3.067782017751597e-05,0,0.08168399333953857,0,0.09947361052036285,0,0.14671993255615234,0
696,1,188,medium,0.0014329678378999233,0,3.960496178478934e-05,0,0.0003168631810694933,0,0.0006236094050109386,0,0.0012068558717146516,0
697,1,161,medium,0.9203456044197083,1,0.00022261131380219012,0,0.0033928840421140194,0,0.012280868366360664,0,0.01459410972893238,0
698,1,104,medium,0.00960038136690855,0,9.011654037749395e-05,0,0.0001784498745109886,0,5.505571607500315e-05,0,0.00017555951490066946,0
699,1,181,medium,0.005943700205534697,0,3.98463562305551e-05,0,0.1037910059094429,0,0.22972610592842102,0,0.3349975645542145,0
700,1,138,medium,0.3262900710105896,0,4.521424853010103e-05,0,0.02543504908680916,0,0.028024815022945404,0,0.021626068279147148,0
701,1,173,medium,0.0002892069169320166,0,3.309972817078233e-05,0,0.011034277267754078,0,0.004328891169279814,0,0.005342158488929272,0
702,1,110,medium,0.8217267990112305,1,8.923495443013962e-06,0,0.01040986180305481,0,0.028281530365347862,0,0.027746856212615967,0
703,1,169,medium,0.9969049096107483,1,0.000254511134698987,0,0.0494377464056015,0,0.08016863465309143,0,0.09740108251571655,0
704,1,177,medium,0.001022754586301744,0,0.0005861854879185557,0,0.019042320549488068,0,0.06398218870162964,0,0.04167380556464195,0
705,1,186,medium,0.8911970853805542,1,0.0002460000687278807,0,0.10822971910238266,0,0.4482682943344116,0,0.5338640809059143,1
706,1,194,medium,0.02485349029302597,0,1.3333801689441316e-05,0,0.0005567836342379451,0,0.0014326089294627309,0,0.0017806199612095952,0
707,1,173,medium,0.17788667976856232,0,1.954285653482657e-05,0,0.002673546550795436,0,0.007386046461760998,0,0.0058411480858922005,0
708,1,148,medium,0.046552956104278564,0,6.232376472325996e-05,0,0.004219324793666601,0,0.0036041114944964647,0,0.006950038485229015,0
709,1,187,medium,0.0008963203290477395,0,0.00011261842155363411,0,0.03588547930121422,0,0.0761846974492073,0,0.05652637779712677,0
710,1,112,medium,0.9956075549125671,1,0.00038489390863105655,0,0.10409533232450485,0,0.529800534248352,1,0.6966677308082581,1
711,1,189,medium,0.022411208599805832,0,1.4727277630299795e-05,0,0.0005659043090417981,0,0.0008507423335686326,0,0.0009058256982825696,0
712,1,189,medium,0.9906824827194214,1,7.267496403073892e-05,0,0.027592338621616364,0,0.14440691471099854,0,0.17886656522750854,0
713,1,145,medium,0.8156871795654297,1,4.554530460154638e-05,0,0.016709310933947563,0,0.010268650949001312,0,0.02067302167415619,0
714,1,175,medium,0.0004854648723267019,0,9.969988605007529e-05,0,0.08194667845964432,0,0.08358069509267807,0,0.1300102174282074,0
715,1,195,medium,0.0003762074338737875,0,1.5859917766647413e-05,0,0.0091029591858387,0,0.005799066741019487,0,0.00461300415918231,0
716,1,134,medium,0.12968212366104126,0,0.0026241764426231384,0,0.40017834305763245,0,0.1988927721977234,0,0.370313823223114,0
717,1,167,medium,0.07796742022037506,0,8.76564226928167e-05,0,0.00019960156350862235,0,0.0001383064518449828,0,0.0003402873408049345,0
718,1,198,medium,0.033913593739271164,0,3.85553648811765e-05,0,0.010244805365800858,0,0.0320364311337471,0,0.05759313702583313,0
719,1,172,medium,0.05229946970939636,0,7.655427179997787e-05,0,0.018410198390483856,0,0.08966511487960815,0,0.08110234141349792,0
720,1,130,medium,0.9994423985481262,1,0.00014349844423122704,0,0.12056666612625122,0,0.10968007147312164,0,0.1304347962141037,0
721,1,192,medium,0.977749764919281,1,0.00014671724056825042,0,0.27258235216140747,0,0.7516878843307495,1,0.7731039524078369,1
722,1,213,medium,0.006212322507053614,0,2.0879957446595654e-05,0,0.006068835034966469,0,0.013381709344685078,0,0.019611280411481857,0
723,1,179,medium,0.11756177991628647,0,1.7596765246707946e-05,0,0.009254188276827335,0,0.02686968445777893,0,0.0420755036175251,0
724,1,186,medium,0.014345104806125164,0,4.8266039812006056e-05,0,0.02722018212080002,0,0.5480388402938843,1,0.43081700801849365,0
725,1,165,medium,0.003403246169909835,0,8.137454278767109e-05,0,0.00019613101903814822,0,0.00010072216537082568,0,0.00026591267669573426,0
726,1,199,medium,0.0010541400406509638,0,1.0402266525488812e-05,0,0.0026003934908658266,0,0.0032482072710990906,0,0.0035966529976576567,0
727,1,115,medium,0.0010099780047312379,0,0.0017195686232298613,0,0.7796956896781921,1,0.9768584966659546,1,0.9692578911781311,1
728,1,167,medium,0.04103267565369606,0,9.26996799535118e-05,0,0.00019357017299626023,0,0.00011441636888775975,0,0.00029802010976709425,0
729,1,174,medium,0.02142326533794403,0,3.162408756907098e-05,0,0.008071877993643284,0,0.009923536330461502,0,0.006341465748846531,0
730,1,174,medium,0.9825212359428406,1,0.0004272357909940183,0,0.384750097990036,0,0.6954238414764404,1,0.5430079698562622,1
731,1,131,medium,0.9900315999984741,1,3.1584091630065814e-05,0,0.0038328366354107857,0,0.0024532240349799395,0,0.002766469493508339,0
732,1,171,medium,0.00308127305470407,0,0.00012557223089970648,0,0.008261702954769135,0,0.05017835274338722,0,0.09731585532426834,0
733,1,132,medium,0.9995570778846741,1,0.002373013412579894,0,0.1627824455499649,0,0.3471827805042267,0,0.3771296441555023,0
734,1,134,medium,0.009994142688810825,0,0.00036261219065636396,0,0.09246810525655746,0,0.08158916234970093,0,0.07354231923818588,0
735,1,77,medium,0.9917214512825012,1,3.0490478820865974e-05,0,0.0009537594160065055,0,0.00010459980694577098,0,0.00021954815019853413,0
736,1,176,medium,0.004247820936143398,0,1.4846562407910824e-05,0,0.011461992748081684,0,0.04247690737247467,0,0.03340856730937958,0
737,1,153,medium,0.7870177626609802,1,4.624296707333997e-05,0,0.006778846960514784,0,0.02750123105943203,0,0.027362147346138954,0
738,1,100,medium,0.01013784110546112,0,0.002361268736422062,0,0.4592430293560028,0,0.9353229999542236,1,0.9403083920478821,1
739,1,180,medium,0.010697582736611366,0,1.3804893569613341e-05,0,0.0019227417651563883,0,0.0031519816257059574,0,0.0033047019969671965,0
740,1,191,medium,0.0002559185668360442,0,1.6759591744630598e-05,0,0.011498557403683662,0,0.005878314841538668,0,0.011300960555672646,0
741,1,176,medium,0.00041421540663577616,0,3.844283492071554e-05,0,0.004805753473192453,0,0.0019402650650590658,0,0.0019280601991340518,0
742,1,181,medium,0.9795629978179932,1,6.0320147895254195e-05,0,0.002275670412927866,0,0.003649456426501274,0,0.004483234137296677,0
743,1,194,medium,0.12041456997394562,0,1.12596717372071e-05,0,0.0004331115342210978,0,0.0036577642895281315,0,0.004580138251185417,0
744,1,187,medium,0.0006600407068617642,0,1.5200444977381267e-05,0,0.0011396207846701145,0,0.0012326155556365848,0,0.0013314627576619387,0
745,1,185,medium,0.003517571836709976,0,2.5774352252483368e-05,0,0.0031193250324577093,0,0.0024557961151003838,0,0.0028564066160470247,0
746,1,37,medium,0.0011355836177244782,0,0.00010742893209680915,0,0.0002186903147958219,0,2.7212616259930655e-05,0,0.0001502248051110655,0
747,1,269,medium,0.00351856485940516,0,8.428528963122517e-05,0,0.000127014922327362,0,0.0002568018971942365,0,0.00045299073099158704,0
748,1,163,medium,0.9988917708396912,1,5.73603501834441e-05,0,0.01883256621658802,0,0.009236249141395092,0,0.010895979590713978,0
749,1,193,medium,0.002324009081348777,0,1.5879200873314403e-05,0,0.0006961726467125118,0,0.0013876330340281129,0,0.0016072540311142802,0
750,1,289,long,0.00061279401415959,0,1.2328436241659801e-05,0,0.007769628893584013,0,0.010641476139426231,0,0.012176628224551678,0
751,1,311,long,0.019010081887245178,0,1.955704647116363e-05,0,0.009025678038597107,0,0.012503582052886486,0,0.018302474170923233,0
752,1,297,long,0.3804281949996948,0,2.4142867914633825e-05,0,0.0025368579663336277,0,0.023671580478549004,0,0.03354174643754959,0
753,1,314,long,0.008549016900360584,0,0.0011661783792078495,0,0.20504233241081238,0,0.6309804916381836,1,0.6817805171012878,1
754,1,303,long,0.941184937953949,1,1.252555193786975e-05,0,0.008247186429798603,0,0.01801338419318199,0,0.03311057761311531,0
755,1,304,long,0.0003398741828277707,0,8.515537047060207e-06,0,0.004815898835659027,0,0.019207462668418884,0,0.029612751677632332,0
756,1,312,long,0.004157142248004675,0,1.5594974684063345e-05,0,0.02348032221198082,0,0.04210696369409561,0,0.07215183973312378,0
757,1,291,long,0.024479860439896584,0,0.0021593754645437002,0,0.41357502341270447,0,0.9417200684547424,1,0.9594645500183105,1
758,1,310,long,0.04437978193163872,0,0.0001085996045731008,0,0.06827879697084427,0,0.3201614022254944,0,0.4192352294921875,0
759,1,286,long,0.011862143874168396,0,9.394787775818259e-05,0,0.15607063472270966,0,0.18608909845352173,0,0.20548014342784882,0
760,1,297,long,0.0015836873790249228,0,1.6974865502561443e-05,0,0.008187584578990936,0,0.016644157469272614,0,0.016921114176511765,0
761,1,313,long,0.0009907125495374203,0,9.114328349824063e-06,0,0.0019728427287191153,0,0.02113359607756138,0,0.025751490145921707,0
762,1,292,long,0.9594137072563171,1,4.890897253062576e-05,0,0.05498981103301048,0,0.16086065769195557,0,0.19968166947364807,0
763,1,290,long,0.004223221447318792,0,4.283717134967446e-05,0,0.10102802515029907,0,0.3445117771625519,0,0.420857697725296,0
764,1,295,long,0.014292013831436634,0,1.6594685803283937e-05,0,0.04468424990773201,0,0.11613049358129501,0,0.15628762543201447,0
765,1,309,long,0.001139021129347384,0,1.009365587378852e-05,0,0.003481951542198658,0,0.0036589005030691624,0,0.00566085334867239,0
766,1,289,long,0.0006709548179060221,0,0.00035379640758037567,0,0.0951271802186966,0,0.0873475968837738,0,0.11252783238887787,0
767,1,293,long,0.9932805895805359,1,9.521450556349009e-05,0,0.016219092532992363,0,0.1130097433924675,0,0.13672101497650146,0
768,1,277,long,0.9981643557548523,1,0.00013485537783708423,0,0.6200497150421143,1,0.43510672450065613,0,0.587952196598053,1
769,1,300,long,0.0026807994581758976,0,5.009913365938701e-05,0,0.017791444435715675,0,0.011886918917298317,0,0.013043336570262909,0
770,1,307,long,0.006014937534928322,0,4.093578172614798e-05,0,0.06049671396613121,0,0.2708844244480133,0,0.32129740715026855,0
771,1,309,long,0.003921886440366507,0,0.00011854445619974285,0,0.058042678982019424,0,0.05002943426370621,0,0.069146066904068,0
772,1,290,long,0.007920589298009872,0,1.8467053450876847e-05,0,0.00606433255597949,0,0.012240047566592693,0,0.017185034230351448,0
773,1,313,long,0.006925462279468775,0,2.0003297322546132e-05,0,0.010904067195951939,0,0.0927126482129097,0,0.10571851581335068,0
774,1,302,long,0.9452555775642395,1,0.09184814989566803,0,0.5914689898490906,1,0.9259929656982422,1,0.9247860908508301,1
775,1,303,long,0.0029694822151213884,0,2.1020372514612973e-05,0,0.026248987764120102,0,0.21883471310138702,0,0.3826092779636383,0
776,1,310,long,0.0006200853385962546,0,1.0471640962350648e-05,0,0.006726811174303293,0,0.09336324781179428,0,0.14427690207958221,0
777,1,276,long,0.004944624844938517,0,1.0430429938423913e-05,0,0.0015109400264918804,0,0.0019966803956776857,0,0.002410454675555229,0
778,1,285,long,0.9972192049026489,1,8.033629273995757e-05,0,0.02611433155834675,0,0.3825072944164276,0,0.3806877136230469,0
779,1,302,long,0.01670277677476406,0,2.9452619855874218e-05,0,0.008954777382314205,0,0.006476179230958223,0,0.009917082265019417,0
780,1,311,long,0.13195353746414185,0,1.7016178389894776e-05,0,0.0035977214574813843,0,0.007403434254229069,0,0.009941778145730495,0
781,1,292,long,0.16521179676055908,0,1.0182954611082096e-05,0,0.01097924541682005,0,0.0647524893283844,0,0.09799589961767197,0
782,1,310,long,0.002069297945126891,0,9.244334069080651e-05,0,0.2049720585346222,0,0.5850743055343628,1,0.6492118835449219,1
783,1,287,long,0.002465771045535803,0,1.1000333870470058e-05,0,0.0028515455778688192,0,0.003920234739780426,0,0.00471049128100276,0
784,1,292,long,0.7030845880508423,1,5.4101707064546645e-05,0,0.034007150679826736,0,0.0822041779756546,0,0.1266096532344818,0
785,1,300,long,0.0004973720642738044,0,2.1369472960941494e-05,0,0.0038384064100682735,0,0.008327438496053219,0,0.009444637224078178,0
786,1,305,long,0.000985509599559009,0,1.4376429135154467e-05,0,0.003473543096333742,0,0.00410060677677393,0,0.008535973727703094,0
787,1,319,long,0.0035326164215803146,0,2.138107447535731e-05,0,0.002746785990893841,0,0.0059926388785243034,0,0.010378195904195309,0
788,1,319,long,0.0037798297125846148,0,1.0692949217627756e-05,0,0.012051536701619625,0,0.01713515631854534,0,0.029128357768058777,0
789,1,290,long,0.0005309164989739656,0,6.563922943314537e-05,0,0.06467574089765549,0,0.5175321698188782,1,0.5170828104019165,1
790,1,324,long,0.0014633071841672063,0,1.1627971616690047e-05,0,0.0025120738428086042,0,0.048672862350940704,0,0.09173031896352768,0
791,1,322,long,0.0003444782632868737,0,9.843142834142782e-06,0,0.001317972899414599,0,0.0021162491757422686,0,0.0030098611023277044,0
792,1,317,long,0.003594903973862529,0,8.529425940650981e-06,0,0.0001693572849035263,0,0.000686786079313606,0,0.0010715388925746083,0
793,1,312,long,0.0002511401253286749,0,1.814421011658851e-05,0,0.0053202006965875626,0,0.0061914934776723385,0,0.010570453479886055,0
794,1,332,long,0.0012309977319091558,0,3.2469051802763715e-05,0,0.0249356497079134,0,0.10107428580522537,0,0.18189580738544464,0
795,1,318,long,0.0005031964974477887,0,2.461110125295818e-05,0,0.005471749231219292,0,0.011678492650389671,0,0.016931191086769104,0
796,1,300,long,0.001193556236103177,0,1.4408876268134918e-05,0,0.010041100904345512,0,0.03825020790100098,0,0.0629468634724617,0
797,1,289,long,0.0011937882518395782,0,2.2669975805911236e-05,0,0.0046603623777627945,0,0.021058030426502228,0,0.028018154203891754,0
798,1,309,long,0.0007881258497945964,0,2.871031938411761e-05,0,0.018744351342320442,0,0.04956210032105446,0,0.09113028645515442,0
799,1,315,long,0.008070302195847034,0,9.03501313587185e-06,0,0.0025149588473141193,0,0.005313077475875616,0,0.008884827606379986,0
800,1,288,long,0.010109145194292068,0,2.8453774575609714e-05,0,0.012993481941521168,0,0.07113977521657944,0,0.07411789894104004,0
801,1,308,long,0.0038856116589158773,0,1.3460786249197554e-05,0,0.003573992056772113,0,0.00789182074368,0,0.01350865513086319,0
802,1,330,long,0.0021847719326615334,0,9.198599582305178e-05,0,0.025669019669294357,0,0.11880664527416229,0,0.13242430984973907,0
803,1,298,long,0.0011077176313847303,0,8.572325168643147e-05,0,0.004856253508478403,0,0.01634863018989563,0,0.018966039642691612,0
804,1,343,long,0.0008081903215497732,0,1.709558637230657e-05,0,0.0030017646495252848,0,0.011803572066128254,0,0.018682006746530533,0
805,1,308,long,0.012450257316231728,0,0.0005645746132358909,0,0.046444401144981384,0,0.06258028745651245,0,0.08046194165945053,0
806,1,296,long,0.05647928640246391,0,6.337147351587191e-05,0,0.017661383375525475,0,0.047860246151685715,0,0.06623882800340652,0
807,1,312,long,0.001701614004559815,0,3.164137160638347e-05,0,0.00853728037327528,0,0.02786591649055481,0,0.03619315102696419,0
808,1,328,long,0.005207117181271315,0,1.551796231069602e-05,0,0.00814009364694357,0,0.03385761380195618,0,0.05579615384340286,0
809,1,318,long,0.0004378620651550591,0,1.1215956874366384e-05,0,0.0008496143855154514,0,0.0027841588016599417,0,0.005031218286603689,0
810,1,306,long,0.0012329157907515764,0,7.712757906119805e-06,0,0.003835296956822276,0,0.02221299335360527,0,0.026612084358930588,0
811,1,291,long,0.0026572493370622396,0,1.2046986739733256e-05,0,0.0002332654839847237,0,0.0009289812296628952,0,0.0014564438024535775,0
812,1,310,long,0.0023416560143232346,0,3.809169720625505e-05,0,0.013362475670874119,0,0.02987894043326378,0,0.043272510170936584,0
813,1,292,long,0.003983864560723305,0,2.257048436149489e-05,0,0.020013226196169853,0,0.34823158383369446,0,0.3932856321334839,0
814,1,295,long,0.0007590135210193694,0,1.899885683087632e-05,0,0.0036828245501965284,0,0.007143357302993536,0,0.012218602001667023,0
815,1,292,long,0.9969563484191895,1,2.530565507186111e-05,0,0.008700759150087833,0,0.028759963810443878,0,0.032268207520246506,0
816,1,314,long,0.00171193468850106,0,8.797936970950104e-06,0,0.004351187497377396,0,0.0170369241386652,0,0.026488907635211945,0
817,1,298,long,0.0007221151608973742,0,1.1285427717666607e-05,0,0.0018964577466249466,0,0.00720181642100215,0,0.010056383907794952,0
818,1,288,long,0.0031307735480368137,0,0.0002827542775776237,0,0.05850321054458618,0,0.09988752752542496,0,0.14729933440685272,0
819,1,280,long,0.0022715027444064617,0,2.5730589186423458e-05,0,0.009776847437024117,0,0.021181676536798477,0,0.027309073135256767,0
820,1,286,long,0.0011242282344028354,0,0.0009622006909921765,0,0.16601179540157318,0,0.43302637338638306,0,0.5402714014053345,1
821,1,309,long,0.003638068912550807,0,5.1728122343774885e-05,0,0.006802517455071211,0,0.020759571343660355,0,0.028090575709939003,0
822,1,326,long,0.0011951057240366936,0,4.306351183913648e-05,0,0.014688181690871716,0,0.0451941080391407,0,0.07068347930908203,0
823,1,317,long,0.0009110321989282966,0,6.615192887693411e-06,0,0.0028216198552399874,0,0.015872733667492867,0,0.027324676513671875,0
824,1,285,long,0.9916558265686035,1,5.533299554372206e-05,0,0.0009198205661959946,0,0.0031791767105460167,0,0.005198642145842314,0
825,1,311,long,0.008784504607319832,0,2.581365879450459e-05,0,0.010810934007167816,0,0.06324207782745361,0,0.059528473764657974,0
826,1,283,long,0.0021612090058624744,0,1.7052143448381685e-05,0,0.003101870883256197,0,0.021808285266160965,0,0.02672855369746685,0
827,1,324,long,0.01472254004329443,0,4.167774022789672e-05,0,0.028767768293619156,0,0.11046098172664642,0,0.13133101165294647,0
828,1,302,long,0.001083296723663807,0,1.798742960090749e-05,0,0.030635539442300797,0,0.04700325056910515,0,0.051711831241846085,0
829,1,318,long,0.0007594868075102568,0,1.5919060388114303e-05,0,0.002858063904568553,0,0.002379115205258131,0,0.0036995133850723505,0
830,1,315,long,0.0010944667737931013,0,3.510795795591548e-05,0,0.0016090532299131155,0,0.0014002647949382663,0,0.0024806985165923834,0
831,1,293,long,0.0024512093514204025,0,2.6647127015166916e-05,0,0.026598818600177765,0,0.053355343639850616,0,0.057201582938432693,0
832,1,293,long,0.0009168918477371335,0,2.4149614546331577e-05,0,0.006964778061956167,0,0.028414489701390266,0,0.025765642523765564,0
833,1,310,long,0.011525432579219341,0,2.462685006321408e-05,0,0.009516389109194279,0,0.025152111425995827,0,0.04388522729277611,0
834,1,299,long,0.0028196375351399183,0,0.000387301086448133,0,0.09496249258518219,0,0.5021979808807373,1,0.6241289973258972,1
835,1,314,long,0.001327492413111031,0,5.008145672036335e-05,0,0.0019361380254849792,0,0.0074972668662667274,0,0.010156778618693352,0
836,1,285,long,0.6459629535675049,1,2.904300345107913e-05,0,0.02389744482934475,0,0.010931525379419327,0,0.013969726860523224,0
837,1,319,long,0.0008763056830503047,0,1.0848542842722964e-05,0,0.002352088922634721,0,0.0015352120390161872,0,0.0020169117487967014,0
838,1,302,long,0.002838532207533717,0,0.00014094155631028116,0,0.05128782242536545,0,0.0871012806892395,0,0.08185143023729324,0
839,1,330,long,0.0003914186672773212,0,1.5790992620168254e-05,0,0.0018818607786670327,0,0.0028621272649616003,0,0.006531054619699717,0
840,1,298,long,0.1518654227256775,0,1.3795641280012205e-05,0,0.009169019758701324,0,0.021376019343733788,0,0.02263067103922367,0
841,1,308,long,0.0016479974146932364,0,5.7899967941921204e-05,0,0.11123402416706085,0,0.05860711261630058,0,0.06248415634036064,0
842,1,320,long,0.002715930575504899,0,1.784963023965247e-05,0,0.009540888480842113,0,0.012120271101593971,0,0.02023143507540226,0
843,1,311,long,0.0006796203670091927,0,2.486571975168772e-05,0,0.055824149399995804,0,0.09292801469564438,0,0.13478682935237885,0
844,1,336,long,0.00022554039605893195,0,8.837198038236238e-06,0,0.0005858467775397003,0,0.001304189208894968,0,0.0015858904225751758,0
845,1,301,long,0.0020796232856810093,0,2.6167197574977763e-05,0,0.003449436277151108,0,0.006276799365878105,0,0.007516984827816486,0
846,1,306,long,0.0017037286888808012,0,1.7137634131358936e-05,0,0.002343087922781706,0,0.0030843622516840696,0,0.004813536535948515,0
847,1,302,long,0.002048329683020711,0,2.3184205929283053e-05,0,0.003682712558656931,0,0.006464484613388777,0,0.00821425300091505,0
848,1,324,long,0.0005826522829011083,0,1.4353005099110305e-05,0,0.004662953317165375,0,0.03158343955874443,0,0.030147064477205276,0
849,1,288,long,0.0006280533270910382,0,3.751171607291326e-05,0,0.038153503090143204,0,0.11317756026983261,0,0.1770983338356018,0
850,1,311,long,0.0004364311171229929,0,6.387383473338559e-05,0,0.04504592344164848,0,0.07851333171129227,0,0.10913493484258652,0
851,1,307,long,0.028622440993785858,0,4.122084646951407e-05,0,0.02376815490424633,0,0.273813396692276,0,0.2157701700925827,0
852,1,288,long,0.4948292672634125,0,2.098854020005092e-05,0,0.031799573451280594,0,0.12828151881694794,0,0.1334528923034668,0
853,1,305,long,0.0005126828909851611,0,2.18851346289739e-05,0,0.008077472448348999,0,0.021262072026729584,0,0.016175054013729095,0
854,1,297,long,0.030519995838403702,0,9.343146302853711e-06,0,0.005299913696944714,0,0.018762830644845963,0,0.02732956036925316,0
855,1,323,long,0.001215118682011962,0,5.281364792608656e-05,0,0.03846128284931183,0,0.20819365978240967,0,0.2767031490802765,0
856,1,305,long,0.29293522238731384,0,4.390805042930879e-05,0,0.040990449488162994,0,0.237258180975914,0,0.331526517868042,0
857,1,307,long,0.0277545228600502,0,1.8156291844206862e-05,0,0.012723523192107677,0,0.03951467573642731,0,0.04881554841995239,0
858,1,294,long,0.9912683963775635,1,0.0003144415677525103,0,0.368663489818573,0,0.6899386644363403,1,0.7346190810203552,1
859,1,316,long,0.0009280611993744969,0,6.1231323343236e-05,0,0.0001341823226539418,0,0.00012342915579210967,0,0.0002596417616587132,0
860,1,295,long,0.9989443421363831,1,0.00015415628149639815,0,0.30215734243392944,0,0.7266707420349121,1,0.7987850904464722,1
861,1,306,long,0.018821237608790398,0,3.5268829378765076e-05,0,0.0287757758051157,0,0.5290457010269165,1,0.5051015615463257,1
862,1,277,long,0.002226992743089795,0,5.752380457124673e-05,0,0.00013944260717835277,0,0.00017337279859930277,0,0.0003796895907726139,0
863,1,310,long,0.00038626405876129866,0,0.00017501514230389148,0,0.30594712495803833,0,0.6983874440193176,1,0.7453875541687012,1
864,1,296,long,0.000852047698572278,0,1.0689136615837924e-05,0,0.011971630156040192,0,0.012240353971719742,0,0.015242007561028004,0
865,1,312,long,0.9935691356658936,1,0.00013022165512666106,0,0.30640557408332825,0,0.7039132714271545,1,0.7842977046966553,1
866,1,284,long,0.006755988113582134,0,1.3875231161364354e-05,0,0.032947640866041183,0,0.0751679465174675,0,0.12695270776748657,0
867,1,279,long,0.19618192315101624,0,9.768735617399216e-05,0,0.04011158645153046,0,0.39464035630226135,0,0.42919686436653137,0
868,1,289,long,0.023017430678009987,0,3.337574526085518e-05,0,0.01220821775496006,0,0.10079383850097656,0,0.1263696402311325,0
869,1,295,long,0.022512327879667282,0,0.00011258728773100302,0,0.027026912197470665,0,0.031128307804465294,0,0.037431418895721436,0
870,1,306,long,0.25600266456604004,0,2.005808346439153e-05,0,0.005651075392961502,0,0.02547278068959713,0,0.04388246685266495,0
871,1,298,long,0.007081757299602032,0,1.8611679479363374e-05,0,0.006523165851831436,0,0.04868103563785553,0,0.050868697464466095,0
872,1,303,long,0.00745744863525033,0,1.0483031473995652e-05,0,0.005412726663053036,0,0.03354806452989578,0,0.05594707280397415,0
873,1,209,long,0.0024642397183924913,0,2.7413307179813273e-05,0,0.00021259626373648643,0,0.0004360414750408381,0,0.0006565111107192934,0
874,1,289,long,0.0007142853573895991,0,0.00020625305478461087,0,0.020340410992503166,0,0.07326701283454895,0,0.08077539503574371,0
875,1,311,long,0.0013234976213425398,0,3.554638897185214e-05,0,0.023410480469465256,0,0.20239625871181488,0,0.23199962079524994,0
876,1,293,long,0.813939094543457,1,9.7777767223306e-05,0,0.006588710471987724,0,0.0316120982170105,0,0.0375123992562294,0
877,1,302,long,0.8460811972618103,1,1.8416229067952372e-05,0,0.040373530238866806,0,0.06312499195337296,0,0.12469693273305893,0
878,1,306,long,0.0481741726398468,0,2.429840969853103e-05,0,0.02205808460712433,0,0.11343110352754593,0,0.14075224101543427,0
879,1,322,long,0.0009829984046518803,0,1.721301487123128e-05,0,0.008555850945413113,0,0.012578830122947693,0,0.016635030508041382,0
880,1,292,long,0.7812333703041077,1,3.485476190689951e-05,0,0.00040091751725412905,0,0.0016756942495703697,0,0.0024132414255291224,0
881,1,301,long,0.0005246278597041965,0,1.4068121345189866e-05,0,0.00900366809219122,0,0.03780192509293556,0,0.04348105564713478,0
882,1,310,long,0.0003368826291989535,0,9.792405762709677e-06,0,0.0018232057336717844,0,0.022755997255444527,0,0.0252212081104517,0
883,1,300,long,0.0025128719862550497,0,3.245794141548686e-05,0,0.00525817321613431,0,0.005969035904854536,0,0.007568310014903545,0
884,1,312,long,0.998441755771637,1,0.0003032409877050668,0,0.49565985798835754,0,0.7339917421340942,1,0.8126692175865173,1
885,1,301,long,0.010562033392488956,0,1.6200307072722353e-05,0,0.01665499247610569,0,0.03521333262324333,0,0.051958609372377396,0
886,1,303,long,0.04854404181241989,0,0.00018712088058236986,0,0.0958157330751419,0,0.36866283416748047,0,0.40309759974479675,0
887,1,294,long,0.0006700796657241881,0,1.1579370948311407e-05,0,0.003366227261722088,0,0.02434486337006092,0,0.028739137575030327,0
888,1,325,long,0.005542059428989887,0,1.814268580346834e-05,0,0.006327596493065357,0,0.01630569063127041,0,0.02529759332537651,0
889,1,296,long,0.0007429151446558535,0,9.95002847048454e-06,0,0.004317433573305607,0,0.014172186143696308,0,0.01721467263996601,0
890,1,298,long,0.009000834077596664,0,0.0007249677437357605,0,0.6887651681900024,1,0.8435595035552979,1,0.8217639923095703,1
891,1,293,long,0.003179497318342328,0,1.1849894690385554e-05,0,0.004846003372222185,0,0.019503982737660408,0,0.03173961862921715,0
892,1,288,long,0.0004482301592361182,0,3.97057447116822e-05,0,0.008400078862905502,0,0.046085819602012634,0,0.05085016041994095,0
893,1,276,long,0.5317153334617615,1,0.00032853102311491966,0,0.007775950711220503,0,0.05663580447435379,0,0.05659313127398491,0
894,1,293,long,0.03215859830379486,0,2.3939257516758516e-05,0,0.20186491310596466,0,0.7563140392303467,1,0.8562041521072388,1
895,1,292,long,0.0003021403681486845,0,1.2199143384350464e-05,0,0.01597214862704277,0,0.06063547357916832,0,0.06964822113513947,0
896,1,300,long,0.0013641625409945846,0,0.00024413573555648327,0,0.06336420774459839,0,0.4910401701927185,0,0.4597242474555969,0
897,1,301,long,0.9302213788032532,1,3.4096337913069874e-05,0,0.04306429252028465,0,0.2496262490749359,0,0.34789183735847473,0
898,1,277,long,0.9992538094520569,1,1.1611295121838339e-05,0,0.00023665082699153572,0,0.0005509181646630168,0,0.0009351371554657817,0
899,1,304,long,0.0025819195434451103,0,1.3375652997638099e-05,0,0.0020720302127301693,0,0.010881475172936916,0,0.012785956263542175,0
900,1,303,long,0.2694200277328491,0,4.2336185288149863e-05,0,0.0321948304772377,0,0.22269664704799652,0,0.2608981728553772,0
901,1,304,long,0.9578987956047058,1,0.00010606383148115128,0,0.030221614986658096,0,0.022077638655900955,0,0.029724756255745888,0
902,1,292,long,0.000938975834287703,0,7.708676275797188e-05,0,0.04549487307667732,0,0.34842753410339355,0,0.42472177743911743,0
903,1,307,long,0.04395131766796112,0,7.13902700226754e-05,0,0.02800549566745758,0,0.051890142261981964,0,0.07943953573703766,0
904,1,303,long,0.4275262653827667,0,5.682765186065808e-05,0,0.09719515591859818,0,0.1266687959432602,0,0.19021707773208618,0
905,1,310,long,0.0019000056199729443,0,3.169924093526788e-05,0,0.018073968589305878,0,0.02675698697566986,0,0.061297353357076645,0
906,1,298,long,0.004514655098319054,0,3.167433897033334e-05,0,0.2694261074066162,0,0.7327640652656555,1,0.7738442420959473,1
907,1,302,long,0.0009359304676763713,0,1.0943851521005854e-05,0,0.006465308368206024,0,0.020842261612415314,0,0.02620452456176281,0
908,1,289,long,0.00046633437159471214,0,7.366126283159247e-06,0,0.006111796014010906,0,0.11237753182649612,0,0.15842556953430176,0
909,1,321,long,0.9993089437484741,1,5.909894025535323e-05,0,0.031325820833444595,0,0.09842418879270554,0,0.20458723604679108,0
910,1,307,long,0.030627870932221413,0,8.96257406566292e-05,0,0.3692002594470978,0,0.4535619616508484,0,0.629338264465332,1
911,1,300,long,0.24939417839050293,0,1.7858739738585427e-05,0,0.003924016375094652,0,0.01745302975177765,0,0.025129778310656548,0
912,1,293,long,0.00919949822127819,0,1.3721311916015111e-05,0,0.00314139761030674,0,0.004666205495595932,0,0.005979814101010561,0
913,1,293,long,0.0028148661367595196,0,5.024587153457105e-05,0,0.00670053344219923,0,0.021924979984760284,0,0.03043179400265217,0
914,1,320,long,0.0006642123917117715,0,9.818008948059287e-06,0,0.09123105555772781,0,0.6816690564155579,1,0.7761930823326111,1
915,1,301,long,0.6693690419197083,1,0.0001620593830011785,0,0.021040771156549454,0,0.09179020673036575,0,0.07744390517473221,0
916,1,310,long,0.13171327114105225,0,7.415645814035088e-05,0,0.07914645224809647,0,0.19833356142044067,0,0.2295149713754654,0
917,1,295,long,0.0004242635623086244,0,4.699870987678878e-05,0,0.01695788837969303,0,0.027797827497124672,0,0.02951805479824543,0
918,1,305,long,0.0004558313812594861,0,9.641215910960454e-06,0,0.0010900539346039295,0,0.002033496741205454,0,0.0031148232519626617,0
919,1,284,long,0.001221629325300455,0,1.6414513083873317e-05,0,0.002848393749445677,0,0.0036701965145766735,0,0.004958028439432383,0
920,1,291,long,0.0014227707870304585,0,0.0002715206937864423,0,0.10980584472417831,0,0.18439213931560516,0,0.2048913985490799,0
921,1,298,long,0.0006308200536295772,0,1.2497249372245278e-05,0,0.00013984394900035113,0,0.00029765520594082773,0,0.0004814934218302369,0
922,1,306,long,0.18627914786338806,0,1.700010398053564e-05,0,0.0007714571547694504,0,0.0055364323779940605,0,0.007791008800268173,0
923,1,312,long,0.007364048156887293,0,1.59845676535042e-05,0,0.00203499523922801,0,0.015032247640192509,0,0.01590712182223797,0
924,1,301,long,0.002319335239008069,0,6.123050843598321e-05,0,0.029417291283607483,0,0.20578047633171082,0,0.17389117181301117,0
925,1,295,long,0.005828529596328735,0,9.542242878524121e-06,0,0.010228538885712624,0,0.21742625534534454,0,0.24237145483493805,0
926,1,286,long,0.02716895379126072,0,9.16824719752185e-05,0,0.3746182322502136,0,0.13925941288471222,0,0.23651129007339478,0
927,1,313,long,0.06502878665924072,0,2.811992817441933e-05,0,0.010386677458882332,0,0.016196342185139656,0,0.02386564575135708,0
928,1,316,long,0.0015173893189057708,0,8.771086868364364e-06,0,0.004387574270367622,0,0.018727580085396767,0,0.02552558109164238,0
929,1,288,long,0.0023138788528740406,0,1.2360233085928485e-05,0,0.004360021557658911,0,0.01191900297999382,0,0.011722450144588947,0
930,1,303,long,0.0389983132481575,0,2.0720393877127208e-05,0,0.005452074110507965,0,0.029705552384257317,0,0.03937452286481857,0
931,1,293,long,0.000813462829682976,0,2.520719135645777e-05,0,0.02405512146651745,0,0.07169398665428162,0,0.1285235583782196,0
932,1,278,long,0.0003545681538525969,0,7.271656613738742e-06,0,0.0009960513561964035,0,0.0018633388681337237,0,0.0024372765328735113,0
933,1,318,long,0.05977930873632431,0,2.453589695505798e-05,0,0.039778608828783035,0,0.11355289816856384,0,0.18839207291603088,0
934,1,315,long,0.8198446035385132,1,2.3749071260681376e-05,0,0.012226586230099201,0,0.017646480351686478,0,0.01829637959599495,0
935,1,320,long,0.002745921490713954,0,7.2822540460038e-06,0,0.0013497491599991918,0,0.005614698864519596,0,0.007996024563908577,0
936,1,216,long,0.00390589889138937,0,5.007863728678785e-05,0,0.00017970436601899564,0,0.0002157818671548739,0,0.00043449419899843633,0
937,1,296,long,0.7498773336410522,1,1.2050295481458306e-05,0,0.017392510548233986,0,0.058095645159482956,0,0.07260829210281372,0
938,1,307,long,0.0015493399696424603,0,9.83106110652443e-06,0,0.0013027925742790103,0,0.004592717159539461,0,0.005774398799985647,0
939,1,306,long,0.0010640379041433334,0,1.2229987078171689e-05,0,0.0016475680749863386,0,0.003758040489628911,0,0.004602152854204178,0
940,1,286,long,0.18799340724945068,0,0.00010647332965163514,0,0.027933884412050247,0,0.034003376960754395,0,0.036573030054569244,0
941,1,313,long,0.0006019687280058861,0,2.7608710297499783e-05,0,0.007437685038894415,0,0.004313991405069828,0,0.005852623376995325,0
942,1,307,long,0.988997757434845,1,2.0772251446032897e-05,0,0.06490953266620636,0,0.3568688929080963,0,0.5314241647720337,1
943,1,317,long,0.0005055883666500449,0,2.4428500182693824e-05,0,0.002955372678115964,0,0.00678798696026206,0,0.008174136281013489,0
944,1,292,long,0.001413634861819446,0,2.9525144782382995e-05,0,0.013786143623292446,0,0.01623794250190258,0,0.019943244755268097,0
945,1,285,long,0.9974156618118286,1,1.438718300050823e-05,0,0.001755341188982129,0,0.005106669384986162,0,0.010632778517901897,0
946,1,299,long,0.002200834220275283,0,1.6906880773603916e-05,0,0.0046667554415762424,0,0.011936868540942669,0,0.015586433932185173,0
947,1,285,long,0.004021622706204653,0,3.35511977027636e-05,0,0.00015964607882779092,0,0.0006303585250861943,0,0.0007947611156851053,0
948,1,319,long,0.0007846959051676095,0,2.009181298490148e-05,0,0.013142280280590057,0,0.04079466313123703,0,0.05261992663145065,0
949,1,287,long,0.1040908619761467,0,3.162091888953e-05,0,0.010268413461744785,0,0.058649543672800064,0,0.0838911235332489,0
950,1,312,long,0.000859397929161787,0,1.131130920839496e-05,0,0.0025634323246777058,0,0.013767853379249573,0,0.024313803762197495,0
951,1,295,long,0.012522664852440357,0,2.0065122953383252e-05,0,0.030213328078389168,0,0.15579815208911896,0,0.24671503901481628,0
952,1,303,long,0.009684795513749123,0,2.3779484763508663e-05,0,0.005006007384508848,0,0.025136204436421394,0,0.029283201321959496,0
953,1,311,long,0.0011105890152975917,0,2.049240174528677e-05,0,0.019111687317490578,0,0.025080155581235886,0,0.03971615433692932,0
954,1,308,long,0.0007029175758361816,0,3.256111449445598e-05,0,0.01557078491896391,0,0.3347280025482178,0,0.33074602484703064,0
955,1,288,long,0.0002997643605340272,0,1.2036593943776097e-05,0,0.008589622564613819,0,0.04731971025466919,0,0.0617353580892086,0
956,1,283,long,0.026782279834151268,0,2.4225275410572067e-05,0,0.014968549832701683,0,0.1554756760597229,0,0.20140378177165985,0
957,1,333,long,0.0005302640493027866,0,2.6129073376068845e-05,0,0.01026394683867693,0,0.033195607364177704,0,0.054752133786678314,0
958,1,311,long,0.0016722263535484672,0,2.5248573365388438e-05,0,0.011905326507985592,0,0.07365415245294571,0,0.11969880759716034,0
959,1,289,long,0.0016406148206442595,0,3.329478204250336e-05,0,0.04653244465589523,0,0.25858405232429504,0,0.21608805656433105,0
960,1,280,long,0.00045593309914693236,0,0.00014955691585782915,0,0.032750509679317474,0,0.09000098705291748,0,0.09155341237783432,0
961,1,291,long,0.003456840058788657,0,1.7073103663278744e-05,0,0.0009490715456195176,0,0.0029421020299196243,0,0.005934432148933411,0
962,1,296,long,0.06736912578344345,0,0.0005956142558716238,0,0.3681776821613312,0,0.5040783882141113,1,0.5333616137504578,1
963,1,282,long,0.0003553945862222463,0,0.00012588273966684937,0,0.43549031019210815,0,0.8640219569206238,1,0.9077232480049133,1
964,1,296,long,0.8347299695014954,1,0.0001020187046378851,0,0.0352652482688427,0,0.7671610713005066,1,0.8003218770027161,1
965,1,272,long,0.4983486235141754,0,0.00014126244059298187,0,0.04803342744708061,0,0.08765852451324463,0,0.13596048951148987,0
966,1,315,long,0.001636121654883027,0,2.4601500626886263e-05,0,0.028834858909249306,0,0.4279707968235016,0,0.4973565638065338,0
967,1,307,long,0.0003376412787474692,0,5.20599314768333e-05,0,0.003908629063516855,0,0.005667964927852154,0,0.0069863637909293175,0
968,1,316,long,0.2874722480773926,0,9.393427717441227e-06,0,0.002735990798100829,0,0.0048951655626297,0,0.006888225208967924,0
969,1,302,long,0.00807399395853281,0,3.6890185583615676e-05,0,0.02714003436267376,0,0.12959372997283936,0,0.13089075684547424,0
970,1,306,long,0.8496447205543518,1,1.5401094060507603e-05,0,0.003934938460588455,0,0.005270072724670172,0,0.00785061251372099,0
971,1,297,long,0.008671869523823261,0,2.5683079002192244e-05,0,0.026314135640859604,0,0.2160448133945465,0,0.3069310188293457,0
972,1,304,long,0.4963577091693878,0,0.0001482051593484357,0,0.02145135961472988,0,0.014166103675961494,0,0.019105788320302963,0
973,1,317,long,0.014267107471823692,0,3.1677780498284847e-05,0,0.006223115138709545,0,0.038417138159275055,0,0.05108299106359482,0
974,1,308,long,0.0034556349273771048,0,1.742421773087699e-05,0,0.001299120020121336,0,0.002066107001155615,0,0.0031627602875232697,0
975,1,300,long,0.9988011121749878,1,0.00019940412312280387,0,0.3158028721809387,0,0.3705087900161743,0,0.39914536476135254,0
976,1,286,long,0.2695847153663635,0,0.0007858751923777163,0,0.03841603547334671,0,0.37432658672332764,0,0.43536698818206787,0
977,1,325,long,0.0035759247839450836,0,4.7602552513126284e-05,0,0.027692586183547974,0,0.21197707951068878,0,0.24446091055870056,0
978,1,303,long,0.011604043655097485,0,2.6064390112878755e-05,0,0.025446102023124695,0,0.02085038647055626,0,0.024287203326821327,0
979,1,288,long,0.0015101706376299262,0,2.5968101908802055e-05,0,0.0002511475468054414,0,0.0006446411716751754,0,0.000889697577804327,0
980,1,292,long,0.0008401817176491022,0,1.542370046081487e-05,0,0.0020843022502958775,0,0.005793700460344553,0,0.00708865188062191,0
981,1,303,long,0.00878880638629198,0,0.0004030819109175354,0,0.3472938537597656,0,0.8620756268501282,1,0.884909451007843,1
982,1,303,long,0.0022830204106867313,0,2.3426993720931932e-05,0,0.0045586880296468735,0,0.009338321164250374,0,0.012813335284590721,0
983,1,326,long,0.6386866569519043,1,0.0006045523914508522,0,0.07031799852848053,0,0.37704139947891235,0,0.4094867408275604,0
984,1,293,long,0.00845610722899437,0,8.16885003587231e-05,0,0.007240999490022659,0,0.1591171771287918,0,0.17139966785907745,0
985,1,319,long,0.000388527347240597,0,2.6295829229638912e-05,0,0.004005588125437498,0,0.006425210274755955,0,0.00820782221853733,0
986,1,312,long,0.6201255321502686,1,0.0002233541599707678,0,0.2030484825372696,0,0.48130863904953003,0,0.5325654745101929,1
987,1,301,long,0.00047743157483637333,0,5.4850184824317694e-05,0,0.01662394218146801,0,0.07114680856466293,0,0.0854569748044014,0
988,1,309,long,0.008253826759755611,0,3.6323504900792614e-05,0,0.0332171730697155,0,0.029897009953856468,0,0.04276712238788605,0
989,1,288,long,0.0012444378808140755,0,2.333241172891576e-05,0,0.061445076018571854,0,0.2693297863006592,0,0.4232081174850464,0
990,1,283,long,0.46849310398101807,0,3.729850868694484e-05,0,0.018867909908294678,0,0.04927029460668564,0,0.050064343959093094,0
991,1,294,long,0.002261899644508958,0,0.00027484746533446014,0,0.15664203464984894,0,0.6931204199790955,1,0.7549545764923096,1
992,1,311,long,0.0012802984565496445,0,1.216959299199516e-05,0,0.00711157638579607,0,0.033238280564546585,0,0.04629920423030853,0
993,1,347,long,0.6858541369438171,1,5.612547101918608e-05,0,0.01124151237308979,0,0.049998946487903595,0,0.07381417602300644,0
994,1,295,long,0.40807756781578064,0,2.1183068383834325e-05,0,0.016397571191191673,0,0.04448411241173744,0,0.06367693841457367,0
995,1,292,long,0.0024274440947920084,0,4.641907798941247e-05,0,0.016205957159399986,0,0.03576785698533058,0,0.025346431881189346,0
996,1,307,long,0.0009241820662282407,0,6.3323464019049425e-06,0,0.0010809622472152114,0,0.002477256814017892,0,0.0040306574665009975,0
997,1,299,long,0.0006203901139087975,0,1.175977558887098e-05,0,0.0029366854578256607,0,0.007427539210766554,0,0.01080439891666174,0
998,1,316,long,0.0010373078985139728,0,2.666057480382733e-05,0,0.01851184293627739,0,0.14485453069210052,0,0.16411669552326202,0
999,1,286,long,0.010234909132122993,0,0.00036449969047680497,0,0.06951218843460083,0,0.33281439542770386,0,0.2883898615837097,0
